Name,Location,Locality,City,Cuisine,Rating,Votes,Cost
Tamasha,"Connaught Place, Central Delhi", Central Delhi,Delhi,"Finger Food,  North Indian,  Italian,  Continental,  Asian",4.2,5016,2000
Boa Village,"The Exchange Store Building,Civil Lines, North Delhi", North Delhi,Delhi,"Asian,  Chinese,  Japanese,  Korean",4.4,4265,2000
Byg Brewski Brewing Company,"Sarjapur Road, South Bangalore", South Bangalore,Bangalore,"North Indian,  Italian,  Continental,  South Indian,  Thai,  Finger Food",4.4,3500,1500
AIR An Ivory Region,"Punjabi Bagh, West Delhi", West Delhi,Delhi,"North Indian,  Continental,  Oriental ,  Italian,  Street Food",4,3270,1200
TOS - Take Off Scarlet,"Punjabi Bagh, West Delhi", West Delhi,Delhi,"Multi-Cuisine,  North Indian,  Italian,  Chinese,  Continental",3.9,3055,1200
The Junkyard Cafe,"Connaught Place, Central Delhi", Central Delhi,Delhi,"North Indian,  Mediterranean,  Asian,  Italian,  Oriental ",4.2,2821,1800
Flechazo,"Sun Towers,Madhapur, West Hyderabad", West Hyderabad,Hyderabad,Multi-Cuisine,4.1,2707,1300
Jazbaa Lounge and Bar,"Rajouri Garden, West Delhi", West Delhi,Delhi,"Multi-Cuisine,  North Indian,  Italian,  Chinese,  Asian,  Mughlai",4.1,2696,1600
Lord of the Drinks,"Connaught Place, Central Delhi", Central Delhi,Delhi,"Multi-Cuisine,  North Indian,  Continental,  Japanese,  Oriental ",4.2,2694,2000
Uncultured Cafe & Bar,"Kailash Colony, South Delhi", South Delhi,Delhi,"Multi-Cuisine,  North Indian,  Italian,  Chinese,  Continental,  Finger Food",4.3,2548,1500
My Bar Headquarters,"Connaught Place, Central Delhi", Central Delhi,Delhi,"Finger Food,  North Indian,  Italian,  Chinese",4.1,2503,1500
The Barbeque Company,"Jail Road, West Delhi", West Delhi,Delhi,"North Indian,  Barbecue,  Chinese",4.3,2478,2100
Spice Factory,"White Square Building,Hinjewadi, West Pune", West Pune,Pune,"North Indian,  Finger Food",4.1,2478,1700
Station Bar,"F-Block,Connaught Place, Central Delhi", Central Delhi,Delhi,"Multi-Cuisine,  North Indian,  Italian,  Continental,  Mediterranean,  Oriental ",4.1,2428,2000
Qubitos - The Terrace Cafe,"Rajouri Garden, West Delhi", West Delhi,Delhi,"Multi-Cuisine,  North Indian,  Italian,  Thai,  Mexican,  European",4.1,2422,1500
Local,"Scindia House,Connaught Place, Central Delhi", Central Delhi,Delhi,"North Indian,  Finger Food,  Continental",4.1,2415,2000
Boombox Cafe,"Rajouri Garden, West Delhi", West Delhi,Delhi,"Arabian,  North Indian,  Continental,  Mexican,  Oriental ",4.1,2399,2500
Byg Brewski Brewing Company,"Hennur, North Bangalore", North Bangalore,Bangalore,"North Indian,  Italian,  Continental,  Thai,  Finger Food",4.3,2384,1500
Biergarten,"Whitefield, East Bangalore", East Bangalore,Bangalore,"Continental,  Finger Food,  American",4.4,2371,2400
The G.T. ROAD,"M-Block,Connaught Place, Central Delhi", Central Delhi,Delhi,North Indian,4.3,2363,1500
Warehouse Cafe,"Connaught Place, Central Delhi", Central Delhi,Delhi,"North Indian,  Fusion,  Italian,  Chinese",4.1,2335,2500
Imly,"Rajouri Garden, West Delhi", West Delhi,Delhi,"Street Food,  North Indian,  Chinese,  South Indian,  Fast Food",4.1,2243,800
1 Oak Cafe & Bar,"Defence Colony, South Delhi", South Delhi,Delhi,"Finger Food,  Italian,  Continental,  Asian",4.2,2118,1600
736 AD Cafe & Bar,"Vijay Nagar, North Delhi", North Delhi,Delhi,"Multi-Cuisine,  Italian,  Chinese,  Continental,  Lebanese",4.2,2062,1500
The Barbeque Company,"Sector 29, Gurgaon", Gurgaon,Gurgaon,"North Indian,  Barbecue,  Chinese",4.3,1944,1800
ABs - Absolute Barbecues,"Pammasani Complex,Jubilee Hills, Central West Hyderabad", Central West Hyderabad,Hyderabad,"North Indian,  Barbecue,  Seafood",4.3,1911,1200
The Flying Saucer,"Epicuria Food Mall,Nehru Place, South Delhi", South Delhi,Delhi,"Finger Food,  North Indian,  Italian,  Continental,  Mediterranean,  Oriental ",4.1,1832,2800
Unplugged Courtyard,"Connaught Place, Central Delhi", Central Delhi,Delhi,"North Indian,  Continental",4.1,1817,2000
Chili's American Grill and Bar,"DLF Mall of India,Sector 18, Noida", Noida,Noida,"Mexican,  American,  Italian",4.4,1789,2000
Teddy Boy,"Connaught Place, Central Delhi", Central Delhi,Delhi,"North Indian,  Continental,  Italian,  Chinese",4.2,1753,2000
Fly Kouzina,"Salt Lake, East Kolkata", East Kolkata,Kolkata,"North Indian,  Oriental ,  Western",4.4,1735,1200
The Druid Garden,"Sahakara Nagar, North Bangalore", North Bangalore,Bangalore,"Multi-Cuisine,  North Indian,  Continental,  Mediterranean,  European,  Asian",4.3,1730,1200
Spice Factory,"Goodwill Landmark,Kharadi, East Pune", East Pune,Pune,"North Indian,  Finger Food",4.1,1683,1700
Castle Barbeque,"Pacific Mall,Tagore Garden, West Delhi", West Delhi,Delhi,"North Indian,  Chinese",4,1652,2000
Informal By Imperfecto,"Janpath, Central Delhi", Central Delhi,Delhi,"Multi-Cuisine,  Italian,  Continental,  Thai,  Oriental ",4.1,1634,2400
The Sky High,"Ansal Plaza Mall,Khel Gaon, South Delhi", South Delhi,Delhi,"Multi-Cuisine,  North Indian,  Italian,  Chinese,  Continental,  Mughlai",4.2,1629,2000
The Darzi Bar & Kitchen,"Connaught Place, Central Delhi", Central Delhi,Delhi,"Multi-Cuisine,  North Indian,  Italian,  Continental,  Mexican,  European,  Oriental ",4.1,1624,2000
JW Kitchen,"JW Marriott Hotel Kolkata,JBS Haldane Avenue, South Kolkata", South Kolkata,Kolkata,"Multi-Cuisine,  North Indian,  Italian,  Continental,  Mediterranean",4.4,1550,3000
Cafe MRP,"Connaught Place, Central Delhi", Central Delhi,Delhi,"North Indian,  Italian,  Oriental ",4.2,1534,1400
Ministry Of Beer,"M-Block,Connaught Place, Central Delhi", Central Delhi,Delhi,"Finger Food,  North Indian,  Italian,  Continental,  Oriental ,  Fusion",4,1501,2100
Ohri's - Sahib’s Barbeque,"Cyber Grub,Hitech City, West Hyderabad", West Hyderabad,Hyderabad,"North Indian,  Barbecue,  Hyderabadi,  Awadhi",4.1,1501,1500
Spezia Bistro,"Hudson Lane, North Delhi", North Delhi,Delhi,"Fast Food,  Italian,  Continental,  Oriental ",4.5,1482,1200
The Salt Cafe Kitchen & Bar,"Preet Vihar, East Delhi", East Delhi,Delhi,"Multi-Cuisine,  North Indian,  Italian,  Chinese,  American",4.3,1479,2000
Cafe Delhi Heights,"DLF Mall of India,Sector 18, Noida", Noida,Noida,"Modern Indian,  Italian,  Continental,  American",4.4,1479,2000
Tippling Street,"Rajouri Garden, West Delhi", West Delhi,Delhi,"North Indian,  Chinese,  Continental,  Asian",4.3,1435,1800
Amogham - The Lake View Restaurant,"Khairatabad, Central Hyderabad", Central Hyderabad,Hyderabad,"Multi-Cuisine,  North Indian,  Chinese,  Continental,  Mughlai",3.8,1427,1000
Farzi Cafe,"Connaught Place, Central Delhi", Central Delhi,Delhi,"Modern Indian,  Continental,  Finger Food",4.2,1410,2000
Ohri's - Nautanki Gali,"Hitech City, West Hyderabad", West Hyderabad,Hyderabad,"North Indian,  Chinese,  Continental,  South Indian,  Mediterranean,  Indian Cuisine",3.8,1405,1100
Imperfecto,"Gardens Galleria,Sector 38A, Noida", Noida,Noida,"Multi-Cuisine,  North Indian,  Mediterranean",4,1403,2400
Ardor 2.1 Restaurant and Lounge,"Connaught Place, Central Delhi", Central Delhi,Delhi,"Multi-Cuisine,  North Indian,  Italian,  Chinese,  Continental,  Seafood",3.9,1391,2000
Berco's,"Connaught Place, Central Delhi", Central Delhi,Delhi,"Chinese,  Thai",4.3,1378,1500
The Barbeque Company,"Karkardooma, East Delhi", East Delhi,Delhi,"North Indian,  Barbecue,  Chinese",4.3,1372,2100
Imly,"Ashok Vihar Phase - 2, North Delhi", North Delhi,Delhi,"Street Food,  North Indian,  Chinese,  South Indian,  Fast Food",4.2,1363,800
Cafe Delhi Heights,"Cyber Hub,DLF Cyber City, Gurgaon", Gurgaon,Gurgaon,"Continental,  Modern Indian,  Italian,  American",4.4,1344,2000
Angrezi Dhaba,"Nakshtra Mall,Dadar West, South Mumbai", South Mumbai,Mumbai,"North Indian,  Chinese,  Asian,  Seafood,  Mughlai",4.1,1343,1500
Molecule Air Bar,"Sector 29, Gurgaon", Gurgaon,Gurgaon,"North Indian,  Italian,  Chinese,  Continental,  Mediterranean,  Asian",4.3,1342,2800
Platform 65,"PNR Empire,Kukatpally, West Hyderabad", West Hyderabad,Hyderabad,"North Indian,  Chinese",4,1339,1200
ABs - Absolute Barbecues,"Apurupa Silpi,Gachibowli, West Hyderabad", West Hyderabad,Hyderabad,"North Indian,  Barbecue,  Seafood",4.4,1335,1200
Raize The Bar,"Godrej Waterside,Salt Lake, East Kolkata", East Kolkata,Kolkata,"North Indian,  Italian,  Chinese",4.4,1335,2000
Lord of the Drinks Drinks Chamber,"Rajouri Garden, West Delhi", West Delhi,Delhi,"Multi-Cuisine,  North Indian,  Continental,  Oriental ",4.2,1333,2300
38 Barracks,"M-Block,Connaught Place, Central Delhi", Central Delhi,Delhi,"North Indian,  Italian,  Chinese,  Continental",4.3,1301,1700
Clue,"Punjabi Bagh, West Delhi", West Delhi,Delhi,"North Indian,  Italian,  Continental,  Chinese,  Oriental ,  Street Food",3.9,1296,1500
Xpose Lounge,"ITL Twin Tower,Netaji Subhash Place, North Delhi", North Delhi,Delhi,"North Indian,  Chinese,  Finger Food",3.9,1294,1700
ABs - Absolute Barbecues,"Banjara Hills, Central East Hyderabad", Central East Hyderabad,Hyderabad,"North Indian,  Barbecue,  Seafood",4.4,1294,1200
Carpe Diem,"Park Street, Central Kolkata", Central Kolkata,Kolkata,"Multi-Cuisine,  North Indian,  Italian,  Chinese,  Continental",4.5,1289,1600
Lazeez Affaire,"Malcha Marg Shopping Complex,Chanakyapuri, South Delhi", South Delhi,Delhi,"North Indian,  Chinese,  Mughlai",4.4,1275,2600
Openhouse Cafe,"Connaught Place, Central Delhi", Central Delhi,Delhi,"Multi-Cuisine,  North Indian,  Italian,  Continental,  American,  Asian,  Modern Indian",4.2,1272,2200
Master Of Malts,"Scindia House,Connaught Place, Central Delhi", Central Delhi,Delhi,"Continental,  Finger Food,  North Indian,  Italian,  Mediterranean,  European,  Asian",4.1,1269,2000
Smoke Hub Barbeque,"Velachery, South West Chennai", South West Chennai,Chennai,"North Indian,  Barbecue",4,1257,1800
Cafe Delhi Heights,"Pacific Mall,Tagore Garden, West Delhi", West Delhi,Delhi,"Modern Indian,  Italian,  Continental,  American",4.5,1251,2000
Raftaar - The High Speed Bar and Lounge,"Punjabi Bagh, West Delhi", West Delhi,Delhi,"Continental,  North Indian,  Italian",4.2,1229,1600
Vapour Brewpub and Diner,"Bren Mercury,Sarjapur Road, South Bangalore", South Bangalore,Bangalore,"Multi-Cuisine,  North Indian,  Italian,  Continental,  Asian",4.3,1213,1700
ABs - Absolute Barbecues,"CPR Towers,BTM Layout, South Bangalore", South Bangalore,Bangalore,"North Indian,  Barbecue,  Seafood",4.5,1203,1200
Chili's American Grill and Bar,"Ambience Mall,Vasant Kunj, South Delhi", South Delhi,Delhi,"Mexican,  American,  Italian",4.5,1202,2000
Nawwarah Dine Lounge & Sweets,"Ballygunge, South Kolkata", South Kolkata,Kolkata,"North Indian,  Chinese,  Continental",4.2,1202,1400
The Bikers Cafe,"Platinum Mall,Elgin Road, South Kolkata", South Kolkata,Kolkata,"Italian,  Continental,  European",4.3,1201,1100
Off Campus,"Satya Niketan, South Delhi", South Delhi,Delhi,"North Indian,  Italian,  Continental,  Fast Food",4.2,1157,1000
Chili's American Grill and Bar,"Pacific Mall,Tagore Garden, West Delhi", West Delhi,Delhi,"Mexican,  American,  Italian",4.5,1157,2000
36 Downtown,"Jubilee Hills, Central West Hyderabad", Central West Hyderabad,Hyderabad,"North Indian,  Continental",4.3,1154,2500
The Caravan Menu,"Sun Magnetica Building,Thane West, Thane", Thane,Mumbai,"North Indian,  Chinese,  Fast Food",4.3,1148,1600
Warehouse Cafe,"Sector 29, Gurgaon", Gurgaon,Gurgaon,"North Indian,  Fusion,  Italian,  Chinese",4.1,1107,2500
TEO - Lounge & Bar,"Punjabi Bagh, West Delhi", West Delhi,Delhi,"North Indian,  Oriental ,  Italian",3.9,1098,1200
Chili's American Grill and Bar,"M-Block,Connaught Place, Central Delhi", Central Delhi,Delhi,"Mexican,  American,  Italian",4.4,1094,2000
The Fisherman's Wharf,"Sarjapur Road, South Bangalore", South Bangalore,Bangalore,"Seafood,  North Indian,  Continental,  Goan",4.2,1094,1600
1522 - The Pub,"New BEL Road, North Bangalore", North Bangalore,Bangalore,"North Indian,  Multi-Cuisine,  Chinese,  Continental,  Coastal",4.4,1088,1400
Sandoz,"Rajouri Garden, West Delhi", West Delhi,Delhi,"North Indian,  Chinese",4.4,1082,1200
ABs - Absolute Barbecues,"MGF Metropolis Mall,MG Road, Gurgaon", Gurgaon,Gurgaon,"North Indian,  Mediterranean,  European,  Barbecue,  Seafood",4.5,1080,1800
Judge & Jury,"Vijay Nagar, North Delhi", North Delhi,Delhi,"Multi-Cuisine,  North Indian,  Italian,  Chinese,  American",4.1,1076,1400
Smoky Pitara,"Sreshta Aura,Jubilee Hills, Central West Hyderabad", Central West Hyderabad,Hyderabad,"North Indian,  Continental,  Oriental ",3.9,1076,1300
Red Rhino,"Uptown Square,Whitefield, East Bangalore", East Bangalore,Bangalore,"Multi-Cuisine,  Finger Food,  North Indian,  Continental,  South Indian,  Mediterranean,  Asian",4.3,1073,1500
Antidot Waterbar and Cafe,"Safdarjung Enclave Market,Safdarjung, South Delhi", South Delhi,Delhi,"Multi-Cuisine,  Italian,  Continental,  Asian,  Modern Indian",4.2,1071,3000
The Big Barbeque,"Marathahalli, East Bangalore", East Bangalore,Bangalore,"Barbecue,  Chinese,  Continental",4.1,1066,1800
Cafe Delhi Heights,"Sangam Courtyard,RK Puram, South Delhi", South Delhi,Delhi,"Modern Indian,  Italian,  Continental,  American",4.5,1046,2000
Hammered,"Cunningham Road, Central Bangalore", Central Bangalore,Bangalore,"North Indian,  Thai",4.3,1038,1200
The Luggage Room By Sandoz,"M-Block,Connaught Place, Central Delhi", Central Delhi,Delhi,"Multi-Cuisine,  North Indian,  Italian,  Chinese,  Continental",4,1022,1800
I Sacked Newton,"Logix City Centre Mall,Sector 32, Noida", Noida,Noida,"Multi-Cuisine,  North Indian,  Italian,  Continental,  Thai,  Mediterranean,  Japanese,  Oriental ",4.1,1014,1800
Roots,"RNS Square,Koramangala, South Bangalore", South Bangalore,Bangalore,"North Indian,  Chinese,  Seafood,  Mughlai",4.4,1013,1500
Sixth Empirica,"Punjabi Bagh, West Delhi", West Delhi,Delhi,"North Indian,  Italian,  Chinese,  Continental",4.1,1008,1200
Stories Brewery and Kitchen,"BTM Layout, South Bangalore", South Bangalore,Bangalore,"Continental,  North Indian",4.3,994,2000
Biergarten,"Koramangala, South Bangalore", South Bangalore,Bangalore,"Continental,  Finger Food,  North Indian,  South Indian",4.4,990,2400
Band Baaja Baaraat,"Rajouri Garden, West Delhi", West Delhi,Delhi,North Indian,3.9,986,1500
The Reservoire,"Koramangala, South Bangalore", South Bangalore,Bangalore,"North Indian,  Finger Food,  Continental,  Asian,  Pizza",4.3,974,1400
SkyHouse,"Logix City Centre Mall,Sector 32, Noida", Noida,Noida,"Finger Food,  North Indian,  Italian,  Chinese,  Continental",4.2,969,2300
Chili's American Grill and Bar,"Ambience Mall,DLF Phase - 3, Gurgaon", Gurgaon,Gurgaon,"Mexican,  American,  Italian",4.5,967,2000
QBA,"Connaught Place, Central Delhi", Central Delhi,Delhi,"Multi-Cuisine,  North Indian,  Italian,  Continental,  Oriental ",4.3,963,2100
A'La Liberty,"Cyber Grub,Hitech City, West Hyderabad", West Hyderabad,Hyderabad,"Multi-Cuisine,  North Indian,  Italian,  Continental,  Asian",4.2,957,1300
ABs - Absolute Barbecues,"Thyagaraya Nagar, Central Chennai", Central Chennai,Chennai,"North Indian,  Barbecue,  Mediterranean,  European",4.3,953,1400
ABs - Absolute Barbecues,"Inorbit Mall,Madhapur, West Hyderabad", West Hyderabad,Hyderabad,"North Indian,  Barbecue,  Seafood",4.4,949,1200
Plum By Bent Chair,"Worldmark 2,Aerocity, South Delhi", South Delhi,Delhi,"Asian,  Continental,  Japanese,  Pizza,  Sushi",4.3,947,3000
Seasonings - The Spice Mysteries,"Ashok Vihar Phase - 2, North Delhi", North Delhi,Delhi,"Multi-Cuisine,  North Indian,  Italian,  Chinese,  Continental,  Mughlai",4.1,945,1600
Social,"Koramangala, South Bangalore", South Bangalore,Bangalore,"Multi-Cuisine,  North Indian,  Chinese,  Pizza,  Drinks,  Burger",4.3,944,1500
Vedge,"Near Andheri West Station, Andheri West", Andheri West,Mumbai,"Multi-Cuisine,  North Indian,  Italian,  Mexican,  Asian",4.2,941,1500
Verandah Moonshine,"Punjabi Bagh, West Delhi", West Delhi,Delhi,"North Indian,  Fast Food",4.2,939,1500
Sura Vie,"Punjabi Bagh, West Delhi", West Delhi,Delhi,"Multi-Cuisine,  North Indian,  Italian,  Chinese",4.2,925,1800
Oh My God,"F-Block,Connaught Place, Central Delhi", Central Delhi,Delhi,"North Indian,  Italian,  Chinese,  Continental",4.1,922,2200
Lord of the Drinks Forum,"Epicuria Food Mall,Nehru Place, South Delhi", South Delhi,Delhi,"Multi-Cuisine,  North Indian,  Continental,  Oriental ",4.2,919,2000
Mystique Melange,"Ashok Vihar Phase - 2, North Delhi", North Delhi,Delhi,"Multi-Cuisine,  North Indian,  Italian,  Continental,  Thai,  Lebanese,  Oriental ",4.2,916,1800
Chai Break,"RDB Boulevard,Salt Lake, East Kolkata", East Kolkata,Kolkata,"Fast Food,  Tea,  Italian,  Chinese",4.2,915,1100
Duty Free | Vayu,"Sector 29, Gurgaon", Gurgaon,Gurgaon,"Multi-Cuisine,  North Indian,  Italian,  Chinese,  Continental,  Mexican",4.1,911,2200
Over The Top - BBQ Grill,"Janakpuri, West Delhi", West Delhi,Delhi,"North Indian,  Italian,  Oriental ",3.7,908,1400
Level Seven,"Topsia, East Kolkata", East Kolkata,Kolkata,"North Indian,  Continental,  Italian",4.1,906,1800
Yauatcha,"Raheja Towers,Bandra Kurla Complex, Bandra", Bandra,Mumbai,"Chinese,  Seafood,  Asian",4.6,904,3000
Uno Chicago Bar & Grill,"Kankurgachhi, East Kolkata", East Kolkata,Kolkata,"American,  Italian,  Continental",4.4,900,1500
MKT,"The Chanakya,Chanakyapuri, South Delhi", South Delhi,Delhi,"Multi-Cuisine,  North Indian,  Italian,  Mexican,  European,  Seafood,  Asian",4.5,899,1900
Olive Bar & Kitchen,"Mehrauli, South Delhi", South Delhi,Delhi,"Continental,  Italian,  Mediterranean,  European",4.5,897,3000
K Local,"City Centre 1,Salt Lake, East Kolkata", East Kolkata,Kolkata,"Multi-Cuisine,  North Indian,  Italian,  Continental,  Asian",4.1,897,1500
Kouzina Mining Co.,"Salt Lake, East Kolkata", East Kolkata,Kolkata,"North Indian,  Chinese,  Continental",4.3,895,1600
Farzi Cafe,"UB City,Vittal Mallya Road, Central Bangalore", Central Bangalore,Bangalore,Modern Indian,4.3,890,1500
Barbeque Nation,"Savoy Suites,Sector 16, Noida", Noida,Noida,"North Indian,  Barbecue,  Mughlai",4.5,888,1700
Smoke Hub Barbeque,"Saligramam, West Chennai", West Chennai,Chennai,"North Indian,  Barbecue",3.8,885,1800
Cafe Delhi Heights,"Worldmark 3,Aerocity, South Delhi", South Delhi,Delhi,"Modern Indian,  Italian,  Continental,  American",4.3,884,2000
Cafe After Hours,"City Centre Mall,Dwarka, West Delhi", West Delhi,Delhi,"Multi-Cuisine,  North Indian,  Italian,  Chinese,  Continental",4.2,883,1800
Desi Vibes,"Connaught Place, Central Delhi", Central Delhi,Delhi,"North Indian,  Mughlai",4.2,881,2200
Ohri's Jiva,"Begumpet, Secunderabad", Secunderabad,Hyderabad,"North Indian,  Chinese,  Rajasthani,  Fast Food",4.1,881,1100
The Biere Club,"Vittal Mallya Road, Central Bangalore", Central Bangalore,Bangalore,"Continental,  Finger Food",4.3,878,1700
Glocal Junction,"Nehru Centre,Worli, South Mumbai", South Mumbai,Mumbai,"Continental,  Fast Food,  North Indian,  European",4.4,875,2200
Desi Vibes,"Sector 18, Noida", Noida,Noida,"North Indian,  Mughlai",4.4,870,1700
ABs - Absolute Barbecues,"Marathahalli, East Bangalore", East Bangalore,Bangalore,"North Indian,  Barbecue,  Seafood",4.3,858,1200
Stories Bar and Kitchen,"Rajajinagar, West Bangalore", West Bangalore,Bangalore,"Continental,  North Indian,  Italian,  Chinese",4.2,854,800
Sandoz,"Ashok Vihar Phase - 2, North Delhi", North Delhi,Delhi,"North Indian,  Chinese",4.3,851,1000
ShakesBierre,"Eva Mall,Brigade Road, Central Bangalore", Central Bangalore,Bangalore,"North Indian,  Italian,  Pizza",4.3,851,1800
Imperfecto,"Logix City Centre Mall,Sector 32, Noida", Noida,Noida,"Multi-Cuisine,  North Indian,  Continental,  Mediterranean,  Oriental ,  Fast Food",3.9,847,2400
Lazeez Affaire,"Connaught Place, Central Delhi", Central Delhi,Delhi,"North Indian,  Mughlai",4.2,845,2600
Gram by Taksim,"Ansal Plaza Mall,Khel Gaon, South Delhi", South Delhi,Delhi,"North Indian,  Asian,  Italian,  European",4.1,844,2200
TFO - The Factory Outlet,"Westside Building,Camac Street, Central Kolkata", Central Kolkata,Kolkata,"Finger Food,  Italian,  Mediterranean,  European",4.3,840,1500
Green House - The Beer Garden,"Eros City Square,Sector 49, Gurgaon", Gurgaon,Gurgaon,"Multi-Cuisine,  North Indian,  Italian,  Continental,  Mexican,  Mediterranean,  European,  Oriental ",4.5,836,2100
Caffe Tonino,"PVR Plaza,Connaught Place, Central Delhi", Central Delhi,Delhi,Italian,4.5,826,2000
Cyber Hub Social,"Cyber Hub,DLF Cyber City, Gurgaon", Gurgaon,Gurgaon,"North Indian,  Continental,  American,  Italian,  Oriental ",4.4,819,2000
Dramz,"Mehrauli, South Delhi", South Delhi,Delhi,"Multi-Cuisine,  North Indian,  Continental,  European,  Oriental ",4.1,816,2400
The Chatter House,"Epicuria Food Mall,Nehru Place, South Delhi", South Delhi,Delhi,"North Indian,  Italian,  Continental",4.2,815,2000
Cafe Delhi Heights,"Rajouri Garden, West Delhi", West Delhi,Delhi,"Continental,  Modern Indian,  Italian,  American",4.5,809,2000
Barbeque Nation,"ANR Center,Banjara Hills, Central East Hyderabad", Central East Hyderabad,Hyderabad,"Barbecue,  North Indian,  Mediterranean",4.3,808,1400
Chili's American Grill and Bar,"Quest Mall,Ballygunge, South Kolkata", South Kolkata,Kolkata,"Mexican,  American",4.4,807,1500
Barbeque Nation,"Park Center Building,Park Street, Central Kolkata", Central Kolkata,Kolkata,"Barbecue,  North Indian,  Chinese,  Mughlai",4.5,800,1500
64/6,"Country Inn and Suites By Radisson-Sahibabad,Sahibabad, Ghaziabad", Ghaziabad,Ghaziabad,"North Indian,  Chinese,  Continental",4.6,799,3000
Smoke House Deli,"DLF Promenade Mall,Vasant Kunj, South Delhi", South Delhi,Delhi,"Italian,  European,  American",4.4,799,2200
A'La Liberty,"Leela Gopal Towers,Banjara Hills, Central East Hyderabad", Central East Hyderabad,Hyderabad,"Multi-Cuisine,  North Indian,  Italian,  Continental,  Asian",4.1,791,800
90ft Above,"Vini Elegance,Borivali West, North Western", North Western,Mumbai,"North Indian,  Chinese",4.1,788,1200
The G.T. Road,"Sector 26, East Chandigarh", East Chandigarh,Chandigarh,"North Indian,  Mughlai",4.3,788,1500
Boombox Brewstreet,"Sector 29, Gurgaon", Gurgaon,Gurgaon,"Arabian,  North Indian,  Italian,  Continental,  Oriental ",4.2,778,2500
Cafe Delhi Heights,"Janpath, Central Delhi", Central Delhi,Delhi,"Modern Indian,  Italian,  Continental,  American",4.4,776,2000
Exotica,"12th Square Building,Banjara Hills, Central East Hyderabad", Central East Hyderabad,Hyderabad,"North Indian,  Chinese,  Mughlai",4.4,775,2800
Over The Moon Brew Company,"Gachibowli, West Hyderabad", West Hyderabad,Hyderabad,"Multi-Cuisine,  North Indian,  Continental,  Asian",4.2,771,2500
Fisco Restobar,"Kandivali West, North Western", North Western,Mumbai,"Multi-Cuisine,  North Indian,  Italian,  Chinese,  Continental",4.3,767,2000
The Lal Street - Bar Stock Exchange,"SLN Terminus,Gachibowli, West Hyderabad", West Hyderabad,Hyderabad,"North Indian,  Finger Food,  Pizza",4.1,767,1600
Cafe Delhi Heights,"Ambience Mall,DLF Phase - 3, Gurgaon", Gurgaon,Gurgaon,"Continental,  Modern Indian,  Italian,  American,  Asian",4.4,763,2000
Time Machine,"Gardens Galleria,Sector 38A, Noida", Noida,Noida,"Multi-Cuisine,  North Indian,  Italian,  Continental,  Oriental ",4.2,759,3000
Barbeque Nation,"RDB Boulevard,Salt Lake, East Kolkata", East Kolkata,Kolkata,"Barbecue,  North Indian,  Chinese,  Mughlai",4.6,756,1500
Hakuna Matata,"JP Nagar, South Bangalore", South Bangalore,Bangalore,"North Indian,  Chinese,  Thai,  Seafood",4.6,755,1000
Summer House Cafe,"DDA Shopping Complex,Hauz Khas, South Delhi", South Delhi,Delhi,"Italian,  Mediterranean,  Finger Food",4.2,750,2300
Jonathan's Kitchen,"Fairfield by Marriott Hyderabad Gachibowli,Gachibowli, West Hyderabad", West Hyderabad,Hyderabad,"Multi-Cuisine,  North Indian,  Italian,  Japanese,  European",4.2,746,1800
Nehru Place Social,"Epicuria Food Mall,Nehru Place, South Delhi", South Delhi,Delhi,"North Indian,  Continental,  American,  Chinese",4.4,741,2000
Pirates Of Grill,"MGF Mega City Mall,MG Road, Gurgaon", Gurgaon,Gurgaon,"North Indian,  Continental,  Mughlai",4.5,736,2000
ABs - Absolute Barbecues,"Whitefield, East Bangalore", East Bangalore,Bangalore,"North Indian,  Barbecue,  Seafood",4.3,736,1200
Revolt Jubilee Hills,"Jubilee Hills, Central West Hyderabad", Central West Hyderabad,Hyderabad,"Italian,  Chinese,  Finger Food,  North Indian",3.9,731,2000
AB's - Absolute Barbecues,"Salt Lake, East Kolkata", East Kolkata,Kolkata,"North Indian,  Barbecue,  Seafood",4.3,730,1200
Hammered,"New BEL Road, North Bangalore", North Bangalore,Bangalore,"North Indian,  Chinese",4.2,729,1200
Please Don't Talk,"Ho Chi Minh Sarani, Central Kolkata", Central Kolkata,Kolkata,"Italian,  North Indian,  Japanese,  Lebanese",4.3,725,2000
Chili's American Grill and Bar,"DLF Avenue,Saket, South Delhi", South Delhi,Delhi,"Mexican,  American,  Italian",4.3,724,2000
Global Fusion,"Times Square Tech Park,Sakinaka, Andheri East", Andheri East,Mumbai,"North Indian,  Chinese,  Sushi",4.5,716,2000
Farzi Cafe,"Cyber Hub,DLF Cyber City, Gurgaon", Gurgaon,Gurgaon,"Modern Indian,  Continental,  Finger Food",4.3,715,2000
Barbeque Nation,"JP Nagar, South Bangalore", South Bangalore,Bangalore,"Barbecue,  North Indian,  Drinks",4.5,714,1800
Caafe 360 Degree,"Kankurgachhi, East Kolkata", East Kolkata,Kolkata,"Fast Food,  Italian,  Chinese,  Shakes",4.5,714,1000
Ghoomar Traditional Thali Restaurant,"Connaught Place, Central Delhi", Central Delhi,Delhi,Rajasthani,4.2,712,1000
Cafe Hawkers,"Connaught Place, Central Delhi", Central Delhi,Delhi,"North Indian,  Italian,  Fast Food",4.3,712,1200
Jalpaan,"Oasis Centre,Begumpet, Secunderabad", Secunderabad,Hyderabad,"North Indian,  Italian,  Chinese,  Continental",4.1,712,1200
The Grand Trunk Road,"Madhapur, West Hyderabad", West Hyderabad,Hyderabad,"North Indian,  Chinese,  South Indian",4,712,1100
Del,"Roseate House,Aerocity, South Delhi", South Delhi,Delhi,"Multi-Cuisine,  North Indian,  Italian,  Chinese,  Continental,  European,  Asian,  Sushi",4.5,708,5000
The Drunken Botanist,"Cyber Hub,DLF Cyber City, Gurgaon", Gurgaon,Gurgaon,"Multi-Cuisine,  North Indian,  Italian,  Continental,  Japanese,  Asian",4.4,705,2600
United Coffee House Rewind,"DLF Mall of India,Sector 18, Noida", Noida,Noida,"Multi-Cuisine,  North Indian,  Mediterranean,  European,  Asian,  Coffee,  Tea",4.2,704,3000
Ozora,"Acropolis Mall,Kasba, South Kolkata", South Kolkata,Kolkata,"Continental,  Finger Food,  North Indian,  Chinese",4.1,703,2700
Beach N Brew,"Sector 26, East Chandigarh", East Chandigarh,Chandigarh,"North Indian,  Continental,  Chinese",4.4,703,1800
Chili’s American Grill and Bar,"Ventura Building,Powai, Powai", Powai,Mumbai,"Mexican,  American,  Fast Food",4.2,699,2000
PizzaExpress,"Bandra East, Bandra", Bandra,Mumbai,"European,  Fast Food,  Italian",4.5,699,1400
AMPM Café and Bar,"DLF Galleria Market,DLF Phase - 4, Gurgaon", Gurgaon,Gurgaon,"Multi-Cuisine,  Italian,  European,  American,  Oriental ,  Tex Mex",4.2,694,1700
Barbeque Nation,"Alcazar Mall,Jubilee Hills, Central West Hyderabad", Central West Hyderabad,Hyderabad,"Barbecue,  North Indian",4.4,693,1400
Chili's American Grill and Bar,"South City Mall,Jadavpur, South Kolkata", South Kolkata,Kolkata,"Mexican,  American",4.5,692,1500
Berco's,"Sector 12, Noida", Noida,Noida,"Chinese,  Thai",4.3,691,1300
The Food Studio,"Mulund West, Central Suburbs", Central Suburbs,Mumbai,"Multi-Cuisine,  North Indian,  Italian,  Chinese,  Continental",4.3,689,1400
Imperfecto,"Cyber Hub,DLF Cyber City, Gurgaon", Gurgaon,Gurgaon,"Multi-Cuisine,  North Indian,  Italian,  Chinese,  Continental,  Mediterranean",3.9,683,2400
Limitless,"Ansal Plaza Mall,Khel Gaon, South Delhi", South Delhi,Delhi,"Multi-Cuisine,  North Indian,  Italian,  Chinese,  Continental",4.2,681,2000
Cafe Azzure,"MG Road, Central Bangalore", Central Bangalore,Bangalore,"Continental,  Coffee",4.3,679,1000
Barbeque Nation,"Indiranagar, East Bangalore", East Bangalore,Bangalore,"Barbecue,  North Indian,  Drinks",4.5,678,1800
Norenj,"South City 2, Gurgaon", Gurgaon,Gurgaon,"Multi-Cuisine,  Italian,  Mediterranean,  European,  Oriental ",4.5,676,2000
JW Kitchen,"JW Marriott Hotel,Vittal Mallya Road, Central Bangalore", Central Bangalore,Bangalore,"Multi-Cuisine,  North Indian,  Italian,  Continental,  South Indian,  Mediterranean,  European,  Asian",4.4,672,2500
Three Dots and A Dash,"Indiranagar, East Bangalore", East Bangalore,Bangalore,"Continental,  Italian,  European",4.1,672,1600
ABs - Absolute Barbecues,"Velachery, South West Chennai", South West Chennai,Chennai,"North Indian,  Barbecue,  Mediterranean,  European,  Seafood",4.4,670,1400
T- Grill,"Madhapur, West Hyderabad", West Hyderabad,Hyderabad,"North Indian,  South Indian,  Mughlai,  Andhra",3.1,669,700
Brewklyn Microbrewery,"Kalyan Nagar, North Bangalore", North Bangalore,Bangalore,"Multi-Cuisine,  Italian,  Chinese,  Continental,  American,  Finger Food",4.3,665,1200
Chili's,"Elante Mall,Industrial Area Phase 1, South Chandigarh", South Chandigarh,Chandigarh,"Mexican,  Italian,  American",4.6,659,1500
Plush 28,"Salt Lake, East Kolkata", East Kolkata,Kolkata,"North Indian,  Chinese,  Continental",4.3,658,1400
Lazy Shack,"Sector 26, East Chandigarh", East Chandigarh,Chandigarh,"Multi-Cuisine,  North Indian,  Italian,  Chinese,  Continental,  American",4.2,658,1300
Kava,"Fairfield by Marriott,Rajajinagar, West Bangalore", West Bangalore,Bangalore,"North Indian,  Continental,  South Indian",3.9,656,1200
Heart Cup Coffee,"Jubilee Hills, Central West Hyderabad", Central West Hyderabad,Hyderabad,"Multi-Cuisine,  North Indian,  Italian,  Chinese,  Continental",4.1,654,2000
Cafe Delhi Heights,"DLF Avenue,Saket, South Delhi", South Delhi,Delhi,"Modern Indian,  Italian,  Continental,  American",4.3,652,2000
Wok in the Clouds,"Khan Market, Central Delhi", Central Delhi,Delhi,"Chinese,  Thai,  Asian,  North Indian,  Continental",4.3,646,2200
Bell Pepperz,"Community Centre,Ashok Vihar Phase - 2, North Delhi", North Delhi,Delhi,"North Indian,  Oriental ",4.4,643,1200
Zaairah,"Salt Lake, East Kolkata", East Kolkata,Kolkata,"Multi-Cuisine,  North Indian,  Chinese,  Mexican",4.2,643,1200
Headquarters,"Somajiguda, Central East Hyderabad", Central East Hyderabad,Hyderabad,"Multi-Cuisine,  North Indian,  Chinese,  Continental,  Oriental ",4.2,642,1600
IHOP,"Cyber Hub,DLF Cyber City, Gurgaon", Gurgaon,Gurgaon,American,4.5,640,1400
ABs - Absolute Barbecues,"White Square Building,Hinjewadi, West Pune", West Pune,Pune,"North Indian,  Barbecue,  Seafood",4.4,640,1200
The Bier Library Brewery & Kitchen,"Koramangala, South Bangalore", South Bangalore,Bangalore,"Continental,  North Indian,  Barbecue,  Pizza",4.3,639,1800
ABs - Absolute Barbecues,"Kalyan Nagar, North Bangalore", North Bangalore,Bangalore,"North Indian,  Barbecue,  Seafood",4.5,636,1200
Out Of The Box,"Khan Market, Central Delhi", Central Delhi,Delhi,"World Cuisine,  Multi-Cuisine,  North Indian,  Italian,  Chinese,  Continental,  Oriental ,  Tex Mex",4.1,634,2000
La Casa Brewery And Kitchen,"Sarjapur Road, South Bangalore", South Bangalore,Bangalore,"North Indian,  Chinese,  Italian,  Continental",4.2,633,1500
My Bar Headquarters,"Sector 29, Gurgaon", Gurgaon,Gurgaon,"Finger Food,  North Indian,  Chinese,  Continental",4,631,1500
Ohri's - Gufaa,"Basheerbagh, Central Hyderabad", Central Hyderabad,Hyderabad,"North Indian,  Mughlai",4.1,631,1900
Monkey Bar,"Vasant Kunj, South Delhi", South Delhi,Delhi,"Continental,  North Indian,  European,  American",4.5,630,1500
Cafe Delhi Heights,"DLF Promenade Mall,Vasant Kunj, South Delhi", South Delhi,Delhi,"Modern Indian,  Italian,  Continental,  American",4.3,628,2000
Genuine Broaster Chicken,"Satra Plaza,Vashi, Navi Mumbai", Navi Mumbai,Mumbai,"Finger Food,  Continental,  American",4.3,628,1000
Shift,"HSR Layout, South Bangalore", South Bangalore,Bangalore,"Finger Food,  North Indian,  Chinese,  Continental",4.1,626,1600
Clay 1 Grill,"Kirti Nagar, West Delhi", West Delhi,Delhi,North Indian,4.2,624,2000
Chili’s American Grill and Bar,"Inorbit Mall,Madhapur, West Hyderabad", West Hyderabad,Hyderabad,"Mexican,  American",4.2,623,1800
Breath - Fine Lounge and Bar,"Punjabi Bagh, West Delhi", West Delhi,Delhi,"North Indian,  Chinese",3.9,622,1200
By The Bay,"Hudson Lane, North Delhi", North Delhi,Delhi,"Multi-Cuisine,  North Indian,  Italian,  American,  Seafood",4.1,622,1800
IKK Panjab,"B.K Dutta Market,Rajouri Garden, West Delhi", West Delhi,Delhi,North Indian,4.3,619,1800
Pa Pa Ya,"Park Street, Central Kolkata", Central Kolkata,Kolkata,"Asian,  Chinese,  Thai,  Japanese",4.7,618,2100
Stories Bar and Kitchen,"JP Nagar, South Bangalore", South Bangalore,Bangalore,"Multi-Cuisine,  North Indian,  Italian,  Chinese,  American",4.1,616,1800
Arena,"Taj Deccan Hotel,Banjara Hills, Central East Hyderabad", Central East Hyderabad,Hyderabad,"Multi-Cuisine,  North Indian,  Chinese,  Continental,  South Indian,  Hyderabadi",4.1,616,3000
CIBO House,"Phoenix Tower A,Hitech City, West Hyderabad", West Hyderabad,Hyderabad,"Italian,  Continental",4.3,616,1500
The Chatter House,"Khan Market, Central Delhi", Central Delhi,Delhi,"North Indian,  Italian,  Continental",4.2,615,2600
Lanterns Kitchen & Bar,"Rajendra Bhawan,Rajendra Place, West Delhi", West Delhi,Delhi,"Finger Food,  North Indian,  Italian,  Chinese",4.2,614,1600
Daddy,"Indiranagar, East Bangalore", East Bangalore,Bangalore,"North Indian,  Asian,  Continental",4.3,614,1200
Hitchki,"R City Mall,Ghatkopar West, Central Suburbs", Central Suburbs,Mumbai,Modern Indian,4.3,613,1500
Angrezi Dhaba,"Todi Mills,Lower Parel, South Mumbai", South Mumbai,Mumbai,"Multi-Cuisine,  North Indian,  Chinese,  Thai,  Seafood,  Finger Food",4.1,613,1500
Gravity Mantra,"Sector 18, Noida", Noida,Noida,"North Indian,  Italian,  Continental,  Oriental ",4.2,612,2200
Barbeque Nation,"Connaught Place, Central Delhi", Central Delhi,Delhi,"North Indian,  Barbecue,  Mughlai",4.4,610,1700
Pop Tate's,"Kamala Mills Compound,Lower Parel, South Mumbai", South Mumbai,Mumbai,"Chinese,  Italian,  Continental",4.3,610,2000
Pinch of Spice,"Rajouri Garden, West Delhi", West Delhi,Delhi,"North Indian,  Mughlai,  Chinese",4.3,608,1800
Kareem's,"PS Srijan Corporate Park,Salt Lake, East Kolkata", East Kolkata,Kolkata,"North Indian,  Mughlai",4.4,608,1400
Sector 7 Social,"Sector 7, East Chandigarh", East Chandigarh,Chandigarh,"Continental,  Finger Food,  North Indian,  American,  Asian",4.5,605,1400
Feast,"Sheraton Grand,Malleshwaram, West Bangalore", West Bangalore,Bangalore,"Multi-Cuisine,  North Indian,  Italian,  Continental,  Asian",4.3,604,2000
PizzaExpress,"Dhanraj Mahal,Colaba, South Mumbai", South Mumbai,Mumbai,"European,  Fast Food,  Italian",4.5,602,1800
Refinery091,"Globsyn Crystals Building,Salt Lake, East Kolkata", East Kolkata,Kolkata,"North Indian,  Italian,  Chinese,  Finger Food",4.4,594,1700
Feast,"Sheraton Hyderabad Hotel,Gachibowli, West Hyderabad", West Hyderabad,Hyderabad,"Multi-Cuisine,  Italian,  Continental,  Asian,  Modern Indian",4.3,592,2500
100% Rock,"Ambience Mall,Vasant Kunj, South Delhi", South Delhi,Delhi,"North Indian,  Chinese",4.1,591,1200
PizzaExpress,"Hiranandani Business Park,Powai, Powai", Powai,Mumbai,"European,  Fast Food,  Italian",4.5,590,1400
Traffic Gastropub,"City Centre 2, New Town,Rajarhat, 24 Parganas North", 24 Parganas North,Kolkata,"Multi-Cuisine,  North Indian,  Italian,  Chinese,  Continental",4.1,589,1800
ABs - Absolute Barbecues,"Seasons Mall,Magarpatta City, East Pune", East Pune,Pune,"North Indian,  Barbecue,  Seafood",4.4,587,1200
10 Downing Street,"PS Srijan Corporate Park,Salt Lake, East Kolkata", East Kolkata,Kolkata,"Finger Food,  North Indian,  Chinese,  Continental",4.4,586,1600
Zucca Lounge,"Southern Avenue, South Kolkata", South Kolkata,Kolkata,"Finger Food,  Italian,  Chinese,  Continental",4,586,1000
The Food Studio,"Vashi, Navi Mumbai", Navi Mumbai,Mumbai,"Multi-Cuisine,  North Indian,  Italian,  Chinese,  Continental",4.2,585,1400
PizzaExpress,"DLF Mall of India,Sector 18, Noida", Noida,Noida,"Italian,  European",4.4,583,1400
Momo I Am,"RDB Boulevard,Salt Lake, East Kolkata", East Kolkata,Kolkata,"Tibetan,  Chinese,  Asian",4.6,583,800
Glocal Junction,"Andheri Link Road , Andheri West", Andheri West,Mumbai,"Continental,  Fast Food,  North Indian,  European",4.3,582,2200
Latest Recipe,"Le Meridien,MG Road, Gurgaon", Gurgaon,Gurgaon,"North Indian,  Continental,  Asian,  Fast Food",4.3,581,3000
26 Boulevard,"Sector 26, East Chandigarh", East Chandigarh,Chandigarh,"Continental,  North Indian,  Italian",4.4,577,1200
Mamagoto,"Khan Market, Central Delhi", Central Delhi,Delhi,"Asian,  Chinese,  Thai,  Japanese",4.5,576,1500
Vasant Kunj Social,"Ambience Mall,Vasant Kunj, South Delhi", South Delhi,Delhi,"North Indian,  Continental,  American,  Asian,  Finger Food",4.4,576,2000
Barcode,"Dwarka, West Delhi", West Delhi,Delhi,"Finger Food,  North Indian,  Italian,  Chinese,  Mexican",4.2,575,1600
Pasta Street,"Indiranagar, East Bangalore", East Bangalore,Bangalore,"Italian,  European,  Desserts,  Pizza",4.5,575,1500
THE ART HOUSE Restaurant,"Connaught Place, Central Delhi", Central Delhi,Delhi,"North Indian,  Italian,  Continental",3.9,574,2500
TGI Friday's,"Forum Mall,Elgin Road, South Kolkata", South Kolkata,Kolkata,"Mexican,  American",4.4,574,2000
BJs Sports Lounge,"Sarat Bose Road, South Kolkata", South Kolkata,Kolkata,"Finger Food,  North Indian,  Italian,  Chinese,  Continental",4.2,573,800
Bindaas Rasoi,"Sholinganallur, South West Chennai", South West Chennai,Chennai,"North Indian,  Seafood",4.3,571,1200
Lazy Bear,"Hudson Lane, North Delhi", North Delhi,Delhi,"Multi-Cuisine,  North Indian,  Italian,  Chinese,  Continental",4.1,570,1100
TESORO MIO KITCHEN 'N' KAFFE,"Preet Vihar, East Delhi", East Delhi,Delhi,"Multi-Cuisine,  North Indian,  Italian,  Chinese,  Continental,  Mexican",4.1,570,1600
The Dugout,"Sarat Bose Road, South Kolkata", South Kolkata,Kolkata,"Italian,  Chinese,  Fast Food,  North Indian,  Continental",4.5,570,800
The Firangi Island,"Kirti Nagar, West Delhi", West Delhi,Delhi,"Multi-Cuisine,  North Indian,  Italian,  Chinese,  Continental",4.2,569,1600
Brahma Brews,"JP Nagar, South Bangalore", South Bangalore,Bangalore,"Multi-Cuisine,  North Indian,  Italian,  South Indian,  European,  Asian",4.5,569,2200
T Grill Thali Time,"Hotel Deccan Serai,Hitech City, West Hyderabad", West Hyderabad,Hyderabad,"North Indian,  Mughlai,  Seafood,  Oriental ",4,566,800
Tatva,"Wakad, West Pune", West Pune,Pune,"North Indian,  Chinese,  Continental,  South Indian",4.3,564,1100
Kouzina Marine,"Salt Lake, East Kolkata", East Kolkata,Kolkata,"Multi-Cuisine,  North Indian,  Italian,  Continental,  Oriental ",4.4,564,1300
Imperfecto Ruin Pub,"Ansal Plaza Mall,Khel Gaon, South Delhi", South Delhi,Delhi,"Multi-Cuisine,  Mediterranean",4,561,2400
Bombay Brasserie,"Quest Mall,Ballygunge, South Kolkata", South Kolkata,Kolkata,"Fusion,  Modern Indian,  North Indian",4.3,561,1500
Food Exchange,"Novotel New Delhi Aerocity,Aerocity, South Delhi", South Delhi,Delhi,"North Indian,  European,  Oriental ",4.3,558,3500
The Market,"The Ritz - Carlton,Residency Road, Central Bangalore", Central Bangalore,Bangalore,"Multi-Cuisine,  North Indian,  Italian,  Continental,  Asian",4.5,557,3300
Sattvik,"Select Citywalk Mall,Saket, South Delhi", South Delhi,Delhi,North Indian,4.4,556,1600
Ustaadi,"Sitaram Building,Mumbai CST Area, South Mumbai", South Mumbai,Mumbai,"North Indian,  Asian,  Italian,  Seafood",4.4,556,1300
Molecule Air Bar,"Green Park, South Delhi", South Delhi,Delhi,North Indian,4.2,555,1500
Sambookas,"DDA Market Complex,Hudson Lane, North Delhi", North Delhi,Delhi,"Italian,  Continental,  Fast Food",4.3,553,1200
Air Live,"Odyssey Mall,Jubilee Hills, Central West Hyderabad", Central West Hyderabad,Hyderabad,"Multi-Cuisine,  North Indian,  Italian,  Chinese,  Continental,  Asian",4,552,2100
SKYHY,"Sri Tirumala Towers,Gachibowli, West Hyderabad", West Hyderabad,Hyderabad,"North Indian,  Chinese,  Continental",3.8,552,1700
Punjab Grill,"Select Citywalk Mall,Saket, South Delhi", South Delhi,Delhi,"North Indian,  Mughlai",4.2,551,2800
Smelling Salts,"Ashok Vihar Phase - 2, North Delhi", North Delhi,Delhi,"Multi-Cuisine,  North Indian,  Italian,  Mediterranean,  Asian",4.4,550,1800
Kylin Experience,"Ambience Mall,Vasant Kunj, South Delhi", South Delhi,Delhi,"Asian,  Chinese,  Thai,  Japanese,  Oriental ",4.2,550,2000
Brewocrat - Brewery Skybar & Kitchen,"Elements One Mall,Sector 49, Gurgaon", Gurgaon,Gurgaon,"Multi-Cuisine,  North Indian,  Continental,  Mediterranean,  Asian,  Oriental ,  Finger Food",4.5,550,2000
Haunted,"Anna Nagar, North Chennai", North Chennai,Chennai,"Multi-Cuisine,  North Indian,  Chinese,  Arabian,  Drinks",3.4,549,800
Sutra - The Gastropub,"Cyber Hub,DLF Cyber City, Gurgaon", Gurgaon,Gurgaon,"Finger Food,  North Indian,  Italian,  European,  Asian",4.2,548,2500
Dr Sheesha,"Deepa Plaza,JP Nagar, South Bangalore", South Bangalore,Bangalore,"Italian,  Continental,  Chinese",4.2,548,800
Punjab Grill,"Pacific Mall,Tagore Garden, West Delhi", West Delhi,Delhi,"North Indian,  Mughlai",4.2,546,2200
ABs - Absolute Barbecues,"Porur, West Chennai", West Chennai,Chennai,"North Indian,  Barbecue,  Mediterranean,  European",4.4,545,1200
Ohri's - Rubaiyat,"Hitech City, West Hyderabad", West Hyderabad,Hyderabad,"North Indian,  Mughlai",4.1,545,1200
Rayalaseema Ruchulu,"36 Square,Jubilee Hills, Central West Hyderabad", Central West Hyderabad,Hyderabad,"Andhra,  North Indian,  South Indian,  Biryani",3.9,544,1200
Barbeque Nation,"Anvi’s ECO Grand,Gachibowli, West Hyderabad", West Hyderabad,Hyderabad,"Barbecue,  North Indian,  Mediterranean",4.4,544,1400
AB's - Absolute Barbecues,"Powai, Powai", Powai,Mumbai,"North Indian,  Barbecue",4.4,539,1200
Pour House,"Salt Lake, East Kolkata", East Kolkata,Kolkata,"Multi-Cuisine,  North Indian,  Italian,  Chinese,  Continental,  Oriental ,  Finger Food",4.2,539,1500
AB's - Absolute Barbecue,"Shivalik Shilp,Satellite, West Ahmedabad", West Ahmedabad,Ahmedabad,"North Indian,  Barbecue,  Seafood",4.4,539,1200
Indore Kitchen,"Indore Marriott Hotel,Vijay Nagar, East Indore", East Indore,Indore,"North Indian,  Italian,  Asian,  Fast Food",4.1,539,3000
House of Commons,"HSR Layout, South Bangalore", South Bangalore,Bangalore,"Finger Food,  North Indian,  Italian,  Continental",4.4,536,1000
Yellow Brick Road,"Ambassador,Khan Market, Central Delhi", Central Delhi,Delhi,"Continental,  North Indian,  Italian,  South Indian",4.4,532,3500
Paprika Park,"Indirapuram Habitat Centre,Indirapuram, Ghaziabad", Ghaziabad,Ghaziabad,"North Indian,  Chinese,  Italian,  Continental",3.9,531,1500
Sammy Sosa,"Near Andheri West Station, Andheri West", Andheri West,Mumbai,"Mexican,  Italian,  Continental,  Asian",4.6,530,1600
Momo I Am,"Salt Lake, East Kolkata", East Kolkata,Kolkata,"Tibetan,  Chinese,  Thai",4.5,530,800
Pirates Of Grill,"DLF Mall of India,Sector 18, Noida", Noida,Noida,"North Indian,  Continental,  Mughlai",4.4,529,2000
Peter Cat,"Park Street, Central Kolkata", Central Kolkata,Kolkata,"North Indian,  Continental",4.3,529,900
Rotis,"Hardhick Crown,Hitech City, West Hyderabad", West Hyderabad,Hyderabad,"North Indian,  Continental,  Mexican,  Oriental ",4.3,527,1200
By The Bae - Kitchen And Bar,"Versova, Andheri West", Andheri West,Mumbai,"North Indian,  Italian,  Continental,  Street Food",4.1,526,2000
ABs - Absolute Barbecues,"Miyapur, West Hyderabad", West Hyderabad,Hyderabad,"North Indian,  Barbecue,  Seafood",4.3,525,1200
Duty Free Courtyard,"Gardens Galleria,Sector 38A, Noida", Noida,Noida,Finger Food,3.9,524,1500
Cafe Di Milano,"Dwarka, West Delhi", West Delhi,Delhi,"Multi-Cuisine,  North Indian,  Italian,  Chinese,  Continental,  American",4.3,524,1000
Barbeque Nation,"Forum Sujana Mall,Kukatpally, West Hyderabad", West Hyderabad,Hyderabad,"Barbecue,  North Indian,  Mediterranean",4.3,524,1400
Kava Kitchen & Bar,"Fairfield By Marriott Bengaluru Whitefield,Whitefield, East Bangalore", East Bangalore,Bangalore,"North Indian,  Continental,  South Indian",3.9,521,1200
China Bistro,"Niharika Jubilee One,Jubilee Hills, Central West Hyderabad", Central West Hyderabad,Hyderabad,"Chinese,  Asian,  Thai,  Japanese,  Sushi",4.3,521,2000
Chili's American Grill and Bar,"Acropolis Mall,Kasba, South Kolkata", South Kolkata,Kolkata,"Mexican,  American",4.2,521,1500
Barbeque Nation,"Netaji Subhash Place, North Delhi", North Delhi,Delhi,"North Indian,  Barbecue,  Mughlai",4.5,518,1700
K3,"JW Mariott Hotel New Delhi Aerocity,Aerocity, South Delhi", South Delhi,Delhi,"Multi-Cuisine,  North Indian,  Italian,  Chinese,  Continental",4.6,518,3700
Tales & Spirits,"Balewadi High Street,Baner, West Pune", West Pune,Pune,"Continental,  Italian,  European",4.4,518,1500
Barbeque Nation,"Koramangala, South Bangalore", South Bangalore,Bangalore,"Barbecue,  North Indian,  Drinks",4.5,517,1800
Rendezvous,"Hotel Monotel,Salt Lake, East Kolkata", East Kolkata,Kolkata,"Multi-Cuisine,  North Indian,  Italian,  Continental,  Oriental ,  Bengali",4.1,517,1300
Raasta,"Cyber Hub,DLF Cyber City, Gurgaon", Gurgaon,Gurgaon,"Finger Food,  Italian,  Chinese,  Continental,  Mediterranean",4.2,516,2000
Social,"Sarjapur Road, South Bangalore", South Bangalore,Bangalore,"Continental,  American,  North Indian,  Italian,  Chinese,  Finger Food",4.3,515,1500
The Yellow Chilli,"Sector 63, Noida", Noida,Noida,"North Indian,  Mughlai",4.3,514,2000
United Coffee House Rewind,"Cyber Hub,DLF Cyber City, Gurgaon", Gurgaon,Gurgaon,"Multi-Cuisine,  North Indian,  Continental,  Mediterranean,  European,  Asian",4.4,514,3000
Filmy Junction,"Banjara Hills, Central East Hyderabad", Central East Hyderabad,Hyderabad,"Multi-Cuisine,  North Indian,  South Indian,  Mughlai,  Andhra",3.8,513,1000
S Cafe,"The Sheraton Grand,Indore By Pass Road, East Indore", East Indore,Indore,"Multi-Cuisine,  North Indian,  Italian,  Chinese,  Continental",4.4,513,1500
Five Mad Men,"BIPL Omega Building,Salt Lake, East Kolkata", East Kolkata,Kolkata,"Continental,  North Indian,  Italian,  Chinese",4.3,512,2000
G2 Cafe,"Anand Vihar, East Delhi", East Delhi,Delhi,"Multi-Cuisine,  North Indian,  Italian,  European,  Asian",4.2,510,1600
Malaka Spice,"Koregaon Park, East Pune", East Pune,Pune,"Asian,  Thai,  Japanese,  Vietnamese,  Malaysian",4.4,510,1500
The Waterfall Restaurant,"Vadapalani, West Chennai", West Chennai,Chennai,"South Indian,  Andhra,  North Indian,  Chinese,  Seafood",4.2,509,1000
Social,"Cobalt Building,Church Street, Central Bangalore", Central Bangalore,Bangalore,"Continental,  American,  North Indian,  Chinese,  Arabian",4.3,508,1500
My Bar Square,"Connaught Place, Central Delhi", Central Delhi,Delhi,"Finger Food,  Italian,  Chinese,  Continental",3.9,506,1500
Barbeque Nation,"Ginger Hotel,Vivek Vihar, East Delhi", East Delhi,Delhi,"North Indian,  Barbecue,  Mughlai",4.5,506,1700
Barbeque Nation,"DLF Grand Mall,Sikandarpur, Gurgaon", Gurgaon,Gurgaon,"North Indian,  Barbecue,  Mughlai",4.5,506,1700
Manhattan Bar & Brewery,"Global Foyer Mall,Golf Course Road, Gurgaon", Gurgaon,Gurgaon,"Finger Food,  North Indian,  Italian,  Continental,  Asian",4.5,505,2000
Akshara Grand,"Vinayaka Plaza,Kothapet, East Hyderabad", East Hyderabad,Hyderabad,"North Indian,  Chinese,  Mughlai",4.3,505,1000
Farmers Basket at Pluck,"Hotel Pullman New Delhi Aerocity,Aerocity, South Delhi", South Delhi,Delhi,"Continental,  European,  Modern Indian,  North Indian",4.5,504,3700
Cafe Me,"Community Center B Block,Janakpuri, West Delhi", West Delhi,Delhi,"North Indian,  Italian,  Chinese",4.3,504,1200
Bombay Brasserie,"RMZ Ecospace,Bellandur, South Bangalore", South Bangalore,Bangalore,"Fusion,  Indian Cuisine",4.3,504,1500
The Smoke Factory,"Gardens Galleria,Sector 38A, Noida", Noida,Noida,"Multi-Cuisine,  Italian,  Chinese,  Continental",4.3,503,2000
Banjara Dhaba,"Borivali West, North Western", North Western,Mumbai,"North Indian,  Chinese",4,503,700
Barbeque Ville,"Wakad, West Pune", West Pune,Pune,"North Indian,  Barbecue",4.3,502,1300
Uru Brewpark,"JP Nagar, South Bangalore", South Bangalore,Bangalore,"Multi-Cuisine,  Chinese,  Continental,  American",4.3,501,1200
1522 - The Pub,"Malleshwaram, West Bangalore", West Bangalore,Bangalore,"North Indian,  Multi-Cuisine,  Chinese,  Continental,  Coastal",4.4,501,1400
The Imperial Spice,"M-Block,Connaught Place, Central Delhi", Central Delhi,Delhi,"Multi-Cuisine,  North Indian,  Italian,  Continental,  European,  Oriental ",4.4,500,2800
Pikkle,"Rajinder Nagar, West Delhi", West Delhi,Delhi,"Asian,  North Indian,  Chinese,  Thai,  Japanese,  Sushi",4.2,499,1800
Brick Kitchen,"Five Petals Hotel and Banquets,Ghatlodia, West Ahmedabad", West Ahmedabad,Ahmedabad,"North Indian,  Chinese,  Continental,  Italian,  Thai,  Mexican,  Oriental ",4.5,499,900
Drool Kitchen,"Dwarka Sector 10 Metro Station,Dwarka, West Delhi", West Delhi,Delhi,"Multi-Cuisine,  North Indian,  Italian,  Chinese,  Continental",4.2,494,2200
Cafe Delhi Heights,"Cross Point Mall,DLF Phase - 4, Gurgaon", Gurgaon,Gurgaon,"Continental,  Modern Indian,  Italian,  American,  Asian",4.4,494,2000
21 Gun Salute,"Sector 29, Gurgaon", Gurgaon,Gurgaon,"North Indian,  Mughlai,  Multi-Cuisine,  Chinese,  Continental",4.4,494,1800
ABs - Absolute Barbecues,"Vaishnavi Sapphire Centre,Yeshwantpur, North Bangalore", North Bangalore,Bangalore,"North Indian,  Barbecue,  Seafood",4.4,494,1200
Repete Brewery & Kitchen,"Jubilee Hills, Central West Hyderabad", Central West Hyderabad,Hyderabad,"Multi-Cuisine,  North Indian,  Italian,  Continental,  Pizza",4,494,1800
Tamra,"Shangri La's Eros Hotel,Janpath, Central Delhi", Central Delhi,Delhi,"Multi-Cuisine,  North Indian,  Japanese,  European,  Oriental ",4.4,491,4000
Gastronomica Kitchen & Bar,"Greater Kailash - 1, South Delhi", South Delhi,Delhi,"Continental,  North Indian,  Italian,  European",4.3,489,2000
Pakwan Chennai,"Thyagaraya Nagar, Central Chennai", Central Chennai,Chennai,"North Indian,  Italian,  Oriental ",4.5,489,1400
Spices & Flavours,"Rajabahadur Mansion,Fort, South Mumbai", South Mumbai,Mumbai,"North Indian,  Chinese,  Fast Food,  Italian,  Continental",4.3,488,1500
Cafe Mezzuna,"Forum Mall,Elgin Road, South Kolkata", South Kolkata,Kolkata,"Italian,  Mediterranean,  European",4.5,488,2200
Social,"Phoenix Marketcity,Whitefield, East Bangalore", East Bangalore,Bangalore,"Continental,  American,  North Indian,  Chinese,  Finger Food",4.2,487,1500
Constellation,"Hotel WOW,Vijay Nagar, East Indore", East Indore,Indore,"Multi-Cuisine,  North Indian,  Italian,  Mexican,  Asian",4.1,486,2500
The Creek,"The Den Bengaluru,Whitefield, East Bangalore", East Bangalore,Bangalore,"Multi-Cuisine,  North Indian,  Chinese,  Continental",4.4,485,2000
Mamagoto,"Indiranagar, East Bangalore", East Bangalore,Bangalore,"Asian,  Chinese,  Thai,  Japanese,  Oriental ",4.5,484,1500
Ji Hazoor,"Whitefield, East Bangalore", East Bangalore,Bangalore,"North Indian,  Mughlai,  Afghani",3.5,484,1000
The Yellow Chilli,"V3S Mall,Laxmi Nagar, East Delhi", East Delhi,Delhi,"North Indian,  Mughlai",4.2,482,2000
18 Degrees Rooftop Resto Lounge,"Spot 18 Mall,Pimple Saudagar, West Pune", West Pune,Pune,"North Indian,  Chinese,  Mediterranean",3.8,482,2000
Sana-Di-Ge,"Malcha Marg Shopping Complex,Chanakyapuri, South Delhi", South Delhi,Delhi,"Seafood,  North Indian,  Goan,  Kerala",4.4,481,2200
Naivedyam,"Sector 63, Noida", Noida,Noida,South Indian,4.3,481,500
ABs - Absolute Barbecues,"Yelahanka, North Bangalore", North Bangalore,Bangalore,"North Indian,  Barbecue,  Seafood",4.5,481,1200
Shalom - Laidback Cafe,"Greater Kailash - 1, South Delhi", South Delhi,Delhi,"Multi-Cuisine,  North Indian,  Italian,  Mediterranean,  Asian",4.3,479,2000
Palamuru Grill,"Madhapur, West Hyderabad", West Hyderabad,Hyderabad,"Andhra,  North Indian",4.1,479,900
President Dhaba,"Madhapur, West Hyderabad", West Hyderabad,Hyderabad,"North Indian,  Chinese,  Mughlai",3.9,478,1000
Barbeque Nation,"Unity One Mall,Janakpuri, West Delhi", West Delhi,Delhi,"North Indian,  Barbecue,  Mughlai",4.4,477,1700
One8 Commune,"Worldmark 2,Aerocity, South Delhi", South Delhi,Delhi,"Multi-Cuisine,  North Indian,  Italian,  Continental,  Asian",4.2,476,2400
Nando's,"Cyber Hub,DLF Cyber City, Gurgaon", Gurgaon,Gurgaon,"African,  Portuguese",4.5,475,2000
SodaBottleOpenerWala,"The Capital Building,Bandra Kurla Complex, Bandra", Bandra,Mumbai,"Parsi,  Iranian,  North Indian,  Street Food",4.3,475,1600
The Lords and Barons,"Park Street, Central Kolkata", Central Kolkata,Kolkata,"North Indian,  Continental,  Italian",4.3,475,1500
Glocal Junction,"Signature Towers,Kondapur, West Hyderabad", West Hyderabad,Hyderabad,"Finger Food,  North Indian,  Italian,  Continental",4.1,474,1600
Three Dots and A Dash,"JP Nagar, South Bangalore", South Bangalore,Bangalore,"Continental,  Italian,  European",4.2,473,1600
Wabi Sabi,"Southern Avenue, South Kolkata", South Kolkata,Kolkata,"Italian,  Continental",4.5,473,1000
Mini Punjab's Lake Side,"Powai, Powai", Powai,Mumbai,"North Indian,  Mughlai,  Chinese,  Seafood",4,472,1700
The Fatty Bao - Asian Gastro Bar,"Indiranagar, East Bangalore", East Bangalore,Bangalore,"Asian,  Malaysian,  Thai,  Japanese",4.6,472,2000
Moti Mahal Delux,"South Extension - 2, South Delhi", South Delhi,Delhi,"North Indian,  Chinese,  Mughlai",4.4,470,1500
Pind Balluchi,"K-Shri Plaza,Sector 104, Noida", Noida,Noida,"North Indian,  Mughlai",4,470,1800
Barbeque Nation,"West Gate Mall,Rajajinagar, West Bangalore", West Bangalore,Bangalore,"Barbecue,  North Indian,  Drinks",4.5,468,1800
Hotel Tulips Grand,"Tulip Grand,Uppal, East Hyderabad", East Hyderabad,Hyderabad,"North Indian,  Chinese,  Continental,  Seafood",4.1,465,900
Ping's Cafe Orient,"Park Street, Central Kolkata", Central Kolkata,Kolkata,"Asian,  Oriental ",4.4,465,1500
The Barbeque Company,"Malviya Nagar, South Jaipur", South Jaipur,Jaipur,"North Indian,  Barbecue",4.4,465,1200
Fio Cookhouse and Bar,"Epicuria Food Mall,Nehru Place, South Delhi", South Delhi,Delhi,"Continental,  North Indian,  Italian",4.4,464,4000
Big Boyz Lounge Air Bar,"Sector 29, Gurgaon", Gurgaon,Gurgaon,"Finger Food,  North Indian,  Chinese,  Mexican",4,464,2200
Feast,"Sheraton Grand Whitefield,Whitefield, East Bangalore", East Bangalore,Bangalore,"Multi-Cuisine,  North Indian,  Continental,  European,  Asian",4.6,463,2000
Yauatcha,"1 MG Road Mall,MG Road, Central Bangalore", Central Bangalore,Bangalore,"Chinese,  Seafood,  Asian,  Cantonese",4.6,462,2200
Mamagoto,"DLF Mall of India,Sector 18, Noida", Noida,Noida,"Asian,  Chinese,  Thai,  Japanese",4.4,461,1500
Secret of Bangalore,"Shakthi Hill Resort,Rajarajeshwari Nagar, West Bangalore", West Bangalore,Bangalore,"Multi-Cuisine,  North Indian,  Italian,  Continental,  South Indian,  Oriental ",4.2,461,1000
Monkey Bar,"Fort Knox Mall,Camac Street, Central Kolkata", Central Kolkata,Kolkata,"Modern Indian,  North Indian,  Italian,  American",4.4,461,1800
Heart Cup Coffee,"Kondapur, West Hyderabad", West Hyderabad,Hyderabad,"Multi-Cuisine,  North Indian,  Italian,  Chinese,  Continental",4.4,460,1400
Caafe 360 Degree,"Downtown Mall,Salt Lake, East Kolkata", East Kolkata,Kolkata,"Fast Food,  Chinese,  Continental",4.5,460,1000
The Bhoj Company,"B B D Bagh, Central Kolkata", Central Kolkata,Kolkata,"Bengali,  Chinese",4.3,460,600
Tipsy Bull - The Bar Exchange,"Indiranagar, East Bangalore", East Bangalore,Bangalore,"Chinese,  Continental,  North Indian",4.4,459,1200
Olive Bistro & Bar,"Jubilee Hills, Central West Hyderabad", Central West Hyderabad,Hyderabad,"European,  Italian,  Mediterranean",4.3,458,1500
Runway1,"Metro Walk Mall,Rohini, North Delhi", North Delhi,Delhi,"North Indian,  Chinese,  Continental",3.5,455,1500
Naivedyam,"East Patel Nagar, West Delhi", West Delhi,Delhi,South Indian,4.3,453,500
Kobe Sizzlers,"Krishvi Aspire,Indiranagar, East Bangalore", East Bangalore,Bangalore,"American,  Sizzlers,  Continental",4.2,453,1500
Urban Asia-Kitchen and Bar,"Jahnavi Trade Center,Jubilee Hills, Central West Hyderabad", Central West Hyderabad,Hyderabad,"Asian,  Chinese,  Thai,  Japanese,  Seafood",4.2,452,1500
Cafe Delhi Heights,"Unity One Mall,Janakpuri, West Delhi", West Delhi,Delhi,"Modern Indian,  Italian,  Continental,  American",4.4,451,2000
PizzaExpress,"Ambience Mall,Vasant Kunj, South Delhi", South Delhi,Delhi,"Italian,  European",4.5,451,1400
Smoke House Deli,"Indiranagar, East Bangalore", East Bangalore,Bangalore,"European,  American,  Italian,  Continental,  Drinks",4.5,451,2500
Paprika Cafe,"Courtyard by Marriott,Teynampet, Central Chennai", Central Chennai,Chennai,"Multi-Cuisine,  North Indian,  Italian,  Chinese,  Continental,  South Indian",4,451,2500
Bikanervala,"Banjara Hills, Central East Hyderabad", Central East Hyderabad,Hyderabad,"Mithai,  North Indian,  Chinese,  South Indian,  Street Food,  Fast Food",4.3,450,1000
Chianti,"Indiranagar, East Bangalore", East Bangalore,Bangalore,Italian,4.5,449,2200
Naivedyam,"Vipul Square Building,Sushant Lok Phase 1, Gurgaon", Gurgaon,Gurgaon,South Indian,4.4,448,500
Qbic Cafe,"East Patel Nagar, West Delhi", West Delhi,Delhi,"North Indian,  Chinese,  Continental,  Italian",4.3,447,1200
Absorb - The Boutique Bar,"Jubilee Hills, Central West Hyderabad", Central West Hyderabad,Hyderabad,Continental,4.1,446,1500
Kava,"Fairfield by Marriott Indore,Vijay Nagar, East Indore", East Indore,Indore,"North Indian,  Italian,  Asian",3.8,445,1600
Little Italy,"BK Towers,Hitech City, West Hyderabad", West Hyderabad,Hyderabad,"Italian,  Mexican",4.2,444,1800
The DineRoom,"Punjabi Bagh, West Delhi", West Delhi,Delhi,"North Indian,  Italian,  Chinese",4.2,443,1000
Jamie's Italian,"Ambience Mall,Vasant Kunj, South Delhi", South Delhi,Delhi,Italian,4.4,442,1800
Chili’s American Grill and Bar,"Banjara Hills, Central East Hyderabad", Central East Hyderabad,Hyderabad,"Mexican,  American",4.4,442,1800
Robo Kitchen,"Alcazar Mall,Jubilee Hills, Central West Hyderabad", Central West Hyderabad,Hyderabad,"Chinese,  Thai,  North Indian",3.4,442,1200
Berco's,"Janak Place District Centre,Janakpuri, West Delhi", West Delhi,Delhi,"Chinese,  Thai",4.4,440,1300
Butterfly High,"Godrej BKC Building,Bandra Kurla Complex, Bandra", Bandra,Mumbai,"Continental,  Finger Food,  Modern Indian",4.4,439,1800
The Brewhive,"PS Srijan Corporate Park,Salt Lake, East Kolkata", East Kolkata,Kolkata,"Continental,  Italian,  Chinese,  Oriental ,  Finger Food",4.4,439,1400
Mainland China,"Whitefield, East Bangalore", East Bangalore,Bangalore,"Chinese,  Seafood,  Asian",4.4,438,1600
Moti Mahal Delux,"Park Center Building,Park Street, Central Kolkata", Central Kolkata,Kolkata,"North Indian,  Chinese",4.4,438,1200
Sandoz,"Paschim Vihar, West Delhi", West Delhi,Delhi,"North Indian,  Chinese",4.2,435,1000
Gymkhana 91 Bar & Kitchen,"Raghuvanshi Mills Compound,Lower Parel, South Mumbai", South Mumbai,Mumbai,"Modern Indian,  Continental,  Asian",4.3,435,1200
Blue Fox,"Huda Techno Enclave,Madhapur, West Hyderabad", West Hyderabad,Hyderabad,"North Indian,  Chinese,  Continental",3.9,435,1000
Anardana Modern Kitchen & Bar,"Preet Vihar, East Delhi", East Delhi,Delhi,"North Indian,  Italian,  Chinese,  Continental",4.3,434,1700
Ebony Fine Dine,"Vishnu Shivam Mall,Kandivali East, North Western", North Western,Mumbai,"Multi-Cuisine,  North Indian,  Chinese,  Continental,  Seafood,  Mughlai,  Oriental ",4.2,433,1600
Social,"Glen Rose Building,Colaba, South Mumbai", South Mumbai,Mumbai,"North Indian,  Continental,  Finger Food,  American,  Asian",4.4,433,2000
Rayalaseema Ruchulu,"Sun Towers,Madhapur, West Hyderabad", West Hyderabad,Hyderabad,"Andhra,  South Indian,  Biryani",3.9,433,1100
Mustang Terrace Lounge,"Satyanarayana Arcade,Gachibowli, West Hyderabad", West Hyderabad,Hyderabad,"Italian,  Mexican,  North Indian,  Chinese",4.1,433,1700
Dara's Dhaba,"Mira Road East, North Western", North Western,Mumbai,"North Indian,  Chinese",4.2,432,1500
Sandoz,"Lajpat Nagar - 3, South Delhi", South Delhi,Delhi,"North Indian,  Chinese",4.3,431,1000
Three Tuns Cafe & Bar,"Unity One Mall,Janakpuri, West Delhi", West Delhi,Delhi,"Multi-Cuisine,  North Indian,  Italian,  Chinese,  Continental",3.8,431,2200
Bangalore Brew Works,"Residency Road, Central Bangalore", Central Bangalore,Bangalore,"Continental,  Italian",4.4,431,2500
Jaisalmer Sonar Kella,"Globsyn Crystals Building,Salt Lake, East Kolkata", East Kolkata,Kolkata,"North Indian,  Italian,  Oriental ",3.9,431,1800
The Earth Plate,"Hotel Sahara Star,Vile Parle East, Andheri East", Andheri East,Mumbai,"Multi-Cuisine,  North Indian,  Italian,  Mexican,  Mediterranean,  French",4.3,429,3500
Family Tree,"Ravi Industries,Thane West, Thane", Thane,Mumbai,"Chinese,  European,  North Indian",4.4,429,1500
TGI Friday's,"Forum Sujana Mall,Kukatpally, West Hyderabad", West Hyderabad,Hyderabad,"Mexican,  American,  Tex Mex,  Tex Mex",4.1,429,3400
Vivaha Bhojanambu,"Jubilee Hills, Central West Hyderabad", Central West Hyderabad,Hyderabad,South Indian,4.1,428,1000
Ohri's Serengeti,"Ohri's Banjara,Banjara Hills, Central East Hyderabad", Central East Hyderabad,Hyderabad,"North Indian,  Mughlai",4.2,428,1500
Barbeque Nation,"DLF Avenue,Saket, South Delhi", South Delhi,Delhi,"North Indian,  Barbecue,  Mughlai",4.5,427,1700
ABs - Absolute Barbecues,"Mariplex Mall,Kalyani Nagar, East Pune", East Pune,Pune,"North Indian,  Barbecue,  Seafood",4.4,427,1200
Local heights,"Punjabi Bagh, West Delhi", West Delhi,Delhi,North Indian,3.8,426,800
Chianti,"Koramangala, South Bangalore", South Bangalore,Bangalore,Italian,4.5,426,2200
The Spicy Venue,"Jubilee Hills, Central West Hyderabad", Central West Hyderabad,Hyderabad,"Andhra,  Chinese",4.2,425,1100
So. The Sky Kitchen,"Aryan's Building,Jubilee Hills, Central West Hyderabad", Central West Hyderabad,Hyderabad,"Multi-Cuisine,  North Indian,  Chinese,  Continental,  Asian",4.1,425,1800
Mia Bella,"Hauz Khas Village, South Delhi", South Delhi,Delhi,"Italian,  Continental",4.2,423,2000
Smoke House Deli,"DLF Avenue,Saket, South Delhi", South Delhi,Delhi,"Italian,  European,  American",4.3,423,2200
Dhaba–Estd 1986 Delhi,"Western Pearl Building,Kondapur, West Hyderabad", West Hyderabad,Hyderabad,North Indian,4.2,421,1200
Tram Deepo,"Ballygunge, South Kolkata", South Kolkata,Kolkata,"North Indian,  Chinese,  Finger Food,  Continental,  Mexican,  Fast Food",3.8,419,1400
78 Degrees East,"Habsiguda, East Hyderabad", East Hyderabad,Hyderabad,"Multi-Cuisine,  North Indian,  Chinese,  Mughlai,  Hyderabadi",3.4,418,1000
Khandani Rajdhani,"Scindia House,Connaught Place, Central Delhi", Central Delhi,Delhi,"Gujarati,  Rajasthani",4,417,1000
One Bottle Down,"Camac Street, Central Kolkata", Central Kolkata,Kolkata,"North Indian,  Italian,  Continental,  Finger Food",4,417,1500
Kwality Restaurant,"Regal Cinema Complex,Connaught Place, Central Delhi", Central Delhi,Delhi,"North Indian,  Continental",4.5,416,2000
Berco's,"Indirapuram Habitat Centre,Indirapuram, Ghaziabad", Ghaziabad,Ghaziabad,"Chinese,  Thai",4.3,416,1300
Indian Grill Room,"Suncity Business Tower,Golf Course Road, Gurgaon", Gurgaon,Gurgaon,"North Indian,  Mughlai",4.4,416,2200
Pindi,"Pandara Road, Central Delhi", Central Delhi,Delhi,"North Indian,  Chinese,  Mughlai",4.4,415,2500
Cafe 27,"Kailash Colony, South Delhi", South Delhi,Delhi,"Italian,  North Indian,  Chinese,  Fast Food",4.2,415,1700
China Bistro,"Worli, South Mumbai", South Mumbai,Mumbai,"Multi-Cuisine,  Chinese,  Thai,  Japanese,  Seafood,  Asian,  Sushi",4.3,415,2000
Barbeque Nation,"Kalyan Nagar, North Bangalore", North Bangalore,Bangalore,"Barbecue,  North Indian,  Drinks",4.5,415,1800
Zaranj,"New Market, Central Kolkata", Central Kolkata,Kolkata,"North Indian,  Mughlai",4.3,415,3400
Social Kitchen,"Holiday Inn Kolkata Airport,Rajarhat, 24 Parganas North", 24 Parganas North,Kolkata,"North Indian,  European,  Asian,  Fast Food",3.8,415,1500
Barrack 62 - The Gastropub,"Ascent Biz Hotel,Sector 62, Noida", Noida,Noida,"Finger Food,  North Indian,  Italian,  Chinese,  Continental",4.3,414,2000
Chili’s American Grill and Bar,"Phoenix Market City,Viman Nagar, East Pune", East Pune,Pune,"Mexican,  American,  Desserts,  Health Food,  Tex Mex",4.4,414,1800
Berco's,"Pankaj Arcade,Pitampura, North Delhi", North Delhi,Delhi,"Chinese,  Thai",4.3,413,1300
Fire & Smoke,"Indore By Pass Road, East Indore", East Indore,Indore,"North Indian,  Chinese,  Continental",4.4,413,1200
Naivedyam,"Sohna Road, Gurgaon", Gurgaon,Gurgaon,South Indian,4.4,412,500
The Reader's Cafe,"Indirapuram Habitat Centre,Indirapuram, Ghaziabad", Ghaziabad,Ghaziabad,"Italian,  Continental",4.3,409,1200
Dhaba Estd 1986 Delhi,"Indiranagar, East Bangalore", East Bangalore,Bangalore,North Indian,4.2,409,1200
Locofeast,"Nungambakkam, Central Chennai", Central Chennai,Chennai,"North Indian,  Chinese,  Seafood",4.3,409,800
Mic Drop Bar and Restaurant,"South Extension - 2, South Delhi", South Delhi,Delhi,North Indian,4,408,1000
Mystery of Food Restaurant and Bar,"Eros Market Place,Indirapuram, Ghaziabad", Ghaziabad,Ghaziabad,"North Indian,  Chinese,  Mughlai",4.3,408,1800
PizzaExpress,"Near Andheri West Station, Andheri West", Andheri West,Mumbai,"European,  Fast Food,  Italian",4.4,408,1400
No Limmits Lounge and Club,"Allied Grand Plaza,Magrath Road, Central Bangalore", Central Bangalore,Bangalore,"Chinese,  North Indian,  Continental",3.9,407,2000
Casa Kitchen,"Casa Fortuna Hotel,AJC Bose Road, South Kolkata", South Kolkata,Kolkata,"North Indian,  Chinese,  Continental",4.3,406,1200
JW Cafe,"Sahar Airport Road, Andheri East", Andheri East,Mumbai,"North Indian,  Asian,  Japanese,  Seafood",4.7,404,4500
Pop Tate's,"Korum Mall,Thane West, Thane", Thane,Mumbai,"Chinese,  Italian,  Continental",4.2,404,2000
SodaBottleOpenerWala,"Niharika Jubilee One,Jubilee Hills, Central West Hyderabad", Central West Hyderabad,Hyderabad,"Parsi,  Iranian",4.4,404,2000
Aminia,"Meena Tower,Rajarhat, 24 Parganas North", 24 Parganas North,Kolkata,"North Indian,  Biryani",4,404,700
Hoppipola,"Acropolis Mall,Kasba, South Kolkata", South Kolkata,Kolkata,"Continental,  Italian,  American",4.4,404,1800
Wood Box Cafe,"Satya Niketan, South Delhi", South Delhi,Delhi,"Fast Food,  Shakes",4.4,403,800
London Taxi,"Kamala Mills Compound,Lower Parel, South Mumbai", South Mumbai,Mumbai,"Multi-Cuisine,  Continental,  European,  Asian,  Modern Indian",4.4,403,1600
Oh! Calcutta,"Greater Kailash - 2, South Delhi", South Delhi,Delhi,"Seafood,  Bengali",4.5,402,2400
The Flying Dutchman,"Indirapuram Habitat Centre,Indirapuram, Ghaziabad", Ghaziabad,Ghaziabad,"Modern Indian,  North Indian,  Italian,  Chinese,  Continental",4.1,402,1900
China Bistro,"Capsulation Premises,Chembur, Central Suburbs", Central Suburbs,Mumbai,"Multi-Cuisine,  Chinese,  Thai,  Japanese,  Seafood,  Asian,  Sushi",4.4,402,2000
Hungry Hippie,"Jatti Building,Koramangala, South Bangalore", South Bangalore,Bangalore,"Fast Food,  Drinks",4.4,402,800
Imly,"Apsara Arcade Mall,Karol Bagh, Central Delhi", Central Delhi,Delhi,"Street Food,  North Indian,  Chinese,  South Indian,  Fast Food",3.8,401,800
Tama Brewery & World Kitchen,"Sector 16, Faridabad", Faridabad,Noida,"Finger Food,  North Indian,  Italian,  Oriental ",4.2,401,2200
Kasbah Grand,"Chandiwala Arcade,Goregaon West, North Western", North Western,Mumbai,"Multi-Cuisine,  North Indian,  Chinese,  Seafood,  Asian,  Arabian,  Mughlai",4.1,401,2000
The Fatty Bao,"Fort Knox Mall,Camac Street, Central Kolkata", Central Kolkata,Kolkata,"Asian,  Japanese,  Seafood",4.5,401,2000
Thai High,"Ambawatta One Complex,Mehrauli, South Delhi", South Delhi,Delhi,"Thai,  Seafood",4.4,400,2000
Moh Maya Cafe,"Hudson Lane, North Delhi", North Delhi,Delhi,"Multi-Cuisine,  North Indian,  Italian,  Chinese,  Continental,  Mexican",3.8,399,1500
Dhaba at Atta,"Sector 18, Noida", Noida,Noida,"North Indian,  Chinese,  Mughlai",4.2,399,1500
The Bar Terminal,"Rajabahadur Mansion,Fort, South Mumbai", South Mumbai,Mumbai,"Fast Food,  Italian,  Chinese,  Continental",4.2,399,1200
The Irish House,"Epicuria Food Mall,Nehru Place, South Delhi", South Delhi,Delhi,"European,  American,  Italian,  Continental",4.4,398,2100
Mealodrama Modern Bistro,"Rajouri Garden, West Delhi", West Delhi,Delhi,"Multi-Cuisine,  North Indian,  Italian,  Chinese,  Continental",3.9,398,1400
Bikanervala,"Western Pearl Building,Kondapur, West Hyderabad", West Hyderabad,Hyderabad,"Street Food,  Desserts,  Mithai,  North Indian,  Chinese",4.2,398,1000
Mamagoto,"Western Pearl Building,Kondapur, West Hyderabad", West Hyderabad,Hyderabad,"Asian,  Chinese,  Thai,  Japanese,  Oriental ",4.4,397,1500
Naivedyam,"Golf Course Road, Gurgaon", Gurgaon,Gurgaon,South Indian,4.4,396,500
XOOX Brewmill,"Koramangala, South Bangalore", South Bangalore,Bangalore,"Finger Food,  Modern Indian,  Italian,  Continental",4.3,396,1800
The Wine Company,"Cyber Hub,DLF Cyber City, Gurgaon", Gurgaon,Gurgaon,"Finger Food,  Italian,  European",4.4,394,2500
The Gol Chakkar,"Kalkaji, South Delhi", South Delhi,Delhi,"North Indian,  Chinese,  Continental,  Italian,  Mughlai",4.1,393,1200
Krishnapatnam,"Shreshta Aura,Jubilee Hills, Central West Hyderabad", Central West Hyderabad,Hyderabad,"South Indian,  Andhra,  North Indian",4,393,1600
The Clay Oven,"Hotel Park Residency,Green Park, South Delhi", South Delhi,Delhi,"North Indian,  Chinese,  Mughlai",4.4,391,800
India Grill,"Hilton Garden Inn,Saket, South Delhi", South Delhi,Delhi,"North Indian,  Continental,  Italian",3.9,391,2200
The Bikers Cafe Classic,"Golf Course Road, Gurgaon", Gurgaon,Gurgaon,"Continental,  Italian,  Chinese",4.3,391,1500
Nukkad Cafe & Bar,"SDA, South Delhi", South Delhi,Delhi,"Multi-Cuisine,  North Indian,  Italian,  Chinese,  Asian",4.2,390,1500
B-Hive,"Koramangala, South Bangalore", South Bangalore,Bangalore,"Finger Food,  North Indian,  Chinese",4.3,390,1800
Aurum Brew Works,"Sarjapur Road, South Bangalore", South Bangalore,Bangalore,"American,  Modern Indian",4.2,390,1400
Suufiyana,"Kalighat, South Kolkata", South Kolkata,Kolkata,"North Indian,  Chinese,  Mughlai",4.3,389,800
Route 04,"Connaught Place, Central Delhi", Central Delhi,Delhi,"Finger Food,  Italian,  Continental,  American,  Tex Mex",4.2,388,2000
United Coffee House Rewind,"Epicuria Food Mall,Nehru Place, South Delhi", South Delhi,Delhi,"Multi-Cuisine,  North Indian,  Italian,  Mediterranean,  European,  Oriental ",4.3,388,3000
Maestro A Restro Cafe,"Deep Cinema Complex,Ashok Vihar Phase - 1, North Delhi", North Delhi,Delhi,"North Indian,  Chinese,  Fast Food",4.3,387,1300
Fattoush," Hotel Euphoria,Bannerghatta Road, South Bangalore", South Bangalore,Bangalore,"North Indian,  Arabian,  Chinese",4.2,386,1000
Bokan,"East of Kailash, South Delhi", South Delhi,Delhi,"Multi-Cuisine,  North Indian,  Italian,  Continental,  Asian",4.1,385,1300
Barbeque Nation,"Unity One Mall,Rohini, North Delhi", North Delhi,Delhi,"North Indian,  Barbecue,  Mughlai",4.5,385,1700
Sounds & Spirits,"Madhapur, West Hyderabad", West Hyderabad,Hyderabad,"Continental,  Finger Food",4.1,385,1500
The FML Lounge,"Hinjewadi, West Pune", West Pune,Pune,"North Indian,  Chinese,  Continental,  Mughlai",4,385,1100
Hitchki,"First International Financial Centre,Bandra Kurla Complex, Bandra", Bandra,Mumbai,Modern Indian,4.5,384,1500
The Laalten,"Kamla Nagar, North Delhi", North Delhi,Delhi,"North Indian,  Continental,  Oriental ,  Fast Food",4.2,383,1600
The Sassy Spoon,"Express Towers,Nariman Point, South Mumbai", South Mumbai,Mumbai,"Multi-Cuisine,  Italian,  Continental,  European,  Desserts",4.3,383,2000
Dasaprakash,"Sector 104, Noida", Noida,Noida,"South Indian,  North Indian,  Continental,  Oriental ",4.3,382,800
Pind Balluchi,"Metro Walk Mall,Rohini, North Delhi", North Delhi,Delhi,"North Indian,  Mughlai",4,381,1700
Kiyan,"The Roseate,Samalkha, South Delhi", South Delhi,Delhi,"Multi-Cuisine,  North Indian,  Continental,  Thai,  European",4.5,380,4500
Lush,"Renaissance Hotel,Race Course Road, West Bangalore", West Bangalore,Bangalore,"Multi-Cuisine,  Continental,  Indian Cuisine",4.3,380,2500
Ohri's Eatmor,"White House,Begumpet, Secunderabad", Secunderabad,Hyderabad,"North Indian,  Fast Food,  Rajasthani,  Finger Food,  Street Food,  Desserts,  Ice Cream",4.2,380,800
Little Italy,"Shivaji Nagar, West Pune", West Pune,Pune,"Italian,  Desserts",4.3,380,1400
Mamagoto,"Select Citywalk Mall,Saket, South Delhi", South Delhi,Delhi,"Asian,  Chinese,  Thai,  Japanese",4.4,379,1500
Kobe Sizzlers,"Koramangala, South Bangalore", South Bangalore,Bangalore,"American,  Sizzlers,  Continental",4.2,379,1500
Urban Asia And Eat India Company,"Times Square,Gachibowli, West Hyderabad", West Hyderabad,Hyderabad,"Multi-Cuisine,  North Indian,  Chinese,  Thai,  Japanese,  Mughlai",4.1,379,1100
Pop Tate's,"Sagar Pallazio Mall,Sakinaka, Andheri East", Andheri East,Mumbai,"Chinese,  Italian,  Continental",4.3,378,2000
Pratap Lunch Home,"Fort, South Mumbai", South Mumbai,Mumbai,"Multi-Cuisine,  North Indian,  Chinese,  Seafood,  Mangalorean",4.5,377,900
The Monroe Cafe,"New Palasia, Central Indore", Central Indore,Indore,"North Indian,  Italian,  Chinese",4.1,377,800
Social Street Cafe,"Champa Gali,Saket, South Delhi", South Delhi,Delhi,"Italian,  Chinese,  Fast Food",4.3,375,1200
The Hoppery,"Jubilee Hills, Central West Hyderabad", Central West Hyderabad,Hyderabad,"Continental,  Finger Food,  Pizza",4.3,375,1800
Barbeque Nation,"Kothapet, East Hyderabad", East Hyderabad,Hyderabad,"Barbecue,  North Indian",4.2,375,1400
Deli 9,"Anvi’s ECO Grand,Gachibowli, West Hyderabad", West Hyderabad,Hyderabad,"Continental,  European",4.5,375,1300
Scrapyard,"Camac Street, Central Kolkata", Central Kolkata,Kolkata,"Multi-Cuisine,  North Indian,  Italian,  Chinese,  Continental",4.3,374,1000
The Fusion Kitchen,"Borivali West, North Western", North Western,Mumbai,"North Indian,  Italian,  Continental",4.5,373,1400
Dhaba Estd 1986 Delhi,"Cyber Hub,DLF Cyber City, Gurgaon", Gurgaon,Gurgaon,"North Indian,  Mughlai,  Fast Food",4.2,372,1200
Whisky Samba,"DLF Phase - 5, Gurgaon", Gurgaon,Gurgaon,"Multi-Cuisine,  Chinese,  Thai,  Japanese,  Indian Cuisine",4.4,371,2500
Jetlag,"Rajajinagar, West Bangalore", West Bangalore,Bangalore,"Multi-Cuisine,  North Indian,  Continental,  South Indian,  Barbecue",4,371,1500
Madrina,"Ashok Vihar Phase - 2, North Delhi", North Delhi,Delhi,"North Indian,  Italian,  Chinese",4.2,370,2200
Feast,"Sheraton Grand Pune Bund Garden Hotel,Bund Garden Road, East Pune", East Pune,Pune,"Multi-Cuisine,  North Indian,  Italian,  Continental,  European,  Asian",4.3,370,3000
Kaidi Kitchen,"Mylapore, Central Chennai", Central Chennai,Chennai,"Multi-Cuisine,  North Indian,  Italian,  Chinese,  Drinks",4.2,369,1300
HUB,"Xion Mall,Hinjewadi, West Pune", West Pune,Pune,"North Indian,  Italian,  Chinese,  Continental,  Fast Food",3.3,368,1500
Burnt Garlic,"Kalighat, South Kolkata", South Kolkata,Kolkata,Continental,4.4,368,1200
Mamagoto,"DLF Promenade Mall,Vasant Kunj, South Delhi", South Delhi,Delhi,"Asian,  Chinese,  Thai,  Japanese",4.4,367,1500
Berco's,"MGF Metropolitan Mall,Saket, South Delhi", South Delhi,Delhi,"Chinese,  Thai",4.3,367,1800
La La Land,"Cyber Edifice,Gachibowli, West Hyderabad", West Hyderabad,Hyderabad,"North Indian,  Chinese",4.1,367,1400
Subz,"Cosmopolitan Club,Jayanagar, South Bangalore", South Bangalore,Bangalore,"Chinese,  Indian Cuisine",4.4,366,1000
Caraway Kitchen,"Conrad Hotel,Ulsoor, Central Bangalore", Central Bangalore,Bangalore,"Continental,  North Indian,  Italian",4.3,365,2800
Amnesia Lounge and Bar,"Jaya Chambers,Jubilee Hills, Central West Hyderabad", Central West Hyderabad,Hyderabad,"Multi-Cuisine,  North Indian,  Italian,  Chinese,  Continental,  American",4,365,1200
Atmosphere 6,"Lunkad Skymax Mall,Viman Nagar, East Pune", East Pune,Pune,"Multi-Cuisine,  North Indian,  Italian,  Chinese,  Continental",4.2,365,2200
Mainland China,"Veera Desai, Andheri West", Andheri West,Mumbai,"Chinese,  Japanese,  Seafood",4.5,364,1800
Barbeque Nation,"Electronic City, South Bangalore", South Bangalore,Bangalore,"Barbecue,  North Indian,  Drinks",4.5,364,1800
Astoria Veg,"Thuraipakkam, South West Chennai", South West Chennai,Chennai,"South Indian,  North Indian,  Chinese",4.6,363,500
Riso,"Janta Industrial Estate,Lower Parel, South Mumbai", South Mumbai,Mumbai,"Italian,  Mexican",4.2,361,1500
Social,"Near Andheri West Station, Andheri West", Andheri West,Mumbai,"North Indian,  Continental,  Finger Food,  American,  Asian",4.3,360,2000
Ohris Eatmor,"Ohri's Banjara,Banjara Hills, Central East Hyderabad", Central East Hyderabad,Hyderabad,"North Indian,  Fast Food,  Desserts",4,360,1200
Jungle Safari,"Mani Square,Kankurgachhi, East Kolkata", East Kolkata,Kolkata,"North Indian,  Italian",4.4,360,1200
Gola Sizzlers,"B.K Dutta Market,Rajouri Garden, West Delhi", West Delhi,Delhi,"Sizzlers,  North Indian,  Chinese",4,359,1200
Highland,"Balewadi High Street,Baner, West Pune", West Pune,Pune,"North Indian,  Continental,  Chinese,  Finger Food",3.9,359,1500
Amelie's,"Alwarpet, Central Chennai", Central Chennai,Chennai,"Continental,  Italian",4.4,358,1000
La Roca,"Worldmark 1,Aerocity, South Delhi", South Delhi,Delhi,"European,  Turkish,  Asian,  Modern Indian",4.3,357,2600
By The Bay - Bar Exchange,"Khairatabad, Central Hyderabad", Central Hyderabad,Hyderabad,"North Indian,  Italian,  Continental",4.1,357,1600
Tatva,"Jubilee Hills, Central West Hyderabad", Central West Hyderabad,Hyderabad,"Multi-Cuisine,  North Indian,  Chinese,  Continental,  European,  Mughlai",4.4,357,1500
Mainland China,"Uniworth House,Ballygunge, South Kolkata", South Kolkata,Kolkata,"Asian,  Chinese,  Thai",4.5,357,2000
The Yellow Chilli,"Pacific Mall,Sahibabad, Ghaziabad", Ghaziabad,Ghaziabad,"North Indian,  Mughlai",4.1,355,2000
The Culinary Court,"Park Ascent Hotel,Sector 62, Noida", Noida,Noida,"North Indian,  Chinese,  Continental,  Mughlai",4.3,355,2000
21 shots -  The MRP Bar,"Sector 29, Gurgaon", Gurgaon,Gurgaon,"Finger Food,  North Indian,  Italian",4.1,354,2000
Le Stone,"Ravet, West Pune", West Pune,Pune,"Multi-Cuisine,  North Indian,  Italian,  Chinese,  Continental",4.3,354,1300
Capital Social,"Bandra Kurla Complex, Bandra", Bandra,Mumbai,"North Indian,  Continental,  Finger Food,  American,  Asian",4.3,353,2000
10 Downing Street,"SLN Terminus,Gachibowli, West Hyderabad", West Hyderabad,Hyderabad,"Multi-Cuisine,  North Indian,  Chinese,  Continental",4.4,353,2000
Le Coffee Creme,"Salt Lake, East Kolkata", East Kolkata,Kolkata,"Italian,  Continental,  Chinese,  Oriental ",4.1,353,1000
Seasonal Tastes,"The Westin Kolkata Rajarhat,New Town, 24 Parganas North", 24 Parganas North,Kolkata,"North Indian,  Italian,  Continental",4.4,353,4200
The Chocolate Room,"University Plaza,Navrangpura, West Ahmedabad", West Ahmedabad,Ahmedabad,"Desserts,  Coffee,  Ice Cream,  Fast Food,  Shakes",4.2,353,500
Serafina,"Quest Mall,Ballygunge, South Kolkata", South Kolkata,Kolkata,Italian,4.3,352,2500
Walking Street,"Sector 29, Gurgaon", Gurgaon,Gurgaon,"North Indian,  Mughlai,  Multi-Cuisine,  Fast Food,  Italian,  Chinese,  Seafood",4.2,351,2200
Hard Rock Cafe,"St. Marks Road, Central Bangalore", Central Bangalore,Bangalore,"Multi-Cuisine,  Mediterranean,  American,  Modern Indian",4.4,351,2500
Beto's,"NIBM Road, South Pune", South Pune,Pune,"Multi-Cuisine,  North Indian,  Italian,  Chinese,  Continental,  Mexican,  Finger Food",4,351,1800
Berco's,"Kamla Nagar, North Delhi", North Delhi,Delhi,"Chinese,  Thai",4.1,350,1300
Fusion 9,"Inorbit Mall,Madhapur, West Hyderabad", West Hyderabad,Hyderabad,"Asian,  Fusion,  Italian,  Continental",4.2,350,1800
The Sassy Spoon,"Sanskruti Lifestyle Complex,Koregaon Park, East Pune", East Pune,Pune,"Multi-Cuisine,  Italian,  Continental,  Mediterranean,  European,  Asian,  Finger Food,  Desserts,  Modern Indian",4.5,350,1500
Punjab Grill,"Ambience Mall,DLF Phase - 3, Gurgaon", Gurgaon,Gurgaon,"North Indian,  Mughlai",4.1,349,2200
Chili's American Grill and Bar,"Orion Mall,Rajajinagar, West Bangalore", West Bangalore,Bangalore,"American,  Mexican",4.1,349,2200
Little North,"Kilpauk, North Chennai", North Chennai,Chennai,"North Indian,  Chinese",4.2,347,800
Effingut,"Koregaon Park, East Pune", East Pune,Pune,"North Indian,  Continental,  Seafood",4.5,347,2000
Barbeque Nation,"Lake Mall,Rashbehari Avenue, South Kolkata", South Kolkata,Kolkata,"Barbecue,  North Indian,  Chinese,  Mughlai",4.4,347,1500
Empress Delhi,"Rajouri Garden, West Delhi", West Delhi,Delhi,"Multi-Cuisine,  North Indian,  Chinese,  Continental,  Fast Food",4.1,346,900
Toscano,"Orion Mall,Rajajinagar, West Bangalore", West Bangalore,Bangalore,"Italian,  Mediterranean,  Desserts,  Pizza",4.5,346,1500
Hammered,"HSR Layout, South Bangalore", South Bangalore,Bangalore,Continental,4.1,346,1200
Melange,"Radisson Blu Bengaluru Outer Ring Road,Marathahalli, East Bangalore", East Bangalore,Bangalore,"Continental,  North Indian",4.4,346,2500
KA 01,"Ibis Bengaluru City Centre,Richmond Town, Central Bangalore", Central Bangalore,Bangalore,"North Indian,  Modern Indian",4.1,345,1400
Vintage Asia,"JW Marriott Hotel Kolkata,JBS Haldane Avenue, South Kolkata", South Kolkata,Kolkata,"Asian,  Chinese,  Thai,  Tibetan",4.5,345,3100
Punjab Grill Tappa,"Cyber Hub,DLF Cyber City, Gurgaon", Gurgaon,Gurgaon,"North Indian,  Mughlai",4.2,344,2200
SKY HEART LOUNGE & BAR (MY BAR),"Punjabi Bagh, West Delhi", West Delhi,Delhi,"Finger Food,  North Indian,  Italian,  Chinese,  Continental",4,343,1500
The Eighteen Fine Dine Lounge,"Vijay Nagar, East Indore", East Indore,Indore,"North Indian,  Italian,  Continental",4.5,343,1600
Aureate,"El Dorado Hotel,Navrangpura, West Ahmedabad", West Ahmedabad,Ahmedabad,"North Indian,  Italian,  Chinese,  Continental",4.5,342,1000
Maini's Green Leaf,"Unity One Mall,Shahdara, East Delhi", East Delhi,Delhi,"North Indian,  Italian,  Chinese",4.3,340,1000
Farzi Cafe,"Worldmark 3,Aerocity, South Delhi", South Delhi,Delhi,"Modern Indian,  Continental,  Finger Food",4.2,340,2000
What's In D Name,"Park Street, Central Kolkata", Central Kolkata,Kolkata,"North Indian,  Finger Food,  Street Food",4.2,340,1700
Yanki Sizzlers,"Navrangpura, West Ahmedabad", West Ahmedabad,Ahmedabad,"Italian,  Continental,  Chinese,  Sizzlers",4.5,340,1200
Telangana Spice Kitchen,"Jubilee Hills, Central West Hyderabad", Central West Hyderabad,Hyderabad,"North Indian,  Chinese,  Mughlai",4.2,339,1500
Big Hit Restaurant,"Thuraipakkam, South West Chennai", South West Chennai,Chennai,"Multi-Cuisine,  North Indian,  Italian,  Continental,  Asian",3.7,338,1200
Barbeque Nation,"A S Rao Nagar, Secunderabad", Secunderabad,Hyderabad,"Barbecue,  North Indian",4.4,338,1400
Dine O China,"Gachibowli, West Hyderabad", West Hyderabad,Hyderabad,"Chinese,  Asian,  Seafood",4.3,338,1100
ABs - Absolute Barbecues,"Sector 62, Noida", Noida,Noida,"North Indian,  Mediterranean,  European,  Barbecue",4.5,337,1800
Asia Alive,"DoubleTree Suites by Hilton,Sarjapur Road, South Bangalore", South Bangalore,Bangalore,"Multi-Cuisine,  North Indian,  Continental,  South Indian,  Thai,  Asian",3.9,337,1800
Radio Station,"Kailash Colony, South Delhi", South Delhi,Delhi,"Finger Food,  North Indian,  Italian,  Chinese,  Continental",4.3,336,1600
Sly Fox Gastro Club,"Globsyn Crystals Building,Salt Lake, East Kolkata", East Kolkata,Kolkata,"North Indian,  Italian,  Chinese,  Continental,  Asian",4.4,336,1500
Zaffran,"Hotel Palace Heights,Connaught Place, Central Delhi", Central Delhi,Delhi,"North Indian,  Mughlai",4.5,335,1000
Liv Bar,"Worldmark 1,Aerocity, South Delhi", South Delhi,Delhi,"Multi-Cuisine,  Chinese,  Continental,  European",4.2,335,2600
Pop Tate's,"Parth Business Plaza,Malad West, North Western", North Western,Mumbai,"Chinese,  Italian,  Continental",4.3,335,2000
Zaika Crave,"Club Aquaria,Borivali West, North Western", North Western,Mumbai,"North Indian,  Chinese,  Continental",4.3,335,1500
Mainland China,"Jayanagar, South Bangalore", South Bangalore,Bangalore,"Chinese,  Seafood,  Asian",4.4,335,1600
Aminia,"Shyambazar, North Kolkata", North Kolkata,Kolkata,"North Indian,  Biryani",4.1,335,700
The Drowning Street,"Rohtas Summit,Gomti Nagar, East Lucknow", East Lucknow,Lucknow,"North Indian,  Italian,  Continental",4.1,335,1600
ABs - Absolute Barbecues,"Chromepet, South West Chennai", South West Chennai,Chennai,"North Indian,  Barbecue",4.2,334,1400
The Barkhana,"Commercia Mall,Wakad, West Pune", West Pune,Pune,"Multi-Cuisine,  North Indian,  Italian,  Chinese",4.4,334,1600
SAZ- American Brasserie,"Fort Knox Mall,Camac Street, Central Kolkata", Central Kolkata,Kolkata,American,4.2,334,1800
Pop Tate's,"Mayfair Sonata Green CHS,Vikhroli West, Central Suburbs", Central Suburbs,Mumbai,"Chinese,  Italian,  Continental",4.3,333,2000
Pali Village,"Mira Road East, North Western", North Western,Mumbai,"Multi-Cuisine,  North Indian,  Italian,  Chinese,  Seafood,  Mughlai",4.1,333,2000
Toscano,"UB City,Vittal Mallya Road, Central Bangalore", Central Bangalore,Bangalore,"Italian,  Mediterranean,  Desserts,  Pizza",4.5,333,1500
Ulavacharu,"Fantasy Square Building,Gachibowli, West Hyderabad", West Hyderabad,Hyderabad,"Seafood,  Andhra,  North Indian,  Chinese",3.9,333,1000
Berco's,"Metro Walk Mall,Rohini, North Delhi", North Delhi,Delhi,"Chinese,  Thai",4.2,331,1500
Aminia,"Golpark, South Kolkata", South Kolkata,Kolkata,"North Indian,  Biryani",4.2,331,700
Yes Minister - Pub & Kitchen,"Essex Farms,Aurobindo Marg, South Delhi", South Delhi,Delhi,"Continental,  Italian,  American",4.2,330,1800
Global Fusion,"Near Andheri West Station, Andheri West", Andheri West,Mumbai,"North Indian,  Chinese,  Sushi",4.5,330,2000
Decode Air Bar,"Sector 29, Gurgaon", Gurgaon,Gurgaon,"Finger Food,  Fusion,  North Indian,  Italian,  Asian,  Oriental ,  Modern Indian,  Sushi",4.2,329,2200
Hard Rock Cafe,"GVK One Mall,Banjara Hills, Central East Hyderabad", Central East Hyderabad,Hyderabad,"Multi-Cuisine,  Continental,  American,  Modern Indian",4.3,329,2400
Naivedyam,"Hauz Khas Village, South Delhi", South Delhi,Delhi,South Indian,4.2,328,500
Barbeque Nation,"Vasant Kunj, South Delhi", South Delhi,Delhi,"North Indian,  Barbecue,  Mughlai",4.6,328,1700
Sammy Sosa,"CBD-Belapur, Navi Mumbai", Navi Mumbai,Mumbai,"Italian,  Asian,  Continental,  Mexican",4.6,328,1500
Spice 6 - The Arab Villagio,"Banjara Hills, Central East Hyderabad", Central East Hyderabad,Hyderabad,"Multi-Cuisine,  North Indian,  Chinese,  Lebanese,  Arabian",4.2,328,1200
Clove - The Platinum Hotel,"The Platinum Hotel,Himayath Nagar, Central Hyderabad", Central Hyderabad,Hyderabad,"North Indian,  Chinese,  Italian,  Continental",4.1,328,800
Bakstage,"Insignia Tower,Salt Lake, East Kolkata", East Kolkata,Kolkata,"Finger Food,  North Indian,  Italian,  Continental",4.1,328,1700
The Corner Courtyard,"Hazra, South Kolkata", South Kolkata,Kolkata,"Italian,  Continental,  European",4.2,328,1200
The Patiala Kkitchen,"Dharam Palace Mall,Sector 18, Noida", Noida,Noida,"North Indian,  Chinese",4.2,327,1600
Around d' Globe,"Borivali West, North Western", North Western,Mumbai,"Multi-Cuisine,  North Indian,  Italian,  Chinese,  Continental,  Mexican,  Oriental ",4.3,327,1000
One Atria Cafe,"Radisson Blu Atria Bengaluru,Palace Road, West Bangalore", West Bangalore,Bangalore,"Multi-Cuisine,  North Indian,  Italian,  Continental,  South Indian,  American",4.3,327,1600
Tatva,"Balewadi High Street,Baner, West Pune", West Pune,Pune,"North Indian,  Chinese,  Continental,  South Indian",4.2,327,1100
Local,"Sector 29, Gurgaon", Gurgaon,Gurgaon,"North Indian,  Continental",3.9,326,1800
House of Commons,"Koramangala, South Bangalore", South Bangalore,Bangalore,"Finger Food,  North Indian,  Continental",4.4,326,1400
Aqua,"The Park,Somajiguda, Central East Hyderabad", Central East Hyderabad,Hyderabad,"Finger Food,  Fast Food",4.1,326,2800
Pavilion 75,"WelcomHotel,Dwarka, West Delhi", West Delhi,Delhi,"Multi-Cuisine,  North Indian,  Italian,  Continental,  Oriental ",4.2,324,2500
Social,"Rohan Plaza,Khar West, Bandra", Bandra,Mumbai,"North Indian,  Continental,  Finger Food,  American,  Asian",4.4,324,2000
Ulavacharu,"Jubilee Hills, Central West Hyderabad", Central West Hyderabad,Hyderabad,"Seafood,  Andhra,  North Indian,  Chinese",3.8,324,1000
The Piano Man Jazz Club,"Safdarjung Enclave Market,Safdarjung, South Delhi", South Delhi,Delhi,"European,  Asian,  Italian",4.4,323,2500
Ristretto - Behind The Rods,"Maharaja Palace,Navrangpura, West Ahmedabad", West Ahmedabad,Ahmedabad,"Italian,  Continental,  Indian Cuisine,  North Indian,  Fast Food,  Coffee,  Pizza",4.5,322,1000
The Union Bar & Eating House,"Vashi, Navi Mumbai", Navi Mumbai,Mumbai,"Multi-Cuisine,  North Indian,  Italian,  Continental",4.6,321,2000
Mainland China,"Viviana Mall,Thane West, Thane", Thane,Mumbai,"Chinese,  Seafood,  Asian",4.3,321,1800
Shisha - Bar Stock Exchange,"Westside Building,Camac Street, Central Kolkata", Central Kolkata,Kolkata,Finger Food,4.3,321,1500
Smoke House Deli,"Lavelle Road, Central Bangalore", Central Bangalore,Bangalore,"European,  American,  Italian,  Continental,  Tea",4.4,320,1500
Buffalo Wild Wings,"Axis Tower,Jubilee Hills, Central West Hyderabad", Central West Hyderabad,Hyderabad,American,4.4,320,2500
Terminal 11,"Salt Lake, East Kolkata", East Kolkata,Kolkata,"Italian,  Fast Food,  Continental,  Coffee,  Shakes",4.3,320,1000
Roadhouse Cafe,"Greater Kailash - 1, South Delhi", South Delhi,Delhi,"Italian,  Chinese,  Thai,  Mediterranean,  American,  Asian",4.4,319,2400
Pop Tate's,"R-Mall,Mulund West, Central Suburbs", Central Suburbs,Mumbai,"Chinese,  Italian,  Continental",4.3,319,2000
Exotica,"Yerwada, East Pune", East Pune,Pune,"Multi-Cuisine,  North Indian,  Chinese,  Continental,  Mediterranean",4.3,319,1500
The Break Room,"Clover Hills Plaza,NIBM Road, South Pune", South Pune,Pune,"North Indian,  Continental,  Fast Food",4.1,319,1600
Veda,"Connaught Place, Central Delhi", Central Delhi,Delhi,"North Indian,  Seafood,  Mughlai",4.1,318,2700
Dhaba Estd 1986 Delhi,"Sector 7, East Chandigarh", East Chandigarh,Chandigarh,"North Indian,  Mughlai",4.5,318,1200
Blue & Beyond,"The Lindsay Kolkata,Dharmatala, Central Kolkata", Central Kolkata,Kolkata,"North Indian,  Continental",3.9,317,2000
The Legacy of Sasuraal,"Sector 29, Gurgaon", Gurgaon,Gurgaon,"North Indian,  Chinese,  Seafood",4.1,316,2200
Mulk,"Andheri Lokhandwala, Andheri West", Andheri West,Mumbai,"North Indian,  Mughlai",4.6,316,2000
The Punterhouse Reloaded,"City Centre Mall,Dwarka, West Delhi", West Delhi,Delhi,"Multi-Cuisine,  North Indian,  Italian,  Continental,  Oriental ",4.1,315,2000
Gola Sizzlers,"Ambience Mall,DLF Phase - 3, Gurgaon", Gurgaon,Gurgaon,"Sizzlers,  North Indian,  Chinese",4.1,315,1500
"Michigan Taps- Brewhouse, Kitchen & Cocktail","Global Foyer Mall,Golf Course Road, Gurgaon", Gurgaon,Gurgaon,"Italian,  American,  North Indian,  Continental,  Asian",4.3,314,1400
Mainland China,"Platinum Techno Park,Vashi, Navi Mumbai", Navi Mumbai,Mumbai,"Chinese,  Seafood",4.4,314,1800
Fable,"Ashiyana Apartment,Juhu, Andheri West", Andheri West,Mumbai,"Italian,  Continental,  American,  Fast Food",4.4,314,1800
10 Downing Street,"Lifestyle Building,Begumpet, Secunderabad", Secunderabad,Hyderabad,"Multi-Cuisine,  North Indian,  Chinese,  Continental,  Finger Food",4.4,314,2000
Sentosa Multi Cuisine Restaurant,"Ravet, West Pune", West Pune,Pune,"North Indian,  Chinese",4.3,314,1200
Carnival Restaurant and Bar,"Koregaon Park, East Pune", East Pune,Pune,"North Indian,  Chinese,  Continental,  Seafood,  Desserts",4.3,313,2000
Taxi - World Food Cafe,"Vijay Nagar, North Delhi", North Delhi,Delhi,"Multi-Cuisine,  North Indian,  Italian,  Chinese,  Continental",4.4,312,1200
AnnaMaya,"Andaz Delhi,Aerocity, South Delhi", South Delhi,Delhi,"European,  North Indian,  Continental",4.2,312,4000
Mamagoto,"Gazebo House,Bandra West, Bandra", Bandra,Mumbai,"Asian,  Chinese,  Thai,  Japanese,  Oriental ",4.5,312,1500
Pirates of Grill,"Levana Cyber Heights,Gomti Nagar, East Lucknow", East Lucknow,Lucknow,"Multi-Cuisine,  North Indian,  Chinese,  Continental",4.4,312,2000
Hakkasan,"Krystal Building,Bandra West, Bandra", Bandra,Mumbai,"Chinese,  Seafood,  Cantonese",4.5,311,2500
Masala Mastee,"Borivali West, North Western", North Western,Mumbai,"North Indian,  Chinese,  Continental,  Street Food,  Fast Food",4.3,311,1200
Cafe Lazy Mojo,"Malviya Nagar, South Jaipur", South Jaipur,Jaipur,"Continental,  North Indian,  Italian,  Chinese",4.5,311,1200
Cafe High5,"Connaught Place, Central Delhi", Central Delhi,Delhi,"North Indian,  Chinese,  Continental,  Oriental ",3.9,310,1800
Baluchi,"The Lalit New Delhi,Connaught Place, Central Delhi", Central Delhi,Delhi,"North Indian,  Mughlai",4.4,310,4000
The Great Kabab Factory,"Radisson Noida,Sector 55, Noida", Noida,Noida,"North Indian,  Mughlai",4.4,310,3000
Shiro,"UB City,Vittal Mallya Road, Central Bangalore", Central Bangalore,Bangalore,"Chinese,  Japanese,  Asian",4.4,310,3000
Rural Blues,"Sarjapur Road, South Bangalore", South Bangalore,Bangalore,"Finger Food,  North Indian,  South Indian,  Mediterranean,  European,  Asian",4.2,309,1500
Hoppipola,"Mani Square,Kankurgachhi, East Kolkata", East Kolkata,Kolkata,"Continental,  Italian,  American",4.4,309,1800
Baby Dragon Bar and Restaurant,"Sector 18, Noida", Noida,Noida,"Chinese,  North Indian,  Continental,  Thai,  Fast Food",4.2,308,2000
Broadway - The Gourmet Theatre,"HSR Layout, South Bangalore", South Bangalore,Bangalore,"Japanese,  North Indian,  Continental,  Sushi",4.3,308,1800
Mi Hi Koli,"Ajit Darshan Building,Thane West, Thane", Thane,Mumbai,"Seafood,  Maharashtrian,  Malvani",4,307,1000
Ministry of Food,"Hilton Bangalore Embassy GolfLinks,Domlur, East Bangalore", East Bangalore,Bangalore,"Asian,  Multi-Cuisine,  Italian,  European,  Seafood,  African",4.4,307,3000
Wanderers - Craft Brewery and Artisan Cafe,"Kalyan Nagar, North Bangalore", North Bangalore,Bangalore,"Multi-Cuisine,  North Indian,  Italian,  Continental,  Mexican,  Asian",4.1,307,1400
Sevilla,"The Claridges,Aurangzeb Road, Central Delhi", Central Delhi,Delhi,"Italian,  Spanish",4.5,306,5000
Ping's Cafe Orient,"Lodhi Colony, South Delhi", South Delhi,Delhi,Asian,4.4,306,2100
Dhaba Estd 1986 Delhi,"Worldmark 2,Aerocity, South Delhi", South Delhi,Delhi,North Indian,4.2,306,1200
Barbeque Nation,"Stellar IT Park,Sector 62, Noida", Noida,Noida,"North Indian,  Barbecue,  Mughlai",4.4,306,1700
Clock Tower,"Golf Course Road, Gurgaon", Gurgaon,Gurgaon,"Finger Food,  North Indian,  Italian,  Asian",4.4,306,2800
Azzuri Bay,"Adyar, South Chennai", South Chennai,Chennai,"Multi-Cuisine,  Italian,  Mediterranean,  Seafood,  Asian",4.3,306,1400
Sky Route,"Malik Plaza,Dwarka, West Delhi", West Delhi,Delhi,"Multi-Cuisine,  North Indian,  Italian,  Continental,  Oriental ,  Fast Food",4,305,2000
China Bistro,"Infinity Shopping Complex,Thane West, Thane", Thane,Mumbai,"Multi-Cuisine,  Chinese,  Thai,  Japanese,  Seafood,  Asian,  Sushi",4.4,304,2000
Aminia,"Behala, South Kolkata", South Kolkata,Kolkata,"North Indian,  Biryani",4.3,304,700
Rang De Basanti Dhaba,"Diamond Plaza Mall,Jessore Road, 24 Parganas North", 24 Parganas North,Kolkata,North Indian,3.9,303,800
Kheer,"Roseate House,Aerocity, South Delhi", South Delhi,Delhi,"North Indian,  Mughlai",4.6,302,6000
Pawan Putra,"Kankurgachhi, East Kolkata", East Kolkata,Kolkata,"Multi-Cuisine,  North Indian,  Chinese,  Continental,  South Indian",4.2,302,1000
Saptami,"Sakinaka, Andheri East", Andheri East,Mumbai,"North Indian,  Continental,  South Indian",4.4,301,2500
Toscano,"The Forum Mall,Koramangala, South Bangalore", South Bangalore,Bangalore,"Italian,  Mediterranean,  Desserts,  Pizza",4.5,300,2500
Persian Darbar,"Marol, Andheri East", Andheri East,Mumbai,"North Indian,  Chinese,  Mughlai,  Biryani",4.3,299,1500
Green Theory,"Residency Road, Central Bangalore", Central Bangalore,Bangalore,"Italian,  Continental,  Tea",4.4,299,1000
Asia Kitchen by Mainland China,"Acropolis Mall,Kasba, South Kolkata", South Kolkata,Kolkata,"Chinese,  Asian,  Seafood",4.6,299,2100
The Mint Leaf Kitchen & Bar,"Airoli, Navi Mumbai", Navi Mumbai,Mumbai,"Multi-Cuisine,  North Indian,  Italian,  Chinese,  Continental",4.1,298,1200
Tipsy Bull - The Bar Exchange,"Bellandur, South Bangalore", South Bangalore,Bangalore,"Chinese,  Continental",4.3,298,1100
OTB Courtyard,"Connaught Place, Central Delhi", Central Delhi,Delhi,"World Cuisine,  Multi-Cuisine,  North Indian,  Italian,  Chinese,  Continental,  American,  Fast Food",4.1,297,2000
Flamboyante,"World Trade Centre,Cuffe Parade, South Mumbai", South Mumbai,Mumbai,"North Indian,  Asian,  Thai,  Seafood,  Fast Food",4.6,297,2000
Ssaffron,"Shangri-La Hotel,Vasanth Nagar, Central Bangalore", Central Bangalore,Bangalore,North Indian,4.6,297,3000
The Masala County,"Shree Balaji Agora Mall,Chandkheda, North Ahmedabad", North Ahmedabad,Ahmedabad,North Indian,4.2,297,1200
Mainland China,"Hitech City, West Hyderabad", West Hyderabad,Hyderabad,"Chinese,  Seafood",4.2,296,1700
The Night Jar,"Leisure Inn Grand Chanakya,Mirza Ismail Road, West Jaipur", West Jaipur,Jaipur,"North Indian,  Continental,  Chinese",4.2,296,1100
Seasonal Tastes,"The Westin Hotel,Sector 29, Gurgaon", Gurgaon,Gurgaon,"North Indian,  Continental,  Italian,  Asian",4.4,295,5000
Family Tree,"The Destination SRA CHS Ltd,Ghatkopar East, Central Suburbs", Central Suburbs,Mumbai,"Chinese,  European,  North Indian",4.2,295,1000
FC Road Social,"F.C. Road, West Pune", West Pune,Pune,"Multi-Cuisine,  Italian,  Continental,  American,  Oriental ,  Modern Indian",4.4,295,2000
Levels-  The Club,"Salt Lake, East Kolkata", East Kolkata,Kolkata,"Multi-Cuisine,  North Indian,  Italian,  Chinese,  Continental",4.3,295,1500
Boombox Bar Xchange,"Gomti Nagar, East Lucknow", East Lucknow,Lucknow,"North Indian,  Italian,  Continental",4.1,295,1500
Kava,"Fairfield by Marriott,New Town, 24 Parganas North", 24 Parganas North,Kolkata,"North Indian,  Chinese,  Continental",3.8,293,2200
Folks,"Sector 16, Faridabad", Faridabad,Noida,"North Indian,  Finger Food,  Chinese,  Thai",4.5,292,1800
Firki*,"Janta Industrial Estate,Lower Parel, South Mumbai", South Mumbai,Mumbai,"Multi-Cuisine,  North Indian,  Maharashtrian,  Gujarati,  Rajasthani",4,292,1000
Guppy,"Lodhi Colony, South Delhi", South Delhi,Delhi,"Asian,  Japanese,  Oriental ",4.3,291,2500
Copa Cabana,"Wakad, West Pune", West Pune,Pune,"Multi-Cuisine,  North Indian,  Thai,  Mexican,  Japanese",4.3,290,1500
Naivedyam,"Kalkaji, South Delhi", South Delhi,Delhi,South Indian,4.3,289,500
The Irish House,"Quest Mall,Ballygunge, South Kolkata", South Kolkata,Kolkata,"European,  American,  Italian,  Continental",4.4,289,1900
Warehouse KitchenBar,"Malad West, North Western", North Western,Mumbai,"North Indian,  Continental,  Oriental ,  Seafood,  Fast Food",4.2,288,2000
Nevermind - Bar & Social,"OYO Town House,Indiranagar, East Bangalore", East Bangalore,Bangalore,"Asian,  Continental,  Modern Indian",4.3,288,1500
The Chutney Co.,"Centre Point,B B D Bagh, Central Kolkata", Central Kolkata,Kolkata,South Indian,4.5,288,400
PizzaExpress,"Ambience Mall,DLF Phase - 3, Gurgaon", Gurgaon,Gurgaon,"Italian,  European",4.5,287,2200
SodaBottleOpenerWala,"Viviana Mall,Thane West, Thane", Thane,Mumbai,"Parsi,  Iranian,  North Indian,  Street Food",4.2,287,1600
The Bangalore Cafe,"Shanti Nagar, Central Bangalore", Central Bangalore,Bangalore,"Modern Indian,  North Indian,  Italian,  Continental,  Pizza",4.4,287,800
Chili's American Grill and Bar,"Bellandur, South Bangalore", South Bangalore,Bangalore,"American,  Mexican",4.3,287,2200
Maini's Green Leaf,"Sector 78, Noida", Noida,Noida,North Indian,4.3,286,1000
Barbeque Nation,"Ambience Mall,DLF Phase - 3, Gurgaon", Gurgaon,Gurgaon,"North Indian,  Barbecue,  Mughlai",4.3,286,1700
Facing East,"Juhu, Andheri West", Andheri West,Mumbai,"Chinese,  Thai,  Seafood",4.4,286,1800
Dhaba Estd 1986 Delhi,"Marathahalli, East Bangalore", East Bangalore,Bangalore,"North Indian,  Mughlai,  Desserts",4.2,286,1200
Hitchki,"Hiranandani Business Park,Powai, Powai", Powai,Mumbai,"Modern Indian,  North Indian,  Fast Food",4.5,285,1500
Ohri's - Ming's Court,"Ohri's Cuisine Court,Basheerbagh, Central Hyderabad", Central Hyderabad,Hyderabad,"Chinese,  Seafood",4.4,285,1300
Ohri's Mehfill,"Hotel Baseraa,SD Road, Secunderabad", Secunderabad,Hyderabad,"North Indian,  Mughlai",4.1,285,1800
Tiki Shack,"Times Square,Gachibowli, West Hyderabad", West Hyderabad,Hyderabad,"Continental,  Finger Food",4.2,284,1300
Shiv Sagar,"Lunkad Sky Cruise,Viman Nagar, East Pune", East Pune,Pune,"Multi-Cuisine,  North Indian,  Italian,  Chinese,  South Indian,  Fast Food,  Shakes",4.1,284,800
Sizzling Shihai,"Shree Balaji Agora Mall,Chandkheda, North Ahmedabad", North Ahmedabad,Ahmedabad,"Japanese,  Asian,  Oriental ,  Chinese,  Thai",4.4,284,1200
Retreat,"C Scheme, Central Jaipur", Central Jaipur,Jaipur,"North Indian,  Continental,  Italian,  Chinese",4.1,284,2000
Housefull Cafe Lounge,"Hudson Lane, North Delhi", North Delhi,Delhi,"Multi-Cuisine,  North Indian,  Italian,  Continental,  Asian",4.2,283,1800
The Tunnel,"Kankurgachhi, East Kolkata", East Kolkata,Kolkata,"North Indian,  Chinese,  Continental",4.3,283,800
The Great Kabab Factory,"Radisson Blu Hotel,Ambawadi, West Ahmedabad", West Ahmedabad,Ahmedabad,"North Indian,  Seafood,  Mughlai,  Hyderabadi",4.2,283,2000
Garam Dharam,"Sector 18, Noida", Noida,Noida,"North Indian,  Chinese",4,281,1600
Dhaba Estd 1986 Delhi,"Epicuria Food Mall,Nehru Place, South Delhi", South Delhi,Delhi,North Indian,4.2,280,1200
TOS - Tales Over Spirits,"Banjara Hills, Central East Hyderabad", Central East Hyderabad,Hyderabad,"North Indian,  Chinese",3.9,280,1500
Oakleaf,"Oakwood Residence Kapil Hyderabad,Gachibowli, West Hyderabad", West Hyderabad,Hyderabad,"Multi-Cuisine,  North Indian,  Italian,  Continental,  Asian",4,280,2000
Yauatcha,"Quest Mall,Ballygunge, South Kolkata", South Kolkata,Kolkata,"Chinese,  Asian",4.6,280,2400
Verandah,"The Park,Somajiguda, Central East Hyderabad", Central East Hyderabad,Hyderabad,"Multi-Cuisine,  North Indian,  Italian,  Chinese,  Continental",4,279,3300
Nawab Asia,"Balewadi High Street,Baner, West Pune", West Pune,Pune,"North Indian,  Chinese,  Mughlai",4.4,279,1200
The Race Lounge And Bar,"Rajouri Garden, West Delhi", West Delhi,Delhi,"Multi-Cuisine,  North Indian,  Italian,  Continental,  Lebanese,  Oriental ",3.8,278,1200
Cascade,"Radisson Hyderabad Hitec City,Gachibowli, West Hyderabad", West Hyderabad,Hyderabad,"Multi-Cuisine,  North Indian,  Italian,  Continental,  Asian",3.9,278,2300
Aminia,"Dumdum, 24 Parganas North", 24 Parganas North,Kolkata,"North Indian,  Biryani",3.8,278,700
Berco's,"Central Plaza Mall,Golf Course Road, Gurgaon", Gurgaon,Gurgaon,"Chinese,  Thai",4.1,277,1300
Piccadilly Square,"Elgin Road, South Kolkata", South Kolkata,Kolkata,"Italian,  Spanish,  Desserts",4.4,277,800
The Embassy,"Connaught Place, Central Delhi", Central Delhi,Delhi,"Multi-Cuisine,  North Indian,  Italian,  Continental,  European",4.2,276,2800
Pirates Of Grill,"Ambience Mall,Vasant Kunj, South Delhi", South Delhi,Delhi,"North Indian,  Continental,  Mughlai",4.4,275,2000
"Haiku,The Asian Kitchen","Banjara Hills, Central East Hyderabad", Central East Hyderabad,Hyderabad,"Asian,  Thai,  Japanese,  Indonesian",4.4,275,1500
The Barbeque Company,"Gardens Galleria,Sector 38A, Noida", Noida,Noida,"North Indian,  Chinese,  Mughlai,  Barbecue",4.3,274,1500
Kareem's,"Park Street, Central Kolkata", Central Kolkata,Kolkata,"North Indian,  Mughlai",4.4,274,1300
Parosa,"Silver Radiance,Bodakdev, West Ahmedabad", West Ahmedabad,Ahmedabad,"North Indian,  Chinese,  Continental,  Italian",4.2,274,800
Culture Brew Exchange,"Sector 26, East Chandigarh", East Chandigarh,Chandigarh,"Multi-Cuisine,  North Indian,  Italian,  Continental,  Mexican,  Oriental ",4.1,273,1000
The Salt House,"Shakespeare Sarani, Central Kolkata", Central Kolkata,Kolkata,"Italian,  Continental",4.3,272,2500
Barbeque Nation,"City Centre 2, New Town,Rajarhat, 24 Parganas North", 24 Parganas North,Kolkata,"Barbecue,  North Indian,  Chinese,  Mughlai",4.5,272,1500
Dasaprakash,"Spice World Mall,Sector 25A, Noida", Noida,Noida,"South Indian,  North Indian,  Continental,  Oriental ",4.4,271,800
Lake View Cafe,"Renaissance Mumbai Convention Centre Hotel,Powai, Powai", Powai,Mumbai,"North Indian,  Italian,  Continental",4.2,271,3000
Young Chilli,"Vashi, Navi Mumbai", Navi Mumbai,Mumbai,"Multi-Cuisine,  Oriental ,  North Indian,  Continental,  Asian",3.9,271,1000
1522 - The Pub,"JP Nagar, South Bangalore", South Bangalore,Bangalore,"North Indian,  Multi-Cuisine,  Chinese,  Continental,  Coastal",4.4,271,1400
Rang De Basanti Dhaba,"E M Bypass, South Kolkata", South Kolkata,Kolkata,North Indian,4.1,271,800
Limelight,"Hotel Royal Orchid,Old Airport Road, East Bangalore", East Bangalore,Bangalore,"Continental,  Fast Food,  North Indian",4,270,1500
The Bark,"Alwarpet, Central Chennai", Central Chennai,Chennai,"Continental,  Italian,  Mexican",4.3,270,1000
Madhura Grand,"Elite Complex,Kukatpally, West Hyderabad", West Hyderabad,Hyderabad,"North Indian,  South Indian,  Chinese",4.4,270,800
The Country House,"Elgin Road, South Kolkata", South Kolkata,Kolkata,"Italian,  Continental",4.3,270,1000
The Square,"Novotel Kolkata Hotel and Residencies,New Town, 24 Parganas North", 24 Parganas North,Kolkata,"North Indian,  Continental,  Asian",4.2,270,2500
From The North,"Navrangpura, West Ahmedabad", West Ahmedabad,Ahmedabad,"North Indian,  Biryani",4.2,270,800
Goa Portuguesa,"Mili CHS,Mahim, South Mumbai", South Mumbai,Mumbai,"Goan,  South Indian,  Seafood,  Maharashtrian,  Portuguese",4.3,269,1500
Culture Pune,"F.C. Road, West Pune", West Pune,Pune,"Multi-Cuisine,  North Indian,  Italian,  Continental,  Finger Food",4.2,269,1600
Urban Masala,"Lake Town, East Kolkata", East Kolkata,Kolkata,"North Indian,  Chinese,  Fast Food,  Pizza",4.2,269,800
Red Hot Chilli Pepper,"Ballygunge, South Kolkata", South Kolkata,Kolkata,"Chinese,  Asian,  Seafood",4.2,269,2000
Crazy Kitchen Rooftop & Lounge,"Satya Niketan, South Delhi", South Delhi,Delhi,"Fast Food,  North Indian,  Italian,  Chinese",4.3,268,700
The Great Kabab Factory,"Radisson Blu Plaza,Mahipalpur, South Delhi", South Delhi,Delhi,"North Indian,  Mughlai",4.5,268,3000
Wok in the Clouds,"B.K Dutta Market,Rajouri Garden, West Delhi", West Delhi,Delhi,"Chinese,  Thai,  Asian,  North Indian,  Continental",4.3,266,2200
The Asian Tuk Tuk,"Eros Corporate Tower,Nehru Place, South Delhi", South Delhi,Delhi,"Asian,  Chinese,  Thai,  Japanese",4.5,266,2000
Pa Pa Ya,"Bandra Kurla Complex, Bandra", Bandra,Mumbai,"Japanese,  Asian,  Oriental ",4.5,266,2800
Stone Waters,"Aruna Arcade,Jubilee Hills, Central West Hyderabad", Central West Hyderabad,Hyderabad,"North Indian,  Continental,  Asian",4.1,266,2100
Lawn Bistro,"Sector 15 A, Noida", Noida,Noida,"Continental,  North Indian,  Oriental ",4.3,265,1800
PizzaExpress,"Viviana Mall,Thane West, Thane", Thane,Mumbai,"European,  Fast Food,  Italian",4.2,265,2000
ASEAN - On The Edge,"Hotel Ivory Tower,MG Road, Central Bangalore", Central Bangalore,Bangalore,"Thai,  Asian",4.4,265,1800
Chill & Terrace,"Radisson Blu Plaza Hotel,Banjara Hills, Central East Hyderabad", Central East Hyderabad,Hyderabad,"North Indian,  Continental,  South Indian",4,265,2400
Laidback Cafe,"Greater Kailash - 2, South Delhi", South Delhi,Delhi,"Multi-Cuisine,  North Indian,  Italian,  Mediterranean,  Asian",4.3,264,2000
Kinbuck 2,"Connaught Place, Central Delhi", Central Delhi,Delhi,"North Indian,  Italian,  Continental,  Asian,  Chinese,  South Indian,  Fast Food",3.8,263,1800
The Creative Kitchen,"Radisson Noida,Sector 55, Noida", Noida,Noida,"Multi-Cuisine,  North Indian,  Italian,  Continental,  Oriental ",4.2,263,3000
Ming Ustad,"Hitech City, West Hyderabad", West Hyderabad,Hyderabad,"North Indian,  Chinese,  South Indian",4.1,263,1100
Tanatan,"Juhu, Andheri West", Andheri West,Mumbai,"Modern Indian,  North Indian",4.5,262,1000
Lord of the Drinks,"Gardens Galleria,Sector 38A, Noida", Noida,Noida,"Multi-Cuisine,  North Indian,  Italian,  Continental,  Japanese,  Oriental ",4,261,2000
Gurukripa,"Powai, Powai", Powai,Mumbai,"North Indian,  Chinese,  Seafood,  Asian",4.3,261,1400
Ebony,"Hotel Ivory Tower,MG Road, Central Bangalore", Central Bangalore,Bangalore,"North Indian,  Asian,  Thai,  Seafood",4.4,261,2500
M Cafe,"Bengaluru Marriott Hotel Whitefield,Whitefield, East Bangalore", East Bangalore,Bangalore,"Finger Food,  North Indian,  South Indian",4.2,261,2000
Lyfe by Soul Garden Bistro,"Alwarpet, Central Chennai", Central Chennai,Chennai,"North Indian,  Continental,  Italian,  Fast Food",4.4,261,800
Hola,"Southern Avenue, South Kolkata", South Kolkata,Kolkata,"North Indian,  Chinese,  Continental,  Italian,  Asian",4.1,261,1400
Royal China,"Eros Corporate Tower,Nehru Place, South Delhi", South Delhi,Delhi,"Chinese,  Seafood",4.4,260,3200
Feel Alive,"Sector 29, Gurgaon", Gurgaon,Gurgaon,"North Indian,  Finger Food,  Italian,  Asian",4.2,260,2500
The Sky Patio,"81 High Street,Sector 81, Faridabad", Faridabad,Noida,"North Indian,  Italian,  Chinese",4.3,260,1300
Vikhroli Social,"Imagine Studio,Vikhroli East, Central Suburbs", Central Suburbs,Mumbai,"North Indian,  Continental,  Finger Food,  American,  Asian",4.4,260,2000
Coffee Culture,"Phoenix Marketcity Mall,Kurla West, Central Suburbs", Central Suburbs,Mumbai,"Fast Food,  Health Food,  Shakes,  North Indian,  Continental",4,260,1000
Pasta Street,"Koramangala, South Bangalore", South Bangalore,Bangalore,"Italian,  European,  Desserts,  Pizza",4.4,260,1500
Pasta Street,"Whitefield, East Bangalore", East Bangalore,Bangalore,"Italian,  European,  Pizza",4.5,260,1500
46 Ounces,"The Oterra,Electronic City, South Bangalore", South Bangalore,Bangalore,"Multi-Cuisine,  Finger Food,  North Indian,  Italian",4.3,260,1500
Barbeque Nation,"Diamond Plaza Mall,Jessore Road, 24 Parganas North", 24 Parganas North,Kolkata,"Barbecue,  North Indian,  Chinese,  Mughlai",4.5,260,1500
Tikka Junction,"Jail Road, West Delhi", West Delhi,Delhi,"North Indian,  Fast Food",4.2,259,1500
Paul,"Ambience Mall,DLF Phase - 3, Gurgaon", Gurgaon,Gurgaon,"Italian,  Continental,  European,  Desserts,  Bakery and Confectionary,  Coffee",4.5,259,1900
True Tramm Trunk,"Trade Center,Bandra Kurla Complex, Bandra", Bandra,Mumbai,"Chinese,  Fast Food",4.5,259,2000
Effingut,"Baner, West Pune", West Pune,Pune,"North Indian,  Continental,  Seafood",4.5,259,2000
Pind Balluchi,"PP Tower,Netaji Subhash Place, North Delhi", North Delhi,Delhi,"North Indian,  Mughlai",3.9,258,1800
Pikwik,"Pitampura, North Delhi", North Delhi,Delhi,"North Indian,  Chinese,  Mughlai",4.4,258,1000
Cafe Another Day,"Janak Place District Centre,Janakpuri, West Delhi", West Delhi,Delhi,"North Indian,  Italian,  Chinese",4.3,257,1000
Cafe After Hours,"Paschim Vihar, West Delhi", West Delhi,Delhi,"North Indian,  Chinese,  Continental",4.2,257,1200
The Backyard,"Punjabi Bagh, West Delhi", West Delhi,Delhi,"American,  Italian,  Continental",4.3,257,1500
Smoke House Deli,"FIFC Building,Bandra Kurla Complex, Bandra", Bandra,Mumbai,"European,  Italian,  American,  Health Food",4.4,257,2000
Pasta Street,"Cunningham Road, Central Bangalore", Central Bangalore,Bangalore,"Italian,  European,  Desserts,  Pizza",4.5,257,1500
Barbeque Nation,"Yelahanka, North Bangalore", North Bangalore,Bangalore,"Barbecue,  North Indian,  Drinks",4.5,257,1800
YOLO Gastro Lounge,"Spot 18 Mall,Pimple Saudagar, West Pune", West Pune,Pune,"Chinese,  Finger Food,  North Indian,  European,  Fast Food",4.1,257,1200
House Of Malts,"PS9 Hotel,Vijay Nagar, East Indore", East Indore,Indore,"North Indian,  Chinese,  Continental,  Fast Food",4.2,257,1800
Little Italy,"Besant Nagar, South Chennai", South Chennai,Chennai,"Italian,  Mexican",4.5,256,1800
The Melting Pot,"Intercontinental Chennai Mahabalipuram Resort,Mahabalipuram, South Chennai", South Chennai,Chennai,"North Indian,  Continental,  South Indian",4.3,256,1500
Barbeque Nation,"Crown Interiorz Mall,Sector 35, Faridabad", Faridabad,Noida,"North Indian,  Barbecue,  Mughlai",4.6,253,1700
Persia Darbar,"Lily Tower,Jogeshwari West, North Western", North Western,Mumbai,"North Indian,  Chinese,  Arabian",4.4,253,1000
Cafe Piano,"The Grand Bhagwati Hotel,Bodakdev, West Ahmedabad", West Ahmedabad,Ahmedabad,"North Indian,  Continental,  Oriental ,  Fast Food",4.4,253,1000
Dastaan,"Sector 7, East Chandigarh", East Chandigarh,Chandigarh,North Indian,4.6,253,2000
The Finch,"Chandivali, Powai", Powai,Mumbai,"North Indian,  Finger Food,  Chinese",4.3,252,2500
Doff Pub and Lounge,"Indiranagar, East Bangalore", East Bangalore,Bangalore,"North Indian,  Finger Food,  Chinese,  Continental",4.4,252,1400
Ohri's - Eatmor,"Ohri's Cuisine Court,Basheerbagh, Central Hyderabad", Central Hyderabad,Hyderabad,"North Indian,  Fast Food",4.2,252,1100
Dhaba - A Punjabi Theme,"Rajouri Garden, West Delhi", West Delhi,Delhi,"North Indian,  Chinese",4.1,251,1000
Moire Cafe Lounge & Bar,"Gardens Galleria,Sector 38A, Noida", Noida,Noida,"Multi-Cuisine,  North Indian,  Continental,  Oriental ",4.1,251,1500
JW Solitaire Restaurant,"NN Mall,Rohini, North Delhi", North Delhi,Delhi,"North Indian,  Chinese,  Continental",4.2,251,1400
Prasad Food Divine,"Mulund West, Central Suburbs", Central Suburbs,Mumbai,"North Indian,  Chinese,  Continental",4.2,251,800
Viva,"Vivanta By Taj Hotel,Begumpet, Secunderabad", Secunderabad,Hyderabad,"Multi-Cuisine,  North Indian,  Italian,  Continental,  South Indian",4.1,251,2300
Friday Release,"Salt Lake, East Kolkata", East Kolkata,Kolkata,"Multi-Cuisine,  North Indian,  Chinese,  Continental,  Street Food",4.1,251,1400
Pop Tate's,"Morya Classic,Veera Desai, Andheri West", Andheri West,Mumbai,"Chinese,  Italian,  Continental",4.3,250,2000
Little Italy,"Anna Nagar, North Chennai", North Chennai,Chennai,"Italian,  Mexican",4.5,249,1800
Indian Foodies Hub,"Kimtee Square,Banjara Hills, Central East Hyderabad", Central East Hyderabad,Hyderabad,"Multi-Cuisine,  North Indian,  Chinese,  Continental,  South Indian,  Biryani",3.8,249,1100
TiKi Shack - Rooftop Bar,"Jahnavi Trade Center,Jubilee Hills, Central West Hyderabad", Central West Hyderabad,Hyderabad,"Multi-Cuisine,  North Indian,  Continental,  Asian,  Fast Food",4,249,1500
Urban Tadka,"Sagar Pallazio Mall,Sakinaka, Andheri East", Andheri East,Mumbai,"North Indian,  Mughlai",4.4,247,1600
Family Tree,"Mulund West, Central Suburbs", Central Suburbs,Mumbai,"Chinese,  European,  North Indian",4.3,247,1400
Farmhouse Funfiesta,"Nalasopara West, North Western", North Western,Mumbai,"North Indian,  Italian,  Chinese",4.2,246,1000
Kobe Sizzlers,"Jubilee Hills, Central West Hyderabad", Central West Hyderabad,Hyderabad,"Continental,  Asian,  Sizzlers",4,246,1200
Teluguness,"Hitech City, West Hyderabad", West Hyderabad,Hyderabad,"North Indian,  Andhra,  Chinese",4.1,246,1000
The Tilt Republic Bar,"Fantasy Square Building,Gachibowli, West Hyderabad", West Hyderabad,Hyderabad,"North Indian,  Continental,  European",4.2,246,2000
The Salt Cafe Kitchen & Bar,"Tajganj, East Agra", East Agra,Agra,"Multi-Cuisine,  North Indian,  Italian,  Chinese,  Bakery and Confectionary",4.3,246,1400
Maini's Green Leaf,"Kaushambi Metro Station,Kaushambi, Ghaziabad", Ghaziabad,Ghaziabad,North Indian,4.3,245,1000
India Bistro,"Chembur, Central Suburbs", Central Suburbs,Mumbai,"North Indian,  Mughlai,  Biryani",4.4,245,1500
Makeba The Lounge Cafe,"3rd Eye Vision,Panjrapole, West Ahmedabad", West Ahmedabad,Ahmedabad,"Multi-Cuisine,  North Indian,  Italian,  Continental,  Thai,  Mexican,  Fast Food",4.5,245,800
Samarkand,"Ganga Shopping Complex,Sector 29, Noida", Noida,Noida,"North Indian,  Mughlai,  Biryani",4.2,244,2200
Chapter Twelve,"Sector 12, Faridabad", Faridabad,Noida,"North Indian,  Continental,  Asian,  Multi-Cuisine",4.2,244,2400
Royale MasterChef Finedine and Bar,"Gagangri Complex,Dahisar West, North Western", North Western,Mumbai,"Multi-Cuisine,  North Indian,  Continental,  Asian,  Oriental ",4.4,244,1400
The Ropeway Restaurant,"Aakash Retail,Vesu, South Surat", South Surat,Surat,"North Indian,  Multi-Cuisine",4.3,244,500
Drool Fresh Bake House Cafe,"Dwarka, West Delhi", West Delhi,Delhi,"Italian,  Chinese",4.4,243,2200
Urban Tadka,"Mohit Height Tower,Near Andheri West Station, Andheri West", Andheri West,Mumbai,"North Indian,  Mughlai",4.3,243,1600
Mainland China,"Church Street, Central Bangalore", Central Bangalore,Bangalore,"Chinese,  Thai,  Japanese,  Asian,  Sushi",4.2,243,1600
Mathsya,"Adyar, South Chennai", South Chennai,Chennai,"South Indian,  North Indian,  Chinese,  Continental,  Shakes",4.2,243,800
Sizzante,"Shilp Aaron Complex,Bodakdev, West Ahmedabad", West Ahmedabad,Ahmedabad,"Multi-Cuisine,  Italian,  Continental,  Seafood,  Oriental ,  Sizzlers",4.4,243,1000
Harbour O' Four,"Sun Magnetica Building,Thane West, Thane", Thane,Mumbai,"North Indian,  Chinese,  Continental,  Fast Food",4.1,242,1600
Insomnia,"Jaya Chambers,Jubilee Hills, Central West Hyderabad", Central West Hyderabad,Hyderabad,"Finger Food,  North Indian,  Italian,  Chinese",4.1,242,2300
Sukoon Village,"Hadapsar, East Pune", East Pune,Pune,"North Indian,  Chinese,  Seafood",4,242,1500
Momo I Am,"Tarun Alo Apartment,Rajarhat, 24 Parganas North", 24 Parganas North,Kolkata,"Tibetan,  Chinese,  Asian",4.5,242,800
Little Italy,"Brilliant Convention Centre,Vijay Nagar, East Indore", East Indore,Indore,"Italian,  Pizza,  Mexican",4.5,242,1400
CUE- Culinary Urban Experience,"Manglam Paradise Mall,Rohini, North Delhi", North Delhi,Delhi,"North Indian,  Chinese,  Continental",4.2,241,2000
Mosaic,"Crowne Plaza,Rohini, North Delhi", North Delhi,Delhi,"Continental,  North Indian,  Chinese",4.3,241,3000
Mama's Kitchen,"Jubilee Hills, Central West Hyderabad", Central West Hyderabad,Hyderabad,"North Indian,  South Indian,  Chinese",3.5,241,700
ABs - Absolute Barbecues,"Chinchwad, West Pune", West Pune,Pune,"North Indian,  Barbecue,  Seafood",4.4,241,1200
Cava - The Uptown Lounge,"Gopalbari, North Jaipur", North Jaipur,Jaipur,"North Indian,  Italian",4.1,241,2500
AB's - Absolute Barbecue,"Vadiwadi, Central Vadodara", Central Vadodara,Vadodara,"North Indian,  European,  Barbecue,  Seafood",4.6,241,1200
In The Punjab,"Greater Kailash - 2, South Delhi", South Delhi,Delhi,"North Indian,  Mughlai",4.4,240,3200
The Saffron Boutique,"Ashirwad Complex,Sector 104, Noida", Noida,Noida,"Multi-Cuisine,  North Indian,  Continental,  Oriental ",4.4,240,1200
Ohri's Far East,"Ohri's Banjara,Banjara Hills, Central East Hyderabad", Central East Hyderabad,Hyderabad,"Chinese,  Seafood",3.8,240,1400
Afraa Lounge,"City Centre 1,Salt Lake, East Kolkata", East Kolkata,Kolkata,"North Indian,  Italian,  Mediterranean,  Continental",4.1,240,1800
Rang De Basanti Dhaba,"Salt Lake, East Kolkata", East Kolkata,Kolkata,North Indian,3.9,240,800
Moets Curry Leaf,"Defence Colony, South Delhi", South Delhi,Delhi,"North Indian,  Mughlai,  Kashmiri",4.1,239,2000
Social,"DLF Mall of India,Sector 18, Noida", Noida,Noida,"North Indian,  Continental,  American",4.4,239,2000
Opa Bar,"The Peninsula Grand Hotel,Sakinaka, Andheri East", Andheri East,Mumbai,"Multi-Cuisine,  Italian,  Continental,  Mediterranean,  European,  Lebanese",4.2,239,3000
The Chocolate Room Bistro and Cafe,"Vallabh Vihar,Ghatkopar East, Central Suburbs", Central Suburbs,Mumbai,"Desserts,  Italian,  Chinese,  Mexican,  Multi-Cuisine,  Sizzlers,  Indian Cuisine",4.2,239,500
Light House Cafe,"Sun Ville,Worli, South Mumbai", South Mumbai,Mumbai,"American,  North Indian,  Italian,  Thai,  Mexican",4,239,2500
Sabka Club,"Topsia, East Kolkata", East Kolkata,Kolkata,"Italian,  Chinese,  Continental,  North Indian,  Mughlai",3.9,239,1000
Aminia,"Barrackpore, 24 Parganas North", 24 Parganas North,Kolkata,"North Indian,  Biryani,  Mughlai",4.3,239,700
Italiano,"Cyber Hub,DLF Cyber City, Gurgaon", Gurgaon,Gurgaon,Italian,4.2,238,1500
Something's Fishy,"M.I.D.C, Andheri East", Andheri East,Mumbai,"North Indian,  Chinese,  Seafood,  Malvani",4.4,238,2000
Kargeens,"Koramangala, South Bangalore", South Bangalore,Bangalore,"Continental,  Italian,  Chinese",4.1,238,900
The Spirits,"Salt Lake, East Kolkata", East Kolkata,Kolkata,"North Indian,  Continental,  Fast Food",4.2,238,2300
The Indian Toss,"Aureole Hotel,Near Andheri East Station, Andheri East", Andheri East,Mumbai,"Chinese,  North Indian,  Italian",4,237,1200
The Nutcracker,"Modern House,Fort, South Mumbai", South Mumbai,Mumbai,"European,  American",4.6,237,1200
Jonah's Bistro,"Phoenix Market City,Velachery, South West Chennai", South West Chennai,Chennai,"Italian,  Continental,  Asian",4.4,237,1400
SKYE at Eternia RoofTop,"ICC Trade Tower,Senapati Bapat Road, West Pune", West Pune,Pune,"North Indian,  Multi-Cuisine,  Italian,  Chinese,  Continental",4,237,1200
The FML Lounge,"Mulik Capital,Kalyani Nagar, East Pune", East Pune,Pune,"North Indian,  Chinese,  Continental,  Mughlai",4,237,1100
The Food Studio,"Nisha Palace,Malad West, North Western", North Western,Mumbai,"Multi-Cuisine,  North Indian,  Italian,  Chinese,  Continental",4.1,236,1400
Vividh NX Bar & Cafe,"Gayatri Shivam Apartment,Kandivali East, North Western", North Western,Mumbai,"North Indian,  Italian,  Continental",4.3,236,1600
The Moonshine Project,"Jubilee Hills, Central West Hyderabad", Central West Hyderabad,Hyderabad,"Multi-Cuisine,  North Indian,  Chinese,  Continental,  Mexican,  American",4.3,236,2200
Saffron,"Sankalp Square 2,Paldi, Central Ahmedabad", Central Ahmedabad,Ahmedabad,"North Indian,  Chinese,  Fast Food",4.1,236,800
One For The Road,"Whitefield, East Bangalore", East Bangalore,Bangalore,"North Indian,  South Indian,  Seafood,  Asian,  Finger Food",4.1,235,1500
Rosewater,"Anna Nagar, North Chennai", North Chennai,Chennai,"Multi-Cuisine,  North Indian,  Chinese,  Continental,  South Indian,  Thai,  Seafood",3.9,235,1400
Riyasat e Hind Dhaba,"Ballygunge, South Kolkata", South Kolkata,Kolkata,"North Indian,  Chinese,  Mughlai",4.4,235,1100
The Drunken Monkey,"O2 VIP Hotel,Kaikhali, 24 Parganas North", 24 Parganas North,Kolkata,"Finger Food,  North Indian,  Italian,  Continental",4,235,1800
Timpani,"Radisson Blu Hotel,Ambawadi, West Ahmedabad", West Ahmedabad,Ahmedabad,"North Indian,  Chinese,  Italian,  Continental,  Seafood",5,235,1800
Cafe Chill'm,"Kamla Nagar, North Delhi", North Delhi,Delhi,"North Indian,  Fast Food,  Italian,  American",4.1,234,1800
Benjarong,"Alwarpet, Central Chennai", Central Chennai,Chennai,Thai,4.6,234,2000
Vivaha Bhojanambu,"CVK Park square,Kalasiguda, Secunderabad", Secunderabad,Hyderabad,Andhra,4.1,234,1000
Amnesia Sky Bar,"Inorbit Mall,Madhapur, West Hyderabad", West Hyderabad,Hyderabad,"North Indian,  Continental,  Oriental ",4,234,2100
Qube Cafe,"Hotel Siesta,Kondapur, West Hyderabad", West Hyderabad,Hyderabad,"North Indian,  Continental,  South Indian",3.7,234,1100
The Chocolate Room,"Sector 7, East Chandigarh", East Chandigarh,Chandigarh,"Italian,  Mexican,  Desserts,  Fast Food",4.5,234,800
Mainland China,"Pyramid Mall,Senapati Bapat Road, West Pune", West Pune,Pune,"Chinese,  Seafood,  Asian,  Tibetan",4.5,233,1400
The Green Roof,"Parinay Complex,Sinhagad Road, South Pune", South Pune,Pune,"North Indian,  Chinese,  South Indian",4.3,233,1000
Ziu,"Sangam Courtyard,RK Puram, South Delhi", South Delhi,Delhi,Thai,4.4,232,1500
Urban Room by Storm,"East of Kailash, South Delhi", South Delhi,Delhi,"Multi-Cuisine,  North Indian,  Italian,  Chinese,  Continental,  American,  Fast Food",4.2,232,1500
The Goose and Gridiron,"Fort, South Mumbai", South Mumbai,Mumbai,"North Indian,  Fast Food,  Continental,  Mediterranean,  Seafood,  Oriental ",3.9,232,1800
Tabla,"Bhaskar Plaza,Banjara Hills, Central East Hyderabad", Central East Hyderabad,Hyderabad,"North Indian,  Chinese,  Seafood,  Andhra,  Biryani",4.1,232,1800
Zero40 Brewing,"Zero40,Jubilee Hills, Central West Hyderabad", Central West Hyderabad,Hyderabad,"North Indian,  American",4.4,232,2700
Punjab Grill,"Starling Mall,Sector 104, Noida", Noida,Noida,"North Indian,  Mughlai",4,231,2200
The 13th Floor,"Hotel Ivory Tower,MG Road, Central Bangalore", Central Bangalore,Bangalore,"North Indian,  Thai,  Asian",4.3,231,2500
Punjab Grill,"Whitefield, East Bangalore", East Bangalore,Bangalore,North Indian,4.2,231,2000
Abids Bistro,"Royalton Hotel,Abids, Central Hyderabad", Central Hyderabad,Hyderabad,"Multi-Cuisine,  North Indian,  Chinese,  Continental,  South Indian",4,231,600
Gong,"Balewadi High Street,Baner, West Pune", West Pune,Pune,"Asian,  Thai,  Japanese",4.5,231,1500
Purple Martini,"Anjuna, North Goa", North Goa,Goa,"Multi-Cuisine,  North Indian,  Italian,  Continental,  Seafood,  Oriental ",4,231,1800
Ente Keralam,"Alwarpet, Central Chennai", Central Chennai,Chennai,"Kerala,  Seafood",4.4,230,1000
Okra,"Hyderabad Marriott Hotel and Convention Centre,Tank Bund, Central Hyderabad", Central Hyderabad,Hyderabad,"North Indian,  Chinese,  Continental",4.3,230,2500
China Bistro,"Signature Towers,Kondapur, West Hyderabad", West Hyderabad,Hyderabad,"Chinese,  Asian,  Thai,  Japanese,  Sushi",4.3,230,2000
Independence Brewing Company,"Zero One Complex,Mundhwa, East Pune", East Pune,Pune,"North Indian,  Italian,  Continental,  Fast Food",4.5,230,2000
Getafix,"Greater Kailash - 1, South Delhi", South Delhi,Delhi,"Fast Food,  Italian,  American,  Health Food",4.5,229,1200
ABs - Absolute Barbecues,"Adyar, South Chennai", South Chennai,Chennai,"North Indian,  Barbecue",4.3,229,1200
Jonah's Bistro,"Besant Nagar, South Chennai", South Chennai,Chennai,"Italian,  Continental,  Asian",4.1,229,1400
Serefe Bar Bistro & Lounge,"Jubilee Hills, Central West Hyderabad", Central West Hyderabad,Hyderabad,"North Indian,  Italian,  Continental,  Asian",4.1,229,2600
Fleur,"The Fern Hotel,Goregaon East, North Western", North Western,Mumbai,"Multi-Cuisine,  North Indian,  Italian,  Continental,  Asian",4.3,228,1200
Pop Tate's,"Near Andheri West Station, Andheri West", Andheri West,Mumbai,"Chinese,  Italian,  Continental",4.3,228,2000
The Bowton House Cafe,"Satya Niketan, South Delhi", South Delhi,Delhi,"North Indian,  Chinese,  Italian,  Continental",3.7,227,800
5 Spice,"Sakinaka, Andheri East", Andheri East,Mumbai,"Chinese,  Thai,  Seafood",4.2,227,1000
Avatar,"Hotel Chennai Le Palace,Porur, West Chennai", West Chennai,Chennai,"North Indian,  Continental,  Chinese",4,227,1200
Momo I Am,"Golpark, South Kolkata", South Kolkata,Kolkata,"Tibetan,  Chinese,  Asian",4.5,227,800
The Yellow Chilli,"Sector 104, Noida", Noida,Noida,"North Indian,  Mughlai",4.5,226,1800
Berco's,"Crown Interiorz Mall,Sector 35, Faridabad", Faridabad,Noida,"Chinese,  Thai",4.3,226,1300
Farmhouse Global Cuisine Restaurant,"Deep Jyot Building,Vasai West, North Western", North Western,Mumbai,"North Indian,  Continental,  Italian,  Seafood",4.5,226,1000
Prankster,"Sector 26, East Chandigarh", East Chandigarh,Chandigarh,"Modern Indian,  Chinese",4.1,226,1500
Kylin Skybar,"Ambience Mall,Vasant Kunj, South Delhi", South Delhi,Delhi,"Asian,  Chinese,  Thai,  Japanese,  Malaysian",4.3,225,2200
Melting Pot,"Juhu Residency Boutique Hotel,Juhu, Andheri West", Andheri West,Mumbai,"North Indian,  Chinese,  Seafood,  Oriental ",4.4,225,1800
Pind Balluchi,"Forum Sujana Mall,Kukatpally, West Hyderabad", West Hyderabad,Hyderabad,"North Indian,  Mughlai",4.1,225,1000
Latitude,"Vivanta By Taj - Blue Diamond,Koregaon Park, East Pune", East Pune,Pune,"Multi-Cuisine,  North Indian,  Italian,  Mediterranean,  European",4.3,225,2000
Masala Library by Jiggs Kalra,"FIFC Building,Bandra Kurla Complex, Bandra", Bandra,Mumbai,"North Indian,  South Indian",4.7,224,5000
Social,"Gagangiri CHS,Bandra West, Bandra", Bandra,Mumbai,"North Indian,  Continental,  Finger Food,  American,  Asian",4.2,224,2000
Coffee Culture,"Bodakdev, West Ahmedabad", West Ahmedabad,Ahmedabad,"Multi-Cuisine,  North Indian,  Italian,  Desserts,  Fast Food",4.3,224,900
Padmanabham,"Janpath, Central Delhi", Central Delhi,Delhi,South Indian,4.2,223,700
Raasta,"Green Park, South Delhi", South Delhi,Delhi,"Finger Food,  Italian,  Chinese,  Continental,  Mediterranean",4.4,223,2000
Josh - The High Energy Bar,"Garg Plaza,Pitampura, North Delhi", North Delhi,Delhi,"North Indian,  Italian,  Chinese,  Continental",4,223,1000
Zambar,"Ambience Mall,DLF Phase - 3, Gurgaon", Gurgaon,Gurgaon,"South Indian,  Seafood,  Kerala",4.3,223,1500
Rivaaz,"The Sahil Hotel,Mumbai Central, South Mumbai", South Mumbai,Mumbai,"North Indian,  Mughlai,  Awadhi",4.3,223,1500
Mainland China,"HRBR Layout, East Bangalore", East Bangalore,Bangalore,"Chinese,  Seafood,  Asian",4.3,223,1600
Zen,"The Park Hotel,Park Street, Central Kolkata", Central Kolkata,Kolkata,"Oriental ,  Sushi",4.6,223,3500
Munick Bistro And Bar,"Rohtas Presidential Arcade,Gomti Nagar, East Lucknow", East Lucknow,Lucknow,"Multi-Cuisine,  North Indian,  Italian,  Chinese,  Oriental ,  Fast Food,  German",4.1,223,2300
Miss Nora,"R Cube Monad Mall,Rajouri Garden, West Delhi", West Delhi,Delhi,"Japanese,  Asian,  Chinese,  Thai,  Malaysian",4.5,222,1600
Sky House Cafe & Bar,"Gaur Central Mall,Raj Nagar, Ghaziabad", Ghaziabad,Ghaziabad,"Finger Food,  North Indian,  Italian,  Chinese,  Continental",4.3,222,1800
Chimichurri,"Near Andheri East Station, Andheri East", Andheri East,Mumbai,"Chinese,  Asian",4.5,222,900
Szechuan Dragon,"Arush Trapeze,HanumanthaNagar, South Bangalore", South Bangalore,Bangalore,"Chinese,  Thai",4.1,222,800
Burgundy,"Royal Orchid Suites,Whitefield, East Bangalore", East Bangalore,Bangalore,"Continental,  Oriental ,  North Indian",3.6,222,1200
Seasonal Tastes,"The Westin Chennai,Velachery, South West Chennai", South West Chennai,Chennai,"North Indian,  Continental",4.2,222,2500
Ohri's - Silver Metro,"Ohri's Cuisine Court,Basheerbagh, Central Hyderabad", Central Hyderabad,Hyderabad,"North Indian,  Continental,  Mughlai",4.3,222,1100
The Hogwarts Kafe,"Ashok Vihar Phase - 2, North Delhi", North Delhi,Delhi,"Fast Food,  North Indian,  Italian,  Continental,  Mexican,  Lebanese,  Oriental ",4.2,221,1200
The Himalayan Kitchen,"Greater Kailash - 2, South Delhi", South Delhi,Delhi,"Tibetan,  Nepalese,  Chinese",4.2,221,1600
Berco's,"K-Shri Plaza,Sector 104, Noida", Noida,Noida,"Chinese,  Thai",4.2,221,1300
The Spice,"Hablis Hotel,Guindy, South Chennai", South Chennai,Chennai,"North Indian,  Continental,  South Indian,  European,  Chinese",4.1,221,2000
Ente Keralam,"Anna Nagar, North Chennai", North Chennai,Chennai,"Kerala,  Seafood",4.3,221,1000
By The Bottle,"Shreshta Aura,Jubilee Hills, Central West Hyderabad", Central West Hyderabad,Hyderabad,"Finger Food,  North Indian,  Italian,  Oriental ",4.1,221,1500
Mr and Mrs Somani,"The Grand Bhagwati Hotel,Bodakdev, West Ahmedabad", West Ahmedabad,Ahmedabad,"North Indian,  Chinese,  Continental",4.3,221,1500
Goosebumps,"Karkardooma, East Delhi", East Delhi,Delhi,"Desserts,  Ice Cream,  Fast Food",4.1,220,400
China Club,"Global Business Park,MG Road, Gurgaon", Gurgaon,Gurgaon,"Chinese,  Seafood,  Asian",4.5,220,3000
L&S Bistro,"InterContinental,Nariman Point, South Mumbai", South Mumbai,Mumbai,"Italian,  North Indian,  Thai",4.5,220,3000
Spice Klub,"Nungambakkam, Central Chennai", Central Chennai,Chennai,"Modern Indian,  North Indian",4.6,220,2000
Sankalp,"Dev Aurum,Prahlad Nagar, West Ahmedabad", West Ahmedabad,Ahmedabad,South Indian,4.2,220,500
Tikka Junction,"Malviya Nagar, South Delhi", South Delhi,Delhi,"North Indian,  Chinese,  Mughlai,  Fast Food",4.2,219,1500
Locale,"PVR Anupam Complex,Saket, South Delhi", South Delhi,Delhi,"Multi-Cuisine,  North Indian,  Italian,  Chinese,  Thai,  Mexican",4,219,2000
MoMo Cafe,"Courtyard by Marriott Hotel,Near Andheri East Station, Andheri East", Andheri East,Mumbai,"North Indian,  Continental",4.3,218,3000
Nasha,"Hotel Kass,Kompally, Secunderabad", Secunderabad,Hyderabad,"North Indian,  Andhra",4.3,218,1500
Jamie's Pizzeria By Jamie Oliver,"Pacific Mall,Tagore Garden, West Delhi", West Delhi,Delhi,"Italian,  Pizza",4.4,217,2000
New Kadimi,"Pankaj Arcade,Dwarka, West Delhi", West Delhi,Delhi,"North Indian,  Chinese,  South Indian",4.1,217,800
Gravity Spacebar,"Sector 29, Gurgaon", Gurgaon,Gurgaon,"Finger Food,  North Indian,  Oriental ,  Modern Indian",3.9,217,2000
Gustoso,"Jharna Apartments,Khar West, Bandra", Bandra,Mumbai,"Italian,  Pizza",4.4,217,2500
Garam Dharam,"Sector 26, East Chandigarh", East Chandigarh,Chandigarh,North Indian,4.3,217,1200
Pind Balluchi,"Indirapuram Habitat Centre,Indirapuram, Ghaziabad", Ghaziabad,Ghaziabad,"North Indian,  Mughlai",4.1,216,1000
Theos,"Sector 41, Noida", Noida,Noida,"Desserts,  Bakery and Confectionary,  Fast Food",4.5,216,900
Prithvi Cafe,"Janki Kutir Society,Juhu, Andheri West", Andheri West,Mumbai,"Coffee,  Tea,  Fast Food",4.2,216,500
Tiger Trail,"Hotel Royal Orchid,Old Airport Road, East Bangalore", East Bangalore,Bangalore,"North Indian,  Seafood,  Mughlai",4.3,216,2000
Mainland China,"Anna Nagar, North Chennai", North Chennai,Chennai,"Chinese,  Seafood",4.2,216,1200
Little Monk,"Nirvanaa Hotel and Resorts,Vijay Nagar, East Indore", East Indore,Indore,"North Indian,  Chinese,  Fast Food,  Italian",3.8,216,1500
Shalom - Laidback Cafe,"Sangam Courtyard,RK Puram, South Delhi", South Delhi,Delhi,"Multi-Cuisine,  North Indian,  Italian,  Mediterranean,  Asian",4.5,215,2000
Nook,"Aloft New Delhi,Aerocity, South Delhi", South Delhi,Delhi,"Multi-Cuisine,  North Indian,  Italian,  Continental,  Oriental ",4.1,215,2500
Cafe G,"Holiday Inn,Thiruvanmiyur, South Chennai", South Chennai,Chennai,"North Indian,  Continental",4.2,215,1600
Orko'ss Restaurant & Lounge Bar,"City Centre 1,Salt Lake, East Kolkata", East Kolkata,Kolkata,"North Indian,  Continental,  Chinese",3.9,215,1500
Boathouse,"Elante Mall,Industrial Area Phase 1, South Chandigarh", South Chandigarh,Chandigarh,"Multi-Cuisine,  North Indian,  Continental,  Mexican,  Seafood,  Korean,  Pizza,  Sushi",4.2,215,1500
Drums of Heaven,"Green Park, South Delhi", South Delhi,Delhi,"Asian,  Chinese,  Thai,  Seafood",4.1,214,1400
The Higher Taste,"ISKCON Temple Complex and Cultural Complex,Rajajinagar, West Bangalore", West Bangalore,Bangalore,"North Indian,  South Indian",4.3,214,800
President Dhaba Bar & Kitchen,"Shreshta Aura,Jubilee Hills, Central West Hyderabad", Central West Hyderabad,Hyderabad,"North Indian,  Chinese,  Seafood",4,214,2000
You Mee,"Greater Kailash - 2, South Delhi", South Delhi,Delhi,"Japanese,  Asian,  Sushi,  Thai",4.6,213,500
1441 Pizzeria,"Andheri Lokhandwala, Andheri West", Andheri West,Mumbai,"Pizza,  Italian",4.6,213,1200
Persia Darbar,"Malad West, North Western", North Western,Mumbai,"North Indian,  Chinese,  Mughlai",4.6,213,1000
Thangabali,"Manmohan Bhavan,Mahim, South Mumbai", South Mumbai,Mumbai,"South Indian,  North Indian,  Seafood",4.4,213,1200
Persian Darbar,"Alexandra Terrace,Byculla, South Mumbai", South Mumbai,Mumbai,"North Indian,  Chinese,  Mughlai,  Biryani",4.3,213,1500
Dice N Dine,"Koramangala, South Bangalore", South Bangalore,Bangalore,"Continental,  Pizza,  Desserts,  Fast Food",4.3,213,1200
Mudpipe Cafe,"JP Nagar, South Bangalore", South Bangalore,Bangalore,"Continental,  Italian,  Mexican",3.9,213,800
United Kitchens of India,"The Purple Leaf Hotel,Karkhana, Secunderabad", Secunderabad,Hyderabad,"Multi-Cuisine,  North Indian,  Chinese,  Andhra,  Chettinad,  Bengali",4.2,213,1000
Zobet,"Camac Street, Central Kolkata", Central Kolkata,Kolkata,Multi-Cuisine,4.3,213,1000
Cube,"Hotel Effotel,Vijay Nagar, East Indore", East Indore,Indore,"European,  Asian,  American",4.5,213,1200
Freito,"Vijay Nagar, East Indore", East Indore,Indore,"American,  Italian,  Asian",4.1,213,1200
Ching Singh,"Logix City Centre Mall,Sector 32, Noida", Noida,Noida,"Asian,  North Indian,  Chinese,  Thai,  Oriental ",4.1,212,1500
China Bistro,"Ashwini Commercial Complex,Indiranagar, East Bangalore", East Bangalore,Bangalore,"Asian,  Chinese,  Thai,  Korean,  Sushi",4.4,212,2000
Arab Street,"Ashok Nagar, West Chennai", West Chennai,Chennai,"Arabian,  Italian,  Seafood",4.2,212,800
Up & Above,"SNS Arcade,PG Road, Secunderabad", Secunderabad,Hyderabad,"North Indian,  Chinese,  Fast Food",4,212,1300
Cinnamon Kitchen,"Aditya City Centre,Indirapuram, Ghaziabad", Ghaziabad,Ghaziabad,"North Indian,  Chinese,  Mughlai",4.2,211,1200
Distillery - Craft Beer and Cocktails,"Sector 29, Gurgaon", Gurgaon,Gurgaon,"Finger Food,  North Indian,  Italian,  Oriental ",4.2,211,2100
Over The Moon,"Hotel Daspalla,Jubilee Hills, Central West Hyderabad", Central West Hyderabad,Hyderabad,"North Indian,  Continental,  Asian",4,211,2500
Tabla,"Hardhick Crown,Hitech City, West Hyderabad", West Hyderabad,Hyderabad,"North Indian,  Chinese,  Continental,  Andhra",4.1,211,1100
Groove 9,"Sainikpuri, Secunderabad", Secunderabad,Hyderabad,"Italian,  Continental,  Fast Food",3.9,211,800
Little Italy,"Hotel Shriman,Bund Garden Road, East Pune", East Pune,Pune,Italian,4.3,211,1400
Copperleaf,"Alto Porvorim, North Goa", North Goa,Goa,"North Indian,  Chinese,  Goan",4.6,210,1300
Jom Jom Malay,"Saket, South Delhi", South Delhi,Delhi,"Malaysian,  Indonesian",4.5,209,1500
VietNom,"Cyber Hub,DLF Cyber City, Gurgaon", Gurgaon,Gurgaon,Vietnamese,4.4,209,2500
Pancharatna Restaurant & Bar,"Surya Kalyani Mansion Building,Marine Lines, South Mumbai", South Mumbai,Mumbai,"Multi-Cuisine,  North Indian,  Chinese,  Continental,  Seafood,  Mughlai,  Oriental ",4.3,209,1500
11 East Street Cafe,"Virwani Plaza,Camp, East Pune", East Pune,Pune,"Continental,  North Indian,  Seafood",4.2,209,1700
Canteen Pub & Grub,"City Centre 1,Salt Lake, East Kolkata", East Kolkata,Kolkata,"North Indian,  Continental,  Finger Food",4.1,209,1700
Gallery Cafe,"M.I.D.C, Andheri East", Andheri East,Mumbai,"North Indian,  Fast Food,  Seafood",4,208,2500
What the Ale?!,"Electronic City, South Bangalore", South Bangalore,Bangalore,"North Indian,  Chinese,  Continental",4.3,208,1800
Flavours Of TMH,"Taj Mahal Hotel,Jubilee Hills, Central West Hyderabad", Central West Hyderabad,Hyderabad,"North Indian,  South Indian,  Chinese,  Continental",4.4,208,1200
Tabla,"Uppal, East Hyderabad", East Hyderabad,Hyderabad,"North Indian,  Chinese,  Seafood,  Andhra,  Biryani",4.1,208,1700
The Cafe @ JW,"JW Marriott Hotel,Sector 35, West Chandigarh", West Chandigarh,Chandigarh,"Multi-Cuisine,  North Indian,  Italian,  Continental,  Asian",4.3,208,2200
Lord of The Drinks,"Gomti Nagar, East Lucknow", East Lucknow,Lucknow,"North Indian,  Chinese,  Mughlai",4.1,208,1100
Veg Gulati,"Green Park, South Delhi", South Delhi,Delhi,"North Indian,  Biryani,  Indian Cuisine",4.4,207,1200
You Mee,"Whitefield, East Bangalore", East Bangalore,Bangalore,"Chinese,  Thai",4.5,207,1800
Rayalaseema Ruchulu,"Lakdi-Ka-Pul, Central Hyderabad", Central Hyderabad,Hyderabad,"Andhra,  North Indian,  South Indian,  Biryani",4.1,207,1200
Shizusan,"Phoenix Market City,Viman Nagar, East Pune", East Pune,Pune,"Asian,  Chinese,  Thai,  Japanese,  Vietnamese",4.3,207,2800
Waterside Cafe,"Hyatt Regency,Salt Lake, East Kolkata", East Kolkata,Kolkata,"North Indian,  Italian,  Continental",4.3,207,3200
Cafe Elaichi - A Pure Veg Desi Delight,"Gomti Nagar, East Lucknow", East Lucknow,Lucknow,"North Indian,  Fast Food,  South Indian",4,207,1000
Vasco's,"Hilton Chennai,Guindy, South Chennai", South Chennai,Chennai,"Continental,  Asian,  North Indian",4.1,206,3000
Ocean Grill,"Infinity Benchmark,Salt Lake, East Kolkata", East Kolkata,Kolkata,"Multi-Cuisine,  North Indian,  Italian,  Chinese,  Continental,  Seafood,  Asian,  Barbecue,  Oriental ",3.7,206,1500
Barbeque Nation,"Sector 26, East Chandigarh", East Chandigarh,Chandigarh,"Barbecue,  North Indian,  Chinese",4.4,206,1500
Infinity Lounge Dine and Bar,"Punjabi Bagh, West Delhi", West Delhi,Delhi,"North Indian,  Chinese,  Continental,  Multi-Cuisine,  Italian,  South Indian",4.1,205,1500
Le Cafe,"Hotel Jewel of Chembur,Chembur, Central Suburbs", Central Suburbs,Mumbai,"Italian,  Continental,  European",4.4,205,1200
Gismat Arabic Restaurant,"PNR Empire,Kukatpally, West Hyderabad", West Hyderabad,Hyderabad,Arabian,3.7,205,800
The Glass Onion,"Gachibowli, West Hyderabad", West Hyderabad,Hyderabad,"Multi-Cuisine,  North Indian,  Italian,  Continental,  Asian",4.2,205,1700
Cafe Delhi Heights,"Elante Mall,Industrial Area Phase 1, South Chandigarh", South Chandigarh,Chandigarh,"Continental,  American,  Modern Indian",4.6,205,1800
Khidmat,"Kalkaji, South Delhi", South Delhi,Delhi,"North Indian,  Chinese,  Mughlai",4.2,204,1000
Theos,"Starling Mall,Sector 104, Noida", Noida,Noida,"Desserts,  Bakery and Confectionary,  Fast Food",4.4,204,900
Pop Tate's,"The Walk,Thane West, Thane", Thane,Mumbai,"Chinese,  Italian,  Continental",4.5,204,2000
Barbeque Nation,"Sarjapur Road, South Bangalore", South Bangalore,Bangalore,"Barbecue,  North Indian,  Drinks",4.2,204,1800
Hashi,"Jubilee Hills, Central West Hyderabad", Central West Hyderabad,Hyderabad,"Japanese,  Asian",4.4,204,1000
Elan,"The Lodhi,Lodhi Road, South Delhi", South Delhi,Delhi,"Continental,  North Indian,  Italian",4.3,203,4000
Good Food Cafe,"Pankaj Arcade,Pitampura, North Delhi", North Delhi,Delhi,"Fast Food,  Health Food,  Italian,  Chinese",4.3,203,900
Sandhouse Cafe,"32nd Avenue,Sector 15, Gurgaon", Gurgaon,Gurgaon,"Italian,  American",4.4,203,1000
Global Buffet,"Svenska Design Hotel,Near Andheri West Station, Andheri West", Andheri West,Mumbai,"Multi-Cuisine,  North Indian,  Italian,  Continental,  South Indian,  Asian",4,203,2200
Mainland China,"Teynampet, Central Chennai", Central Chennai,Chennai,"Chinese,  Seafood,  Asian,  Sushi",4.1,203,1200
The Rooftop Project,"MG Road, East Pune", East Pune,Pune,"Multi-Cuisine,  North Indian,  Italian,  Continental,  Asian",4.3,203,1600
The Red Bistro,"Armieda Building,Bodakdev, West Ahmedabad", West Ahmedabad,Ahmedabad,"North Indian,  Italian,  Mexican,  Fast Food",4.5,203,1400
Sky Beach,"Vaishali Nagar, West Jaipur", West Jaipur,Jaipur,"North Indian,  Continental,  Italian,  Chinese",3.3,203,1400
Tic Tac Toe,"Giriraj Grande,Vijay Nagar, East Indore", East Indore,Indore,"Fast Food,  North Indian,  Fusion",4,203,1800
Barbeque Nation,"Spaze Platinum Tower,Sector 47, Gurgaon", Gurgaon,Gurgaon,"North Indian,  Barbecue,  Mughlai",4.5,202,1700
Independence Brewing Company,"Boolani Estate Owners Premises CHS,Near Andheri West Station, Andheri West", Andheri West,Mumbai,"North Indian,  Chinese,  Finger Food,  Pizza",4.5,202,2000
1 BHK - Brew House Kitchen,"Oshiwara, North Western", North Western,Mumbai,"North Indian,  Italian,  European,  Parsi",4.4,202,2000
Jamjar Diner,"Gazebo House,Bandra West, Bandra", Bandra,Mumbai,"Multi-Cuisine,  Italian,  Mexican,  American,  Health Food",4.4,202,1500
Tipsy Bull - The Bar Exchange,"JP Nagar, South Bangalore", South Bangalore,Bangalore,"Chinese,  Continental,  North Indian,  Fast Food",4.3,202,1200
Salt,"Forum Shantiniketan Mall,Whitefield, East Bangalore", East Bangalore,Bangalore,"North Indian,  Finger Food",4.3,202,1500
6O1,"The Park,Thousand Lights, Central Chennai", Central Chennai,Chennai,"Multi-Cuisine,  North Indian,  Italian,  Continental,  European",4.2,202,3000
QLA,"Mehrauli, South Delhi", South Delhi,Delhi,"European,  Italian,  Spanish",4.3,201,3000
Taco Bell,"Cyber Hub,DLF Cyber City, Gurgaon", Gurgaon,Gurgaon,"Mexican,  Tex Mex,  Tex Mex",4.3,201,500
Buffalo Wild Wings,"Gachibowli, West Hyderabad", West Hyderabad,Hyderabad,American,4.1,201,1800
The Curious Kitchen and Bar,"Baner, West Pune", West Pune,Pune,"Italian,  Chinese,  North Indian",4.5,201,1600
Tossin Pizza,"DLF Galleria Market,DLF Phase - 4, Gurgaon", Gurgaon,Gurgaon,"Pizza,  Italian",4.5,200,800
Pangat,"Shree Gayatri Ganesh Apartment,Borivali West, North Western", North Western,Mumbai,"Chinese,  North Indian,  Seafood,  Konkani",4.1,200,700
A Bleu Basil,"Far East Plaza,Himayath Nagar, Central Hyderabad", Central Hyderabad,Hyderabad,"North Indian,  Chinese,  South Indian,  Fast Food",4.1,200,1000
Mocha,"Power Plaza,Koregaon Park, East Pune", East Pune,Pune,"Continental,  European,  Asian",4.5,200,1500
The Urban Foundry,"Balewadi High Street,Baner, West Pune", West Pune,Pune,"North Indian,  Asian",4.5,200,2000
Gulabi Nagari,"Bani Park, Central Jaipur", Central Jaipur,Jaipur,"North Indian,  Continental,  Fast Food",4.2,200,1300
Pop Tate's,"R Mall,Thane West, Thane", Thane,Mumbai,"Chinese,  Italian,  Continental",4.2,199,2000
PlayStation,"Tulip Grand,Uppal, East Hyderabad", East Hyderabad,Hyderabad,"Finger Food,  North Indian,  Chinese,  Continental",4.3,199,1100
The Orient,"City Centre 1,Salt Lake, East Kolkata", East Kolkata,Kolkata,"Oriental ,  Japanese,  Asian",4.3,199,2000
Hungry Puppet,"Radhe Fortune,Gandhinagar, North Ahmedabad", North Ahmedabad,Ahmedabad,"Multi-Cuisine,  North Indian,  Italian,  Chinese,  Continental",4.4,199,900
Berco's,"Rajouri Garden, West Delhi", West Delhi,Delhi,"Chinese,  Thai",4.3,198,1300
Cafe Delhi Heights,"Good Earth City Centre Mall,Sector 50, Gurgaon", Gurgaon,Gurgaon,"Modern Indian,  Italian,  Continental,  American",4.5,198,2000
RoadHouzz,"Southern Avenue, South Kolkata", South Kolkata,Kolkata,"North Indian,  Continental,  Italian,  Chinese",4.2,198,1600
Aagrah,"Shree Balaji Agora Mall,Chandkheda, North Ahmedabad", North Ahmedabad,Ahmedabad,"Gujarati,  Desserts",4.4,198,900
Punjab Grill,"The Capital Building,Bandra Kurla Complex, Bandra", Bandra,Mumbai,"North Indian,  Mughlai",4.3,197,3000
East Asia - The Asian Fanfare,"Borivali West, North Western", North Western,Mumbai,"Multi-Cuisine,  North Indian,  Chinese,  Thai,  Japanese,  Asian,  Korean",4.4,197,1200
Cibo,"Ashok Nagar, West Chennai", West Chennai,Chennai,"Seafood,  Multi-Cuisine,  North Indian,  Italian,  Continental,  South Indian,  Asian",3.7,197,800
Kebabsville,"Sayaji Hotel,Vijay Nagar, East Indore", East Indore,Indore,"North Indian,  Barbecue",4.3,197,1800
TYM Cafe & Restaurant,"Raj Nagar, Ghaziabad", Ghaziabad,Ghaziabad,"North Indian,  Fast Food,  Italian,  Chinese,  Continental",4,196,700
ASAP Diner,"Raj Nagar, Ghaziabad", Ghaziabad,Ghaziabad,"North Indian,  Street Food,  Chinese,  South Indian",4.5,196,600
Bake House Cafe,"Ola Bake House,Fort, South Mumbai", South Mumbai,Mumbai,"Continental,  Seafood,  Fast Food",4.5,196,1500
Minerva Coffee Shop,"Huda Techno Enclave,Madhapur, West Hyderabad", West Hyderabad,Hyderabad,"North Indian,  South Indian,  Chinese",3.9,196,600
Downtown Kitchen and Bar,"Courtyard by Marriott Hotel,Sushant Lok Phase 1, Gurgaon", Gurgaon,Gurgaon,"Multi-Cuisine,  North Indian,  Italian,  Asian",4.1,195,3400
Bayroute,"Transocean House,Powai, Powai", Powai,Mumbai,"Lebanese,  Turkish,  Moroccan,  Greek",4.5,195,3000
Mamagoto,"Oyster Building,Nungambakkam, Central Chennai", Central Chennai,Chennai,Asian,4.5,195,1200
Tabla,"APHB Commercial Complex,Kukatpally, West Hyderabad", West Hyderabad,Hyderabad,"North Indian,  Chinese,  Seafood,  Andhra,  Biryani",4.2,195,900
Kaafila,"City Centre 1,Salt Lake, East Kolkata", East Kolkata,Kolkata,"North Indian,  Mughlai,  Afghani",4.4,195,1500
Kaffee - Mast Hai,"Shree Balaji Agora Mall,Chandkheda, North Ahmedabad", North Ahmedabad,Ahmedabad,"Italian,  Continental,  Mexican",4.2,195,700
Diablo,"Mehrauli, South Delhi", South Delhi,Delhi,"Turkish,  Iranian",4.2,194,2000
Silver Spoon,"Anna Nagar, North Chennai", North Chennai,Chennai,"North Indian,  Mughlai,  Chinese",4.3,194,900
Prive Restaurant,"Mylapore, Central Chennai", Central Chennai,Chennai,"Multi-Cuisine,  North Indian,  Continental,  South Indian,  Mexican",4.4,194,1200
Malnadu Kitchen - Telangana Cuisine,"Hoysala inn,Kompally, Secunderabad", Secunderabad,Hyderabad,"North Indian,  Chinese,  Andhra,  South Indian",4.2,194,1800
Anardana Modern Kitchen & Bar,"Industrial Area Phase 1, South Chandigarh", South Chandigarh,Chandigarh,"North Indian,  Chinese,  Italian,  Continental",4.5,194,1200
Fifty9,"Radisson Blu Marina,Connaught Place, Central Delhi", Central Delhi,Delhi,"North Indian,  Continental,  Oriental ",3.7,193,2800
Pind Balluchi,"Lajpat Nagar - 2, South Delhi", South Delhi,Delhi,"North Indian,  Mughlai",4.1,193,1800
The Stables,"Marol, Andheri East", Andheri East,Mumbai,"Finger Food,  European,  British",4.2,193,1500
Badmaash,"R B Arcade,Koramangala, South Bangalore", South Bangalore,Bangalore,"Finger Food,  North Indian,  Mughlai",4.1,193,2000
Public The Rooftop Bar & Kitchen,"S V Arcade,Bannerghatta Road, South Bangalore", South Bangalore,Bangalore,"Multi-Cuisine,  North Indian,  Chinese,  South Indian,  Andhra,  Finger Food",4,193,1200
Seasonal Tastes,"The Westin Hyderabad Mindspace,Hitech City, West Hyderabad", West Hyderabad,Hyderabad,"Multi-Cuisine,  North Indian,  Chinese,  Continental,  South Indian",4.2,193,2600
Cafe Knosh,"The Leela Ambience Convention Hotel,Shahdara, East Delhi", East Delhi,Delhi,"Multi-Cuisine,  North Indian,  Italian,  Continental,  Mediterranean",4.3,192,3000
The Kylin Experience,"Worldmark 2,Aerocity, South Delhi", South Delhi,Delhi,"Asian,  Chinese,  Thai,  Vietnamese,  Sushi",4.5,192,2700
The Bar Company,"Gardens Galleria,Sector 38A, Noida", Noida,Noida,"Multi-Cuisine,  North Indian,  Chinese,  European",4.1,192,2300
Nara,"Raheja Towers,Bandra Kurla Complex, Bandra", Bandra,Mumbai,"Thai,  Asian,  Seafood",4.5,192,2500
West 1,"The Park Navi Mumbai,CBD-Belapur, Navi Mumbai", Navi Mumbai,Mumbai,"Multi-Cuisine,  North Indian,  Italian,  Continental",4,192,3000
The Lantern,"The Ritz - Carlton,Residency Road, Central Bangalore", Central Bangalore,Bangalore,Chinese,4.5,192,3500
Chang's Legacy,"Vijay Nagar, East Indore", East Indore,Indore,"Chinese,  Asian",4.2,192,900
The Irish House,"Viviana Mall,Thane West, Thane", Thane,Mumbai,"Continental,  American,  European",4.1,191,2000
The Coffee Cup Pizzeria,"Sainikpuri, Secunderabad", Secunderabad,Hyderabad,"Italian,  Continental,  Fast Food,  Coffee",4.4,191,700
Palms Kitchen,"Fairfield by Marriott Hyderabad Gachibowli,Gachibowli, West Hyderabad", West Hyderabad,Hyderabad,"Multi-Cuisine,  North Indian,  Chinese,  Continental",3.3,191,2000
La Pizzeria,"Balewadi High Street,Baner, West Pune", West Pune,Pune,"Italian,  Mexican",4.2,191,1400
Ichiban,"Pandara Road, Central Delhi", Central Delhi,Delhi,"Chinese,  Thai,  Japanese",4.5,190,800
HUDBA,"Greater Kailash - 1, South Delhi", South Delhi,Delhi,"North Indian,  Oriental ,  Italian,  Continental",4.1,190,2300
Baccara,"Bhawanipur, South Kolkata", South Kolkata,Kolkata,"Multi-Cuisine,  North Indian,  Chinese,  Continental,  Oriental ",3.8,190,1000
Umami By Curries,"Shivalik Plaza,Ambawadi, West Ahmedabad", West Ahmedabad,Ahmedabad,"North Indian,  Chinese,  Continental",4.4,190,1200
Maravanthe,"Indiranagar, East Bangalore", East Bangalore,Bangalore,"South Indian,  Mangalorean,  Coastal,  Seafood",4.5,189,1000
Ohri's Eatmor,"Hotel Baseraa,SD Road, Secunderabad", Secunderabad,Hyderabad,"Continental,  Fast Food,  Italian,  Chinese,  Finger Food,  Street Food,  Desserts,  Ice Cream,  Shakes",3.8,189,1000
Wow! China by Wow! Momo,"Park Street, Central Kolkata", Central Kolkata,Kolkata,Chinese,4.3,189,500
Oh! Calcutta,"Forum Mall,Elgin Road, South Kolkata", South Kolkata,Kolkata,"Bengali,  Seafood",4.4,189,1800
Cafe Noir,"UB City,Vittal Mallya Road, Central Bangalore", Central Bangalore,Bangalore,"French,  Bakery and Confectionary,  Desserts,  Fast Food",4.3,188,950
Punjab Grill,"Orion Mall,Rajajinagar, West Bangalore", West Bangalore,Bangalore,North Indian,4.2,188,2000
Nook,"Aloft Bengaluru Cessna Business Park,Bellandur, South Bangalore", South Bangalore,Bangalore,"Multi-Cuisine,  North Indian,  Chinese,  Continental,  South Indian",4.2,188,2000
Sherlock's Pub,"Brookefields, East Bangalore", East Bangalore,Bangalore,"North Indian,  Chinese",4.1,188,1300
VB Signature - Progressive Veg Restaurant,"Nungambakkam, Central Chennai", Central Chennai,Chennai,"South Indian,  North Indian,  Asian",4,188,1000
Lyfe by Soul Garden Bistro,"Kilpauk, North Chennai", North Chennai,Chennai,"Continental,  Italian,  Mexican",4.2,188,800
Aajisai,"Quest Mall,Ballygunge, South Kolkata", South Kolkata,Kolkata,"Japanese,  Sushi",4.3,188,1900
Pirates of Grill,"Elante Mall,Industrial Area Phase 1, South Chandigarh", South Chandigarh,Chandigarh,"North Indian,  Barbecue",4.3,188,1800
Cravings,"Sayaji Hotel,Vijay Nagar, East Indore", East Indore,Indore,"North Indian,  Italian,  Chinese",4.5,188,1800
Biryani Blues,"Scindia House,Connaught Place, Central Delhi", Central Delhi,Delhi,"Biryani,  Hyderabadi",4.2,187,1200
La La Land Brew Pub,"Global Foyer Mall,Golf Course Road, Gurgaon", Gurgaon,Gurgaon,"Multi-Cuisine,  Finger Food,  North Indian,  Italian,  Chinese,  Mexican",4.3,187,2200
Cafe Azzure,"Kalyan Nagar, North Bangalore", North Bangalore,Bangalore,"Continental,  Italian,  Coffee,  Burger",4.2,187,1000
Dildaar,"Madhapur, West Hyderabad", West Hyderabad,Hyderabad,"North Indian,  Mughlai",4.3,187,1000
Diner 49B,"Jodhpur Park, South Kolkata", South Kolkata,Kolkata,"Continental,  Chinese",4.4,187,900
MAD - Music and Drinks,"Rajouri Garden, West Delhi", West Delhi,Delhi,"North Indian,  Continental,  Japanese,  Asian",3.9,186,1200
Roots Of India,"Times Square Tech Park,Sakinaka, Andheri East", Andheri East,Mumbai,"North Indian,  Oriental ,  Chinese,  Seafood",4,186,2500
Asian Kitchen,"Four Points By Sheraton Hotel,Vashi, Navi Mumbai", Navi Mumbai,Mumbai,"Multi-Cuisine,  North Indian,  Chinese,  Japanese,  Oriental ",4,186,3000
Jia - The Oriental Kitchen,"Dhanraj Mahal,Colaba, South Mumbai", South Mumbai,Mumbai,"Thai,  Seafood,  Asian",4.5,186,2500
Palamuru Grill,"Attapur, South Hyderabad", South Hyderabad,Hyderabad,"Barbecue,  Andhra,  North Indian",4.1,186,1100
Taco Bell,"Epicuria Food Mall,Nehru Place, South Delhi", South Delhi,Delhi,"Mexican,  Tex Mex,  Tex Mex",4.5,185,500
All Stir Fry,"The Gordon House Hotel,Colaba, South Mumbai", South Mumbai,Mumbai,"Chinese,  Seafood,  Asian,  Thai",4.4,185,2700
STR8UP,"Jaysudha Heights,Madhapur, West Hyderabad", West Hyderabad,Hyderabad,"North Indian,  Continental,  Finger Food",3.8,185,1300
Chaitanya Food Court,"Kukatpally, West Hyderabad", West Hyderabad,Hyderabad,"Andhra,  Biryani,  Chinese,  Seafood",4.3,185,1100
Baraamda,"Sector 122, Noida", Noida,Noida,"North Indian,  Chinese",4,184,1000
The Madras Diner,"Mogappair, West Chennai", West Chennai,Chennai,"North Indian,  Chinese",4.4,184,700
Little Italy,"Chinchwad, West Pune", West Pune,Pune,"Italian,  Mexican",4.1,184,1400
Hops n Taters,"Lal Kothi, Central Jaipur", Central Jaipur,Jaipur,"North Indian,  Italian,  Oriental ",4.3,184,1300
The Eclectica,"Sodala, West Jaipur", West Jaipur,Jaipur,"Multi-Cuisine,  North Indian,  Italian,  Chinese,  South Indian,  Fast Food",4.2,183,1400
Masala Ministry,"Malviya Nagar, South Jaipur", South Jaipur,Jaipur,"Multi-Cuisine,  North Indian,  Chinese,  Fast Food",4.3,183,900
Persian Darbar,"Moray Mahal,Bandra West, Bandra", Bandra,Mumbai,"North Indian,  Chinese,  Mughlai,  Biryani",4.4,182,2500
Tanngo Chutney,"Salt Lake, East Kolkata", East Kolkata,Kolkata,"North Indian,  South Indian",4.2,182,700
Club Barocks,"Godrej Waterside,Salt Lake, East Kolkata", East Kolkata,Kolkata,"North Indian,  Italian,  Continental",3.9,182,2500
Cuppuccino,"HSG House,Navrangpura, West Ahmedabad", West Ahmedabad,Ahmedabad,"Italian,  Continental,  Mexican,  Fast Food,  Coffee,  Pizza",4.1,182,800
BoomBox Cafe,"Sector 9, East Chandigarh", East Chandigarh,Chandigarh,"Multi-Cuisine,  North Indian,  Italian,  Chinese,  Continental",4,182,1500
D Three,"C Scheme, Central Jaipur", Central Jaipur,Jaipur,"North Indian,  Chinese,  Continental,  Mexican,  Fast Food",4.2,182,1000
Biryani By Kilo,"Connaught Place, Central Delhi", Central Delhi,Delhi,"Mughlai,  Biryani",4.1,181,800
Binge,"Stellar IT Park,Sector 62, Noida", Noida,Noida,"North Indian,  Chinese,  Continental",4.3,181,2000
Ten One,"Juhu Residency Boutique Hotel,Juhu, Andheri West", Andheri West,Mumbai,"Multi-Cuisine,  North Indian,  Italian,  Continental,  South Indian,  Gujarati",4.3,181,900
Pind Balluchi,"Janpath, Central Delhi", Central Delhi,Delhi,"North Indian,  Mughlai",4,180,1800
China Gate,"M.I.D.C, Andheri East", Andheri East,Mumbai,"Chinese,  Seafood",4.4,180,1000
Agent Jack's Bar,"ICC Trade Tower,Senapati Bapat Road, West Pune", West Pune,Pune,"North Indian,  Italian,  Continental,  Asian,  Finger Food",4,180,1700
Red Kitchen & Lounge,"The Enclave ,Alipore, South Kolkata", South Kolkata,Kolkata,"Chinese,  North Indian,  Seafood",4.2,180,1800
Radioactive Cafe,"Punjabi Bagh, West Delhi", West Delhi,Delhi,"Multi-Cuisine,  North Indian,  Italian,  Chinese,  Continental,  Street Food",4,179,1500
Mia Cucina,"Transocean House,Powai, Powai", Powai,Mumbai,"Italian,  Continental",4.2,179,2200
Urban Tadka,"R-Mall,Mulund West, Central Suburbs", Central Suburbs,Mumbai,"North Indian,  Mughlai",4.2,179,1600
Rising Cafe & Diner,"Charni Road, South Mumbai", South Mumbai,Mumbai,"North Indian,  Fast Food,  Italian,  Continental",4.3,179,1500
Cinders Rooftop Barbeque,"Comfort INN Insys,Mathikere, North Bangalore", North Bangalore,Bangalore,"North Indian,  Italian,  Chinese,  Continental,  Barbecue,  Finger Food",4,179,1500
The Rasoiya Street,"HSR Layout, South Bangalore", South Bangalore,Bangalore,"North Indian,  Chinese,  Continental",4.1,179,800
Bikanervala,"Basheerbagh, Central Hyderabad", Central Hyderabad,Hyderabad,"Street Food,  Desserts,  Mithai,  North Indian,  Chinese",4.2,179,1000
Kebab-e-Que,"The Astor Kolkata,Shakespeare Sarani, Central Kolkata", Central Kolkata,Kolkata,"Multi-Cuisine,  North Indian,  Chinese,  Continental,  Asian,  Bengali",4.3,179,1800
Aloha Rooftop,"Hotel Silvotel,Vijay Nagar, East Indore", East Indore,Indore,"North Indian,  Chinese,  Fast Food",4,179,1200
KOKO,"Kamala Mills Compound,Lower Parel, South Mumbai", South Mumbai,Mumbai,"Asian,  Japanese,  Oriental ,  Sushi",4.7,178,3000
Pritam's Global Cuisine,"Rosa Vista,Thane West, Thane", Thane,Mumbai,"Multi-Cuisine,  North Indian,  Italian,  Chinese,  Continental,  Oriental ",4.2,178,2000
MOB,"Film Nagar, Central West Hyderabad", Central West Hyderabad,Hyderabad,"Multi-Cuisine,  North Indian,  Italian,  Chinese,  Continental",4.1,178,3000
B MAD - The Restaurant,"Mulund West, Central Suburbs", Central Suburbs,Mumbai,"Multi-Cuisine,  North Indian,  Italian,  Mexican,  Lebanese",4.3,177,1200
Float Brewery,"Kalyan Nagar, North Bangalore", North Bangalore,Bangalore,"European,  Asian,  North Indian,  Italian",4.1,177,1500
Sigree,"Anna Nagar, North Chennai", North Chennai,Chennai,"North Indian,  Mughlai,  Biryani",3.9,177,1200
Chinese Pavilion,"Banjara Hills, Central East Hyderabad", Central East Hyderabad,Hyderabad,"Chinese,  Seafood",4.4,177,1400
Spice Villa,"Piplod, South Surat", South Surat,Surat,"North Indian,  Oriental ,  Mughlai",4.3,177,1500
Troy Lounge and Bar,"Punjabi Bagh, West Delhi", West Delhi,Delhi,"North Indian,  Multi-Cuisine,  Chinese,  Continental",3.8,176,1500
Meraki Cafe & Bar,"DDA Complex,Defence Colony, South Delhi", South Delhi,Delhi,"North Indian,  Chinese,  Italian,  Continental",4,176,1600
Striker Skybar,"South Point Mall,DLF Phase - 5, Gurgaon", Gurgaon,Gurgaon,"Finger Food,  North Indian,  Continental,  American,  Asian",4.3,176,2800
Rasavid,"Velachery, South West Chennai", South West Chennai,Chennai,"North Indian,  Chinese,  South Indian,  Hyderabadi,  Andhra",3.7,176,900
Senses,"Marriott Suites Pune,Koregaon Park, East Pune", East Pune,Pune,"Multi-Cuisine,  North Indian,  Italian,  Continental,  Asian",4.5,176,2000
Satguru's Punjabi Rasoi,"Chinchwad, West Pune", West Pune,Pune,"North Indian,  Fast Food",3.9,176,800
For God's Cake,"Hudson Lane, North Delhi", North Delhi,Delhi,"Desserts,  Bakery and Confectionary",4.5,175,500
Maamouche’s Alchemy Bar,"Starling Mall,Sector 104, Noida", Noida,Noida,"Multi-Cuisine,  North Indian,  Continental,  Lebanese",4.4,175,2000
The Hill Green,"Eastern Business District,Bhandup West, Central Suburbs", Central Suburbs,Mumbai,"Multi-Cuisine,  North Indian,  Italian,  Continental,  Mexican",4.2,175,1600
Cirkus,"HSR Layout, South Bangalore", South Bangalore,Bangalore,"Continental,  Finger Food,  Fast Food",4.1,175,1600
Hut-K Spice Kitchen,"Madhapur, West Hyderabad", West Hyderabad,Hyderabad,"North Indian,  South Indian,  Chinese",4,175,900
Tabla,"Nagole, East Hyderabad", East Hyderabad,Hyderabad,"North Indian,  Chinese,  Seafood,  Andhra,  Biryani",3.9,175,1200
Fire And Ice Pizzeria,"Kanak Building,Park Street, Central Kolkata", Central Kolkata,Kolkata,Italian,4.4,175,2000
Sankalp,"Sankalp Square 2,Paldi, Central Ahmedabad", Central Ahmedabad,Ahmedabad,South Indian,4.1,175,500
5/78 Skybar,"Brilliant Convention Centre,Vijay Nagar, East Indore", East Indore,Indore,"Asian,  Finger Food,  Italian",4.6,175,2000
The Irish House,"Gasper Enclave,Bandra West, Bandra", Bandra,Mumbai,"Continental,  American,  European",4.4,174,2000
Momo Cafe,"Courtyard by Marriott Bengaluru Outer Ring Road,Marathahalli, East Bangalore", East Bangalore,Bangalore,"Multi-Cuisine,  North Indian,  Continental,  Asian",4.1,174,2000
Cafe Mezzuna,"South City Mall,Jadavpur, South Kolkata", South Kolkata,Kolkata,"Italian,  Mediterranean,  European",4.5,174,2200
HKV Bar Exchange,"Hauz Khas Village, South Delhi", South Delhi,Delhi,"Chinese,  Finger Food,  North Indian,  Continental",4.2,173,1700
Green Vatika,"Rohini, North Delhi", North Delhi,Delhi,"North Indian,  Chinese,  Fast Food",4,173,1700
Punjab Grill,"Worldmark 1,Aerocity, South Delhi", South Delhi,Delhi,"North Indian,  Mughlai",4.2,173,1800
Jamie's Pizzeria By Jamie Oliver,"Ambience Mall,DLF Phase - 3, Gurgaon", Gurgaon,Gurgaon,"Italian,  Pizza",4.3,173,2000
9th Mile Dhaba,"Royal Orchid Resort And Convention Center,Yelahanka, North Bangalore", North Bangalore,Bangalore,"North Indian,  Mughlai",4,173,1200
Hub At ECR,"Vettuvankeni, South Chennai", South Chennai,Chennai,"Continental,  North Indian,  Italian,  Seafood,  Fusion",4.3,173,2100
Hotel Shadab,"SR Nagar, Central East Hyderabad", Central East Hyderabad,Hyderabad,"Multi-Cuisine,  North Indian,  Chinese,  Mughlai,  Hyderabadi,  Biryani",4.3,173,900
Fozzie’s Pizzaiolo . Café and Deli,"Maruti Crystal,Bodakdev, West Ahmedabad", West Ahmedabad,Ahmedabad,"Italian,  Fast Food,  Pizza",4.4,173,1000
Kitchen District,"Sector 83, Gurgaon", Gurgaon,Gurgaon,"Multi-Cuisine,  North Indian,  Continental,  Japanese,  Asian",4.3,172,3000
Prasad Food Divine,"Manpada, Thane", Thane,Mumbai,"North Indian,  Chinese,  Continental",4.4,172,1000
Sherlock's Pub,"MG Road, Central Bangalore", Central Bangalore,Bangalore,"North Indian,  Chinese",4.3,172,1300
Chianti,"Ramanashree Arcade,MG Road, Central Bangalore", Central Bangalore,Bangalore,Italian,4.6,172,2200
China Town,"Gopalapuram, Central Chennai", Central Chennai,Chennai,"Chinese,  Seafood",4.5,172,1200
The 3 Musketeers Pub,"Balewadi High Street,Baner, West Pune", West Pune,Pune,"Finger Food,  North Indian,  Chinese,  Continental,  American",4.2,172,1700
The Mafia,"Viman Nagar, East Pune", East Pune,Pune,"North Indian,  Asian,  Italian,  Continental",3.8,172,1900
Latitude 18.5,"Hinjewadi, West Pune", West Pune,Pune,"North Indian,  Continental",4.1,172,1000
RocoMamas,"World Trade Center,Kharadi, East Pune", East Pune,Pune,"Burger,  Fast Food",4.3,172,1200
Beer Castle,"Sector 8, Panchkula", Panchkula,Chandigarh,"Multi-Cuisine,  North Indian,  Italian,  Continental,  Asian,  Fast Food",4.5,172,2000
Coffee Culture Reserve,"Piplod, South Surat", South Surat,Surat,"Fast Food,  Coffee",4.3,172,800
Lotus Cafe,"JW Marriott Hotel,Juhu, Andheri West", Andheri West,Mumbai,"North Indian,  Italian,  Continental",4.6,171,3500
Barbeque Nation,"Kothaguda, West Hyderabad", West Hyderabad,Hyderabad,"Barbecue,  North Indian,  Mediterranean",4.4,171,1400
Palamuru Grill,"Kondapur, West Hyderabad", West Hyderabad,Hyderabad,"Andhra,  North Indian",4.1,171,900
Komatose,"Fairfield by Marriott Hyderabad Gachibowli,Gachibowli, West Hyderabad", West Hyderabad,Hyderabad,"Multi-Cuisine,  North Indian,  Chinese,  Japanese,  Sushi",4.1,171,1500
Bird Valley,"Pimple Saudagar, West Pune", West Pune,Pune,"North Indian,  Chinese,  Continental",4.2,171,1500
Pepper Chino,"The Samilton Hotel,Sarat Bose Road, South Kolkata", South Kolkata,Kolkata,"Multi-Cuisine,  North Indian,  Italian,  Chinese,  Thai",4.3,171,1600
FO - Food Overloaded,"Paschim Vihar, West Delhi", West Delhi,Delhi,"Chinese,  North Indian,  Italian,  Fast Food,  Pizza",4.5,170,1200
Coffee By Di Bella,"Bhattad Towers,Borivali West, North Western", North Western,Mumbai,"Fast Food,  Coffee,  Tea,  Desserts,  Waffle",4.1,170,700
Toscano,"Nungambakkam, Central Chennai", Central Chennai,Chennai,"Italian,  Pizza,  North Indian,  Mediterranean,  Desserts,  Coffee,  Drinks",4.6,170,900
Amelie's,"Thuraipakkam, South West Chennai", South West Chennai,Chennai,"Continental,  Desserts,  Drinks",4.5,170,1000
The Eatery,"Four Points by Sheraton Hotel and Serviced Apartments,Nagar Road, East Pune", East Pune,Pune,"Italian,  Continental,  North Indian",4,170,1800
M.O.B.E - Ministry of Bar Exchange,"Elante Mall,Industrial Area Phase 1, South Chandigarh", South Chandigarh,Chandigarh,"Multi-Cuisine,  North Indian,  Italian,  Chinese,  Continental",4.2,170,1500
The Chai Story,"Connaught Place, Central Delhi", Central Delhi,Delhi,"Fast Food,  Tea",4.1,169,400
The Colony Bistro,"Lajpat Nagar - 4, South Delhi", South Delhi,Delhi,"Fast Food,  North Indian,  Italian,  Continental",4,169,2100
Red Chilli,"Paschim Vihar, West Delhi", West Delhi,Delhi,"North Indian,  Chinese,  Mughlai",4.1,169,1500
Barbeque 29,"NIT, Faridabad", Faridabad,Noida,"North Indian,  Chinese,  Barbecue",4.3,169,1500
Yazu - Pan Asian Supper Club,"Near Andheri West Station, Andheri West", Andheri West,Mumbai,"Multi-Cuisine,  Chinese,  Thai,  Japanese,  Asian,  Korean",4.5,169,2000
Chemistry,"Jubilee Hills, Central West Hyderabad", Central West Hyderabad,Hyderabad,Finger Food,4,169,1800
द Vege टेबल,"Deccan Gymkhana, West Pune", West Pune,Pune,"Multi-Cuisine,  North Indian,  Italian,  Chinese,  Continental",4.3,169,1300
The 3 Musketeers,"Lunkad Skymax Mall,Viman Nagar, East Pune", East Pune,Pune,"Finger Food,  North Indian,  Chinese,  Continental,  Mexican",4.3,169,1700
Chili's American Grill and Bar,"Vegas Mall,Dwarka, West Delhi", West Delhi,Delhi,"Mexican,  American,  Italian",4.5,168,2000
Cloves Restaurant and Cafe,"Safal Pegasus,Prahlad Nagar, West Ahmedabad", West Ahmedabad,Ahmedabad,"Multi-Cuisine,  North Indian,  Chinese,  Fast Food",3.8,168,1100
Mitti Ke Rang,"Chandkheda, North Ahmedabad", North Ahmedabad,Ahmedabad,"North Indian,  Chinese,  Continental,  Italian",4.5,168,800
Bagundi,"M-Block,Connaught Place, Central Delhi", Central Delhi,Delhi,"South Indian,  Andhra,  Seafood",4.3,167,1000
Rasam,"The Stadel,Salt Lake, East Kolkata", East Kolkata,Kolkata,South Indian,4,167,500
First Innings,"The Stadel,Salt Lake, East Kolkata", East Kolkata,Kolkata,"North Indian,  Oriental ,  Chinese,  Bengali",4,167,1500
Indies,"Camac Street, Central Kolkata", Central Kolkata,Kolkata,"Multi-Cuisine,  North Indian,  Italian,  Chinese,  Continental,  Mexican",4.3,167,1000
Fusion Fantasea,"Southern Avenue, South Kolkata", South Kolkata,Kolkata,"Seafood,  Coastal,  Goan,  Kerala",4.4,167,900
Nest,"Howard Johnson Hotel,Rajarhat, 24 Parganas North", 24 Parganas North,Kolkata,"European,  Asian",3.6,167,1500
Farmhouse Sea N Sand,"Vasai West, North Western", North Western,Mumbai,"Seafood,  North Indian,  Chinese",4.1,166,1200
Palmshore,"Ashok Nagar, West Chennai", West Chennai,Chennai,"Multi-Cuisine,  North Indian,  Chinese,  Seafood",4.2,166,1000
Jonah's Bistro,"Alwarpet, Central Chennai", Central Chennai,Chennai,"Italian,  Continental,  Asian",4,166,1400
Olives,"Regenta Central Deccan,Royapettah, Central Chennai", Central Chennai,Chennai,"Multi-Cuisine,  North Indian,  Continental,  South Indian,  Oriental ",4.1,166,900
Chili’s American Grill and Bar,"Phoenix Market City,Velachery, South West Chennai", South West Chennai,Chennai,"Mexican,  American,  Tex Mex",4.2,166,1500
Jamun,"Lodhi Colony, South Delhi", South Delhi,Delhi,"North Indian,  Seafood,  Andhra,  Kerala",4.4,165,3000
Cafe Tesu,"Essex Farms,Aurobindo Marg, South Delhi", South Delhi,Delhi,"Multi-Cuisine,  North Indian,  Italian,  Continental,  Japanese,  Deli",4.4,165,2500
Dilli Kanteen Kitchen,"The Grand New Delhi,Vasant Kunj, South Delhi", South Delhi,Delhi,"Continental,  North Indian",4,165,1600
Pop Tate's,"Satra Plaza,Vashi, Navi Mumbai", Navi Mumbai,Mumbai,"Chinese,  Italian,  Continental",4.4,165,2000
1441 Pizzeria,"Kamala Mills Compound,Lower Parel, South Mumbai", South Mumbai,Mumbai,"Pizza,  Italian",4.6,165,1200
Toss,"Ispahani Center,Nungambakkam, Central Chennai", Central Chennai,Chennai,"Chinese,  Continental",4,165,800
Chinese Pavilion,"Venkata Sai Ganapathi's Gold,Gachibowli, West Hyderabad", West Hyderabad,Hyderabad,"Chinese,  Seafood",4.4,165,1400
Bargain Booze,"Sector 26, East Chandigarh", East Chandigarh,Chandigarh,"North Indian,  Chinese,  Italian,  Continental",4.2,165,1700
Effingut,"Dhanraj Mahal,Colaba, South Mumbai", South Mumbai,Mumbai,"Multi-Cuisine,  North Indian,  Continental,  Burmese,  Finger Food",4.5,164,1500
Tandoor,"Centenary Building,MG Road, Central Bangalore", Central Bangalore,Bangalore,"North Indian,  Mughlai,  Seafood",3.9,164,2100
Stories Bar & Kitchen,"Rajarajeshwari Nagar, West Bangalore", West Bangalore,Bangalore,"North Indian,  Italian,  Chinese",4.1,164,1600
The Punjabi Rasoi,"Indiranagar, East Bangalore", East Bangalore,Bangalore,"North Indian,  Chinese,  Mughlai",4.2,164,800
Country Roads,"DLF Galleria,New Town, 24 Parganas North", 24 Parganas North,Kolkata,"Finger Food,  North Indian,  Chinese,  Continental",4.4,164,1600
Singla's,"Tilak Nagar, West Delhi", West Delhi,Delhi,"North Indian,  Chinese,  Street Food,  Desserts",4,163,800
Bahar Biryani Cafe,"Hasthinapuram, East Hyderabad", East Hyderabad,Hyderabad,"North Indian,  Chinese,  Biryani",3.1,163,800
Alpine Restaurant & Banquet,"Rangoli Complex,Ellis Bridge, Central Ahmedabad", Central Ahmedabad,Ahmedabad,"North Indian,  Chinese",4.3,163,800
Thali and More,"C Scheme, Central Jaipur", Central Jaipur,Jaipur,"North Indian,  Chinese,  Italian,  South Indian",4.4,163,1000
Lost Lemons,"Sector 29, Gurgaon", Gurgaon,Gurgaon,"North Indian,  Chinese,  Continental",4.1,162,2500
Barbeque Nation,"EF3 Mall,Sector 20, Faridabad", Faridabad,Noida,"North Indian,  Barbecue,  Mughlai",4.5,162,1700
Pop's Barbacoa,"Sohna Road, Gurgaon", Gurgaon,Gurgaon,"North Indian,  Continental,  Chinese,  Mexican,  Oriental ",4.5,162,1500
Coffee By Di Bella,"Versova, Andheri West", Andheri West,Mumbai,"Fast Food,  Coffee,  Tea,  Desserts,  Waffle",4.4,162,700
Exotica,"Business Square,Hitech City, West Hyderabad", West Hyderabad,Hyderabad,"North Indian,  Chinese,  Mughlai,  Oriental ",4.4,162,2600
Paasha,"JW Marriott Hotel,Senapati Bapat Road, West Pune", West Pune,Pune,"North Indian,  Mughlai",4.5,162,2500
Satguru's Punjabi Rasoi,"Ravet, West Pune", West Pune,Pune,"North Indian,  Chinese",4.1,162,1800
New Kadimi,"Janakpuri, West Delhi", West Delhi,Delhi,"North Indian,  Chinese,  South Indian",4.1,161,800
Level 2,"The Radisson Blu Hotel,Paschim Vihar, West Delhi", West Delhi,Delhi,"Multi-Cuisine,  North Indian,  Italian,  Continental,  Mediterranean,  Asian",4.1,161,3200
Jade Raven Multicuisine Restaurant and Bar,"Ravi Industries,Thane West, Thane", Thane,Mumbai,"North Indian,  Chinese,  Seafood,  Mughlai",4.3,161,1500
Sly Granny - The Community House,"Indiranagar, East Bangalore", East Bangalore,Bangalore,"Modern Indian,  European,  American",4.4,161,2500
Orange Wok,"Nungambakkam, Central Chennai", Central Chennai,Chennai,"Asian,  Chinese,  Thai,  Seafood,  Malaysian",4.3,161,1000
Hola,"Citadines,Sholinganallur, South West Chennai", South West Chennai,Chennai,"Multi-Cuisine,  North Indian,  Italian,  Chinese,  Continental",4.1,161,1200
Mugs And Shots,"City Centre 1,Salt Lake, East Kolkata", East Kolkata,Kolkata,"Multi-Cuisine,  North Indian,  Italian,  Continental,  Oriental ,  Fast Food",4,161,1500
Seasonal Tastes,"The Westin Mumbai Garden City Hotel,Goregaon East, North Western", North Western,Mumbai,"North Indian,  Continental,  Asian",4.3,160,4000
Cafe Felix,"1 MG Road Mall,MG Road, Central Bangalore", Central Bangalore,Bangalore,"Continental,  American,  European",4.3,160,1700
Orbis Restaurant,"Brookefields, East Bangalore", East Bangalore,Bangalore,"North Indian,  Oriental ,  Arabian,  Drinks",4,160,800
Parampara - Flavours of india,"ANR Center,Banjara Hills, Central East Hyderabad", Central East Hyderabad,Hyderabad,"Multi-Cuisine,  North Indian,  Chinese,  South Indian",4,160,1000
Puffs N Bites,"Regency Building,Shakespeare Sarani, Central Kolkata", Central Kolkata,Kolkata,"Multi-Cuisine,  North Indian,  Italian,  Chinese,  Fast Food",4.1,160,1100
Eighty8+ Cafe,"Elgin Road, South Kolkata", South Kolkata,Kolkata,"Fast Food,  North Indian,  Chinese",4.1,160,800
360°,"C Scheme, Central Jaipur", Central Jaipur,Jaipur,"Multi-Cuisine,  North Indian,  Italian,  Chinese,  Continental",4,160,2200
Cafe on 3,"Holiday Inn,Mayur Vihar Phase - 1, East Delhi", East Delhi,Delhi,"Continental,  Mediterranean,  North Indian,  Italian",4.2,159,3600
CAD (ctrl+alt+del) Tech Bar,"32nd Avenue,Sector 15, Gurgaon", Gurgaon,Gurgaon,"Modern Indian,  North Indian,  Italian,  Oriental ",4.2,159,2200
DR Zombie,"Connaught Place, Central Delhi", Central Delhi,Delhi,"Italian,  American,  Coffee",4.1,158,1800
Cafe Uncover,"Dwarka, West Delhi", West Delhi,Delhi,"North Indian,  Italian,  Chinese,  Continental",4.2,158,1500
Oye Punjab,"Pankaj Arcade 2,Dwarka, West Delhi", West Delhi,Delhi,"North Indian,  Chinese,  Mughlai",4.2,158,2000
Spectra,"The Leela Kempinski Hotel,DLF Phase - 3, Gurgaon", Gurgaon,Gurgaon,"North Indian,  Japanese,  European,  Asian",4.7,158,4000
Loco Loca,"The Empresa Hotel,Near Andheri West Station, Andheri West", Andheri West,Mumbai,"Mediterranean,  North Indian,  Spanish",4.3,158,1200
Diva Maharashtracha,"Mili CHS,Mahim, South Mumbai", South Mumbai,Mumbai,"Maharashtrian,  Seafood,  Goan,  Konkani,  Malvani",4.4,158,2000
The Hebbal Cafe,"Courtyard By Marriott Hebbal,Hebbal, North Bangalore", North Bangalore,Bangalore,"Multi-Cuisine,  North Indian,  Italian,  Continental,  Asian",4.3,158,2000
Jugalbhandhi,"Nungambakkam, Central Chennai", Central Chennai,Chennai,"North Indian,  Italian,  Chinese",4.2,158,1500
Hotel Kass,"Hotel Kass,Kompally, Secunderabad", Secunderabad,Hyderabad,"South Indian,  Andhra,  Chinese",4.3,158,1200
Kobe Sizzlers,"Gachibowli, West Hyderabad", West Hyderabad,Hyderabad,"Continental,  Asian,  Sizzlers",3.9,158,1200
Cherries,"Silver Heights Hotel,Navrangpura, West Ahmedabad", West Ahmedabad,Ahmedabad,"Multi-Cuisine,  North Indian,  Italian,  Continental,  Mexican,  Oriental ",4.5,158,1000
Punjab Grill,"Khan Market, Central Delhi", Central Delhi,Delhi,"North Indian,  Mughlai",4.1,156,2200
Wood Box Cafe,"Indirapuram, Ghaziabad", Ghaziabad,Ghaziabad,"Fast Food,  Shakes",4.2,156,800
Barbeque Nation,"Omaxe Connaught Place Mall,Beta 2, NCR Greater Noida", NCR Greater Noida,Noida,"North Indian,  Barbecue,  Mughlai",4.4,156,1700
BANGALORE BOX,"BTM Layout, South Bangalore", South Bangalore,Bangalore,"Asian,  Continental",4.3,156,1200
Medley,"Jubilee Hills, Central West Hyderabad", Central West Hyderabad,Hyderabad,"Lebanese,  North Indian,  Italian,  Chinese,  Continental,  Mexican,  Desserts",4.3,156,1000
Sonar Tori,"City Centre 1,Salt Lake, East Kolkata", East Kolkata,Kolkata,Bengali,4.3,156,1200
RJ 14,"Ajmer Road, West Jaipur", West Jaipur,Jaipur,"North Indian,  South Indian",4.1,156,1300
Pipeline Cafe,"Satya Niketan, South Delhi", South Delhi,Delhi,"Fast Food,  Italian,  Chinese,  Continental",4.2,155,800
Underdoggs,"Worldmark 2,Aerocity, South Delhi", South Delhi,Delhi,"Continental,  Mexican",4.4,155,2000
Delhi Pavilion,"Sheraton New Delhi Hotel,Saket, South Delhi", South Delhi,Delhi,"North Indian,  Continental,  Asian",4.5,155,3000
Getafix,"Cross Point Mall,DLF Phase - 4, Gurgaon", Gurgaon,Gurgaon,"Health Food,  Italian,  Continental,  American",4.5,155,1800
Upper Deck,"Hawares Centurion Mall,Seawoods, Navi Mumbai", Navi Mumbai,Mumbai,"Italian,  Continental,  North Indian,  Chinese,  Seafood",4.2,155,1000
Haven Sampoorna,"Velachery, South West Chennai", South West Chennai,Chennai,"Continental,  North Indian,  Italian,  European",4.3,155,1200
Mascarpone Cafe,"Uthandi, South Chennai", South Chennai,Chennai,"Italian,  Continental,  Thai,  Seafood",4.2,155,1200
Falcon Cafe Lounge,"Sector 16, Panchkula", Panchkula,Chandigarh,"Italian,  Bakery and Confectionary,  Desserts",4.4,155,1200
Friction The Drinkery,"Sector 29, Gurgaon", Gurgaon,Gurgaon,"Finger Food,  North Indian,  Italian,  Continental,  Oriental ",4,154,2100
Urbo,"Baner, West Pune", West Pune,Pune,"North Indian,  Asian,  Continental,  South Indian",4.2,154,1000
Mintelaa,"Anant Building,Alipore, South Kolkata", South Kolkata,Kolkata,"Italian,  Pizza,  North Indian,  Chinese,  Continental,  Oriental ",4.4,154,800
T.Y.H - The Robot Restaurant,"Mirza Ismail Road, West Jaipur", West Jaipur,Jaipur,"North Indian,  Italian,  Mexican",3.7,154,1100
Lord Of The Drinks,"Phoenix Marketcity,Whitefield, East Bangalore", East Bangalore,Bangalore,"Multi-Cuisine,  Italian,  Continental,  Asian,  Oriental ",4.1,153,2500
MASALA MANDI,"Sarjapur Road, South Bangalore", South Bangalore,Bangalore,"North Indian,  Mughlai",4,153,1500
The Groot,"Forum Shantiniketan Mall,Whitefield, East Bangalore", East Bangalore,Bangalore,"Continental,  North Indian,  Italian,  Mexican",4,153,1200
Palmshore,"Ramapuram, West Chennai", West Chennai,Chennai,"Multi-Cuisine,  North Indian,  Chinese,  Seafood",4.2,153,1000
Murphies,"Koregaon Park, East Pune", East Pune,Pune,"Multi-Cuisine,  Continental,  European,  Finger Food",4.4,153,1600
Bird Valley,"Wakad, West Pune", West Pune,Pune,"North Indian,  Chinese,  Continental",4.2,153,1500
Stardust,"Tonk Road, South Jaipur", South Jaipur,Jaipur,"North Indian,  Continental,  Italian,  Chinese",4,153,1900
Tiffin,"Hotel Winway,South Tukoganj, East Indore", East Indore,Indore,"North Indian,  Chinese,  Continental,  Street Food,  Malvani",4.2,153,1000
Shang Palace,"Shangri La's Eros Hotel,Janpath, Central Delhi", Central Delhi,Delhi,"Chinese,  Asian",4.6,152,4000
Symposium,"City Centre Mall,Dwarka, West Delhi", West Delhi,Delhi,"Multi-Cuisine,  North Indian,  Italian,  European,  Oriental ",4.4,152,2000
All Stir Fry - Waterstones Hotel,"Marol, Andheri East", Andheri East,Mumbai,"Chinese,  Asian,  Japanese",4.4,152,2500
Miniya - Turk,"Crescent Royale,Near Andheri West Station, Andheri West", Andheri West,Mumbai,"Italian,  Turkish",4.5,152,2500
The Terrace,"Hotel Kings International,Juhu, Andheri West", Andheri West,Mumbai,"North Indian,  Continental",4.3,152,1500
Kebabery,"Anna Nagar, North Chennai", North Chennai,Chennai,"North Indian,  Mughlai",3.7,152,900
Squisito,"Jewel Tower,Koregaon Park, East Pune", East Pune,Pune,"Italian,  Mexican",4.4,152,1500
Kasturi Restaurant,"Jadavpur, South Kolkata", South Kolkata,Kolkata,"Bengali,  Seafood",3.8,152,700
Barbeque Nation,"Gaur Central Mall,Raj Nagar, Ghaziabad", Ghaziabad,Ghaziabad,"North Indian,  Barbecue,  Mughlai",4.4,151,1700
Urban Tadka,"7 Bungalows, Andheri West", Andheri West,Mumbai,"North Indian,  Mughlai",4.3,151,1600
Farmhouse Garden Family Restaurant & Bar,"Vasai West, North Western", North Western,Mumbai,"North Indian,  Italian,  Chinese,  Continental,  Seafood",4.4,151,1000
Jonah's Bistro,"VR Mall,Anna Nagar, North Chennai", North Chennai,Chennai,"Italian,  Continental,  Asian",4.3,151,1400
Delhi Highway,"Citadines,Sholinganallur, South West Chennai", South West Chennai,Chennai,North Indian,4.2,151,1200
Coffee By Di Bella,"Jagdamba Commercial Complex,Malad West, North Western", North Western,Mumbai,"Fast Food,  Coffee,  Tea,  Desserts,  Waffle",4.6,150,1200
Palamuru Grill,"PPR Complex,Kompally, Secunderabad", Secunderabad,Hyderabad,"Andhra,  North Indian",4.1,150,900
Hakuna Matata,"The Deccan Royaale Hotel,J.M.Road, West Pune", West Pune,Pune,"Multi-Cuisine,  North Indian,  Italian,  Chinese,  Continental",3.7,150,1500
Nini's Kitchen,"3rd Eye Vision,Panjrapole, West Ahmedabad", West Ahmedabad,Ahmedabad,"North Indian,  Italian,  Continental,  Lebanese,  Shakes",4.3,150,1400
Catalyst Gastrobar,"Sector 16, Faridabad", Faridabad,Noida,"Multi-Cuisine,  North Indian,  Italian,  European,  Oriental ",4.1,149,1000
BumbleBee Brauhaus,"Indiranagar, East Bangalore", East Bangalore,Bangalore,"North Indian,  Chinese,  Continental",3.9,149,1600
Herbs & Spices,"Whitefield, East Bangalore", East Bangalore,Bangalore,"North Indian,  Italian,  Thai",4.2,149,1500
Pimlico,"Koregaon Park, East Pune", East Pune,Pune,"Italian,  Continental",4.4,149,900
Wasabee,"Kalikapur, South Kolkata", South Kolkata,Kolkata,"Asian,  Chinese,  Thai,  Japanese,  Burmese",4.4,149,1500
650 - The Global Kitchen,"Satellite, West Ahmedabad", West Ahmedabad,Ahmedabad,"Multi-Cuisine,  North Indian,  Italian,  Chinese,  Continental,  Thai,  Mexican,  Mediterranean",4.4,149,1000
Cafe Repertwahr,"Indira Nagar, Central Lucknow", Central Lucknow,Lucknow,"North Indian,  Chinese,  Continental,  Italian,  Seafood",4.3,149,900
Banana Leaf,"Malhar Mega Mall,Vijay Nagar, East Indore", East Indore,Indore,South Indian,4.2,149,800
Writer's Cafe,"Adyar, South Chennai", South Chennai,Chennai,"Italian,  Coffee,  Tea",4.5,148,700
Rasavid,"Semmencherry, South West Chennai", South West Chennai,Chennai,"North Indian,  Biryani",3.6,148,900
The Breezy Bistro,"Hitech City, West Hyderabad", West Hyderabad,Hyderabad,"Multi-Cuisine,  North Indian,  Italian,  Continental,  Asian",3.6,148,900
Mocha,"Devashish Business Park,Bodakdev, West Ahmedabad", West Ahmedabad,Ahmedabad,"Continental,  North Indian,  Italian,  Desserts,  Fast Food",4.5,148,800
Punjab Grill,"Janpath, Central Delhi", Central Delhi,Delhi,"North Indian,  Mughlai",4.1,147,2200
Infinity,"Crowne Plaza,Mayur Vihar Phase - 1, East Delhi", East Delhi,Delhi,"Continental,  Multi-Cuisine,  North Indian,  Italian,  Asian",4.3,147,3600
Greenr Cafe,"32nd Avenue,Sector 15, Gurgaon", Gurgaon,Gurgaon,"Continental,  Health Food",4.7,147,1400
b Café,"Shangri-La Hotel,Vasanth Nagar, Central Bangalore", Central Bangalore,Bangalore,"Chinese,  North Indian,  Italian,  Japanese",4.5,147,3500
Via Milano,"Sarjapur Road, South Bangalore", South Bangalore,Bangalore,"Multi-Cuisine,  Italian,  Continental,  Mediterranean",4.4,147,1100
Hatari,"Rashbehari Avenue, South Kolkata", South Kolkata,Kolkata,"Chinese,  North Indian,  Seafood",4.5,147,1000
Sam's Pizza,"Shivalik Plaza,Ambawadi, West Ahmedabad", West Ahmedabad,Ahmedabad,"Pizza,  Italian",4.3,147,600
Temptt Restro And Cafe,"Chandkheda, North Ahmedabad", North Ahmedabad,Ahmedabad,"North Indian,  Italian,  Mexican,  Fast Food",4.5,147,1300
The Great Kabab Factory,"Radisson Blu Marina,Connaught Place, Central Delhi", Central Delhi,Delhi,"North Indian,  Mughlai",4.2,146,3000
Sly Granny,"Khan Market, Central Delhi", Central Delhi,Delhi,"European,  American",4.5,146,2500
Under The Neem,"NH 8, Gurgaon", Gurgaon,Gurgaon,Continental,4.6,146,1500
JustBe Cafe,"Sadashiva Nagar, North Bangalore", North Bangalore,Bangalore,"Continental,  Health Food",4.3,146,800
Onesta,"Madhapur, West Hyderabad", West Hyderabad,Hyderabad,"Italian,  Pizza",4.5,146,900
Chemistry Family Bar,"Sreshta Platinum,Kothapet, East Hyderabad", East Hyderabad,Hyderabad,"Multi-Cuisine,  North Indian,  Chinese,  Continental,  Seafood,  Mughlai",3.8,146,1800
Chennai Square,"Broadway Mall,Salt Lake, East Kolkata", East Kolkata,Kolkata,South Indian,4.4,146,500
Jaipur Adda,"Nirwana Hometel,Bani Park, Central Jaipur", Central Jaipur,Jaipur,"North Indian,  Finger Food",4.4,146,1600
Barbeque Nation,"Vegas Mall,Dwarka, West Delhi", West Delhi,Delhi,"North Indian,  Barbecue,  Mughlai",4.2,145,1700
Gallery Cafe,"Hyatt Place,Udyog Vihar, Gurgaon", Gurgaon,Gurgaon,"North Indian,  Continental,  Asian",4.2,145,1500
Pikwik,"Ring Road Mall,Rohini, North Delhi", North Delhi,Delhi,"North Indian,  Chinese,  Mughlai",4.3,145,1800
Coffee By Di Bella,"Near Andheri West Station, Andheri West", Andheri West,Mumbai,"Fast Food,  Coffee,  Tea,  Desserts,  Waffle",4.4,145,700
Karim's - Original from Jama Masjid Delhi 6,"Times Square,Gachibowli, West Hyderabad", West Hyderabad,Hyderabad,Mughlai,4,145,1000
Calcutta 64,"Salt Lake, East Kolkata", East Kolkata,Kolkata,"Italian,  Continental,  Seafood",4.4,145,800
Curries,"Rudra Path Building,S G Highway, West Ahmedabad", West Ahmedabad,Ahmedabad,"North Indian,  Chinese,  Continental",4.5,145,1500
The Creative Kitchen,"Radisson Blu Hotel Indore,Vijay Nagar, East Indore", East Indore,Indore,"North Indian,  Continental,  Seafood,  Oriental ",3.8,145,1800
Addiction by Solaris,"Solaris Hotel & Club,Bhanwar Kuan, South Indore", South Indore,Indore,North Indian,4.3,145,1800
Wish Barbeque,"Gurdev Nagar, Central Ludhiana", Central Ludhiana,Ludhiana,"North Indian,  Chinese,  Continental",4,145,1200
Joy Luck Moon,"Select Citywalk Mall,Saket, South Delhi", South Delhi,Delhi,"Chinese,  Oriental ,  Asian,  Singaporean",4.3,144,2300
Social,"Vegas Mall,Dwarka, West Delhi", West Delhi,Delhi,"North Indian,  Chinese,  Continental",4.4,144,2000
Orange Wok,"Velachery, South West Chennai", South West Chennai,Chennai,"Asian,  Chinese,  Thai,  Seafood,  Malaysian",4.2,144,1000
Cuiscent,"Lakdi-Ka-Pul, Central Hyderabad", Central Hyderabad,Hyderabad,"Multi-Cuisine,  North Indian,  Italian,  Continental,  Asian",4,144,1000
LA Bar & Kitchen,"Fort Knox Mall,Camac Street, Central Kolkata", Central Kolkata,Kolkata,"North Indian,  Chinese,  Seafood,  Mughlai",3.8,144,1000
Mainland China,"Silver Arcade,JBS Haldane Avenue, South Kolkata", South Kolkata,Kolkata,"Asian,  Chinese,  Thai",4.5,144,2000
Kaleidoscope,"C Scheme, Central Jaipur", Central Jaipur,Jaipur,"North Indian,  Italian,  Mexican,  Fast Food",4.1,144,1000
Skyfall By Replay,"Tonk Road, South Jaipur", South Jaipur,Jaipur,"Multi-Cuisine,  North Indian,  Italian,  Chinese,  Continental",4.2,144,2000
Spice Caves,"Gomti Nagar, East Lucknow", East Lucknow,Lucknow,"North Indian,  Chinese,  Mughlai",3.9,144,1300
Talli Station,"Rajouri Garden, West Delhi", West Delhi,Delhi,"North Indian,  Chinese,  Fast Food",4.2,143,1500
Rooftop – The View,"Radisson Blu Towers,Kaushambi, Ghaziabad", Ghaziabad,Ghaziabad,"Multi-Cuisine,  North Indian,  Italian,  Continental",4.2,143,2800
Lord of the Drinks,"Hiranandani, Powai", Powai,Mumbai,"North Indian,  Italian,  Chinese,  Continental,  Finger Food",4.2,143,1500
Coffee By Di Bella,"Juhu, Andheri West", Andheri West,Mumbai,"Fast Food,  Coffee,  Tea,  Desserts,  Waffle",4.4,143,700
Pepper Fry by Kamats,"Thane West, Thane", Thane,Mumbai,"North Indian,  Continental,  Chinese",4.2,143,1200
RS Shiv Sagar,"Public Utility Building,MG Road, Central Bangalore", Central Bangalore,Bangalore,"South Indian,  Chinese,  Street Food",4.1,143,500
Fire Station Bar & Kitchen,"Electronic City, South Bangalore", South Bangalore,Bangalore,"North Indian,  Continental",4.1,143,1100
Beijing Bites,"SJR Equinox,Electronic City, South Bangalore", South Bangalore,Bangalore,"Chinese,  Thai,  Seafood",4.2,143,700
Hard Rock Cafe,"Whitefield, East Bangalore", East Bangalore,Bangalore,"Multi-Cuisine,  Mexican",4.2,143,2500
Ohri's Uppu,"Ohri's Banjara,Banjara Hills, Central East Hyderabad", Central East Hyderabad,Hyderabad,"Multi-Cuisine,  South Indian,  Andhra,  Chettinad,  Kerala",4,143,1600
Palamuru Grill,"Kothapet, East Hyderabad", East Hyderabad,Hyderabad,"Barbecue,  Andhra,  North Indian",4,143,900
Mad House Grill,"Koregaon Park, East Pune", East Pune,Pune,"Continental,  Seafood",3.9,143,2300
Cafe De Italiano,"Arista Business Hub,Bodakdev, West Ahmedabad", West Ahmedabad,Ahmedabad,"Italian,  Desserts,  Fast Food,  Pizza",4.3,143,1000
Uphoria,"Malviya Nagar, South Jaipur", South Jaipur,Jaipur,"North Indian,  Chinese,  Italian,  Continental,  Mexican",4.2,143,1000
The Construction Co. Cafe,"Satya Niketan, South Delhi", South Delhi,Delhi,"Fast Food,  Italian,  Chinese",3.9,142,800
Punjab Grill,"Phoenix Market City,Viman Nagar, East Pune", East Pune,Pune,"North Indian,  Mughlai,  Street Food",4,142,2000
Shree Mahendra Thaal,"Binori Ambit Building,Thaltej, West Ahmedabad", West Ahmedabad,Ahmedabad,"Gujarati,  Desserts,  Mithai",4.4,142,900
Numeron Restaurant,"Shivalik Business Centre,Bodakdev, West Ahmedabad", West Ahmedabad,Ahmedabad,"North Indian,  Chinese,  Italian,  Continental",4.3,142,800
The Finch,"Sector 26, East Chandigarh", East Chandigarh,Chandigarh,"North Indian,  Italian,  Continental,  Asian",4.4,142,2300
Mr. Beans,"Old Palasia, Central Indore", Central Indore,Indore,"Italian,  Continental,  Coffee,  Tea",3.8,142,1000
Grand Plaza,"Model Town 2, North Delhi", North Delhi,Delhi,"North Indian,  Bakery and Confectionary,  Italian,  Chinese,  Ice Cream",4.5,141,1500
Cafe Pride,"Pride Plaza Hotel Aerocity,Aerocity, South Delhi", South Delhi,Delhi,"North Indian,  Continental,  Mediterranean,  Desserts",4,141,3100
Maharaja Bhog,"Juhu, Andheri West", Andheri West,Mumbai,"Gujarati,  North Indian,  Rajasthani",4.3,141,1200
The Joker Bistro,"CBD-Belapur, Navi Mumbai", Navi Mumbai,Mumbai,"North Indian,  Chinese,  Continental",4.2,141,1600
Curry Leaves,"Basavanagudi, South Bangalore", South Bangalore,Bangalore,"North Indian,  Chinese,  Seafood,  Mughlai,  Oriental ",4.3,141,1000
B&W Restaurant - Swagath De Royal,"Swagath De Royal,Kondapur, West Hyderabad", West Hyderabad,Hyderabad,"North Indian,  Chinese",3.9,141,1200
Buvit,"Sarabha Nagar, West Ludhiana", West Ludhiana,Ludhiana,"North Indian,  Chinese,  Continental,  Mughlai",4.2,141,800
Pind Balluchi,"Karkardooma, East Delhi", East Delhi,Delhi,"North Indian,  Mughlai",3.5,140,1800
The Beer Cafe,"Ambience Mall,DLF Phase - 3, Gurgaon", Gurgaon,Gurgaon,"Finger Food,  North Indian,  Italian",4.1,140,2000
Chowman,"Salt Lake, East Kolkata", East Kolkata,Kolkata,"Asian,  Chinese,  Thai,  Seafood,  Oriental ",4.4,140,900
Santa's Fantasea,"Salt Lake, East Kolkata", East Kolkata,Kolkata,"Seafood,  Chinese",4.3,140,700
Kaala Chashma,"Hotel Dhiraj,Thane West, Thane", Thane,Mumbai,"North Indian,  Chinese,  Italian",4.3,139,1800
Pind,"MRK Arcade,Thuraipakkam, South West Chennai", South West Chennai,Chennai,"North Indian,  Chinese",4.5,139,900
Red Xpress,"Bengal Intelligent Park Limited ,Salt Lake, East Kolkata", East Kolkata,Kolkata,"North Indian,  Chinese",4.2,139,1600
Sultan,"Sector 7, East Chandigarh", East Chandigarh,Chandigarh,"North Indian,  Lebanese,  Middle Eastern",4,139,1500
Kylin Experience,"Elante Mall,Industrial Area Phase 1, South Chandigarh", South Chandigarh,Chandigarh,"Asian,  Chinese,  Thai,  Japanese,  Malaysian",4.5,139,1800
Nanking,"Vasant Kunj, South Delhi", South Delhi,Delhi,"Chinese,  Seafood",4.3,138,2000
Side Wok,"MPD Tower,Sector 43, Gurgaon", Gurgaon,Gurgaon,"Asian,  Chinese,  Thai,  Japanese",4.6,138,2000
Cafe Monza,"Bhoomi Heights Tower,Kharghar, Navi Mumbai", Navi Mumbai,Mumbai,"Continental,  Pizza",4.5,138,1500
California Burrito,"HSR Layout, South Bangalore", South Bangalore,Bangalore,"Mexican,  Fast Food",4.3,138,500
Momo I Am,"Lake Gardens, South Kolkata", South Kolkata,Kolkata,Tibetan,4.5,138,800
The Reef,"Sector 7, East Chandigarh", East Chandigarh,Chandigarh,"North Indian,  Chinese,  Continental",4.1,138,1400
The G.T Road,"Rohtas Summit,Gomti Nagar, East Lucknow", East Lucknow,Lucknow,"North Indian,  Mughlai",4.3,138,1000
The G.T. Road,"Gurdev Nagar, Central Ludhiana", Central Ludhiana,Ludhiana,"North Indian,  Mughlai",4.1,138,1200
Pind Balluchi,"Goverdhan House,Nehru Place, South Delhi", South Delhi,Delhi,"North Indian,  Mughlai",3.9,137,1500
Guftagu Cafe,"DLF Phase - 2, Gurgaon", Gurgaon,Gurgaon,"Italian,  Fast Food,  Continental",4.1,137,700
Coffee By Di Bella,"West Wind Apartment,Mahim, South Mumbai", South Mumbai,Mumbai,"Fast Food,  Coffee,  Tea,  Desserts,  Waffle",4.2,137,700
Sherlock's Pub,"Kalyan Nagar, North Bangalore", North Bangalore,Bangalore,"North Indian,  Chinese,  Fast Food",4.1,137,1300
Prive Restaurant,"V2 Hotel,Kilpauk, North Chennai", North Chennai,Chennai,"Multi-Cuisine,  North Indian,  Continental,  South Indian,  Mexican",4.4,137,1200
Rasavid,"Thuraipakkam, South West Chennai", South West Chennai,Chennai,"North Indian,  Chinese,  Hyderabadi",3.9,137,900
Pub 13,"Chowringhee, Central Kolkata", Central Kolkata,Kolkata,"North Indian,  Chinese,  Continental",3.8,137,1100
Starstruck,"Forum Mall,Elgin Road, South Kolkata", South Kolkata,Kolkata,"Multi-Cuisine,  North Indian,  Italian,  Chinese,  Continental,  Mughlai",3.9,137,1500
ABs - Absolute Barbecues,"Dharampeth, West Nagpur", West Nagpur,Nagpur,"North Indian,  Barbecue,  Seafood",4.6,137,1200
Cafe 24,"Raj Dream Complex,Vesu, South Surat", South Surat,Surat,"Fast Food,  Italian,  Street Food,  Shakes",4.5,137,500
Aquafire,"E-Square Building,Vile Parle East, Andheri East", Andheri East,Mumbai,"North Indian,  Italian,  Chinese,  Continental",4,136,1500
Royal Oak Brewery,"Vashi, Navi Mumbai", Navi Mumbai,Mumbai,"Multi-Cuisine,  North Indian,  Italian,  Chinese,  Continental",4.2,136,1800
The Clearing House,"Fort, South Mumbai", South Mumbai,Mumbai,"European,  American,  Continental",4.5,136,3000
La Cabana,"Hotel Park Elanza,Nungambakkam, Central Chennai", Central Chennai,Chennai,"North Indian,  Chinese,  Continental,  Seafood",4.3,136,2000
Nakshatra MutiCuisine Restaurant,"Dilsukh Nagar, East Hyderabad", East Hyderabad,Hyderabad,"North Indian,  Chinese,  South Indian,  Biryani",3.7,136,700
Anna Idli,"Baner, West Pune", West Pune,Pune,"South Indian,  Andhra",4.4,136,500
Aqua,"The Park Hotel,Park Street, Central Kolkata", Central Kolkata,Kolkata,"Finger Food,  Continental",4.1,136,3000
Monsoon,"The Park Hotel,MG Road, Central Bangalore", Central Bangalore,Bangalore,"North Indian,  Italian,  Continental",3.9,135,3000
Sandoz,"Connaught Place, Central Delhi", Central Delhi,Delhi,"North Indian,  Chinese,  Mughlai",4.2,134,1500
Dr Sheesha,"Marathahalli, East Bangalore", East Bangalore,Bangalore,"Italian,  Continental,  Chinese",4.2,134,1200
24@43 Coffee Shop,"The Oterra,Electronic City, South Bangalore", South Bangalore,Bangalore,"Asian,  North Indian,  Continental",4.4,134,2000
Snort,"Hitech City, West Hyderabad", West Hyderabad,Hyderabad,"North Indian,  Italian,  Continental,  Multi-Cuisine",4.1,134,2000
Indus,"Ellaa Hotels,Gachibowli, West Hyderabad", West Hyderabad,Hyderabad,"Multi-Cuisine,  North Indian,  Chinese,  Continental,  South Indian,  Mexican",3.9,134,1500
Tim Luck Luck,"Virwani Plaza,Camp, East Pune", East Pune,Pune,"Multi-Cuisine,  North Indian,  Chinese,  Seafood,  Drinks",4.2,134,1600
DRYP,"Sector 8, East Chandigarh", East Chandigarh,Chandigarh,"North Indian,  Continental,  Chinese",4.3,134,1000
House Of Caffeine,"Bajaj Nagar, West Nagpur", West Nagpur,Nagpur,"Fast Food,  Shakes",4.1,134,600
Paul,"Ambience Mall,Vasant Kunj, South Delhi", South Delhi,Delhi,"Italian,  Continental,  European,  Desserts",4.6,133,2500
Coffee By Di Bella Exclusive,"Naupada, Thane", Thane,Mumbai,"Fast Food,  Coffee,  Tea,  Desserts,  Waffle",4.2,133,700
Bayview Cafe,"Hotel Harbour View,Colaba, South Mumbai", South Mumbai,Mumbai,"Multi-Cuisine,  North Indian,  Continental,  Seafood,  Oriental ,  Fast Food",4,133,2000
Buffalo Wild Wings,"Indiranagar, East Bangalore", East Bangalore,Bangalore,"American,  Fast Food",4.4,133,2000
Soy Soi,"Kotturpuram, Central Chennai", Central Chennai,Chennai,"Thai,  Vietnamese,  Singaporean,  Sushi,  Japanese",4.5,133,1500
Convo@C20,"Adyar, South Chennai", South Chennai,Chennai,"Asian,  Italian,  Drinks,  Shakes",4.5,133,1000
Beijing Bites,"OM sri sai towers,Himayath Nagar, Central Hyderabad", Central Hyderabad,Hyderabad,"Chinese,  Thai",3.9,133,1100
24/7 Gallery Cafe,"Hyatt Place,Hinjewadi, West Pune", West Pune,Pune,"North Indian,  Chinese,  Continental",3.9,133,2000
Coffee Culture - The Ristorante Lounge,"Trinity Business Park,Adajan Gam, West Surat", West Surat,Surat,"Italian,  Coffee,  Continental",4,133,1000
3B's,"Country Inn and Suites By Radisson-Sahibabad,Sahibabad, Ghaziabad", Ghaziabad,Ghaziabad,"Multi-Cuisine,  North Indian,  Italian,  Oriental ",4.3,132,2800
The Nutcracker,"Bandra West, Bandra", Bandra,Mumbai,"European,  American",4.6,132,1200
Hunan,"Samruddhi Building,New BEL Road, North Bangalore", North Bangalore,Bangalore,"Chinese,  Thai,  Seafood",4.4,132,1600
153 Biere Street,"Whitefield, East Bangalore", East Bangalore,Bangalore,"Asian,  Continental,  Mediterranean,  Modern Indian",4.3,132,1700
F3 Cafe and Bistro,"Sainikpuri, Secunderabad", Secunderabad,Hyderabad,"Italian,  Continental,  Mexican,  Asian",4.3,132,900
Salaam Namaste,"Hitech City, West Hyderabad", West Hyderabad,Hyderabad,"Hyderabadi,  Andhra,  North Indian",4.1,132,800
Platinum Lounge,"Star City Mall,Mayur Vihar Phase - 1, East Delhi", East Delhi,Delhi,"North Indian,  Finger Food,  Continental",4.2,131,1600
Red Bricks Cafe,"Champa Gali,Saket, South Delhi", South Delhi,Delhi,"Italian,  Chinese,  Continental,  Fast Food",3.8,131,1000
Cafe Amaretto,"South Point Mall,DLF Phase - 5, Gurgaon", Gurgaon,Gurgaon,"Italian,  Desserts,  Bakery and Confectionary",4.4,131,2800
Paati Veedu,"Thyagaraya Nagar, Central Chennai", Central Chennai,Chennai,South Indian,4.2,131,1500
Dot Yum,"Aloft Chennai,Sholinganallur, South West Chennai", South West Chennai,Chennai,"Continental,  North Indian,  Italian",3.9,131,1600
Dhaba Estd 1986 Delhi,"Ambience Mall,DLF Phase - 3, Gurgaon", Gurgaon,Gurgaon,North Indian,4.2,130,1200
Mamagoto,"Cyber Hub,DLF Cyber City, Gurgaon", Gurgaon,Gurgaon,"Asian,  Chinese,  Thai,  Japanese",4.4,130,1500
Peninsula Next Pure Veg,"Sion, Central Suburbs", Central Suburbs,Mumbai,"North Indian,  Chinese,  Mexican",4.3,130,1200
Desi Street,"Anna Nagar, North Chennai", North Chennai,Chennai,"North Indian,  Chinese,  Mughlai,  Ice Cream,  Fast Food,  Drinks",4,130,1000
Kismet,"The Park,Somajiguda, Central East Hyderabad", Central East Hyderabad,Hyderabad,Finger Food,4.1,130,3300
Sky Garden Rooftop Cafe,"Kompally, Secunderabad", Secunderabad,Hyderabad,"North Indian,  Continental",3.8,130,1000
Mocambo,"Park Street, Central Kolkata", Central Kolkata,Kolkata,"Italian,  Continental,  North Indian",4.3,130,1000
Vidorra,"Shekhar Central,Old Palasia, Central Indore", Central Indore,Indore,"North Indian,  Chinese,  Finger Food",4.1,130,1200
Sanjha Chulha,"Kailash Colony, South Delhi", South Delhi,Delhi,"North Indian,  Mughlai,  Chinese",3.8,129,1500
Chungwa,"Greater Kailash - 2, South Delhi", South Delhi,Delhi,"Chinese,  Thai,  Seafood",4.3,129,1700
Brasserie 1935 Kitchen and Bar,"Sion, Central Suburbs", Central Suburbs,Mumbai,"North Indian,  Continental,  Oriental ",4.4,129,1000
Mitron,"Fort, South Mumbai", South Mumbai,Mumbai,"North Indian,  Continental,  Finger Food",4.1,129,1500
Ging,"Royal Orchid Central Hotel,MG Road, Central Bangalore", Central Bangalore,Bangalore,"Oriental ,  Thai,  Japanese,  Seafood,  Asian",4.4,129,2000
Dhaba Estd 1986 Delhi,"Ispahani Center,Nungambakkam, Central Chennai", Central Chennai,Chennai,North Indian,4.2,129,1200
Gossip Fusion Bistro & Dessert Bar,"Uthandi, South Chennai", South Chennai,Chennai,"Italian,  Continental,  Seafood,  North Indian,  South Indian",4.5,129,1500
Saffron Soul,"Marigold Hotel,Begumpet, Secunderabad", Secunderabad,Hyderabad,"Multi-Cuisine,  North Indian,  Italian,  Continental,  Seafood",4.3,129,1300
Ice N Fire SkyLounge,"Baner, West Pune", West Pune,Pune,"Multi-Cuisine,  North Indian,  Italian,  Chinese,  Continental,  Mexican,  Fast Food",3.9,129,1500
Aura,"The Sonnet Hotel,Salt Lake, East Kolkata", East Kolkata,Kolkata,"North Indian,  Chinese,  Seafood,  Continental",3.9,129,2300
Cascade Lounge,"Bodakdev, West Ahmedabad", West Ahmedabad,Ahmedabad,"Italian,  Fast Food",4,129,1000
Churchill's Cafe,"Pacific Mall,Dwarka, West Delhi", West Delhi,Delhi,"North Indian,  Italian,  Chinese,  Continental",4.4,128,1500
Pastovilla,"DN Nagar, Andheri West", Andheri West,Mumbai,"North Indian,  Italian,  Continental,  Mexican",3.9,128,1000
Silver Oaks,"Agarwal Centre,Malad West, North Western", North Western,Mumbai,"Multi-Cuisine,  North Indian,  Chinese,  Continental,  Seafood,  Oriental ",4.3,128,1500
Punjab Grill,"Fort, South Mumbai", South Mumbai,Mumbai,"North Indian,  Mughlai",4.3,128,3000
Banjara Melting Pot,"Prestige Center Point,Cunningham Road, Central Bangalore", Central Bangalore,Bangalore,"Chinese,  North Indian,  Seafood",4.3,128,1200
California Burrito,"JP Nagar, South Bangalore", South Bangalore,Bangalore,"Mexican,  Fast Food",4.5,128,500
Barley & Grapes Cafe,"Sahakara Nagar, North Bangalore", North Bangalore,Bangalore,"American,  Italian,  Continental",4.3,128,800
Aromas of Asia,"City Centre Mall,Banjara Hills, Central East Hyderabad", Central East Hyderabad,Hyderabad,"Chinese,  Seafood",4.3,128,1500
Spice Kitchen,"JW Marriott Hotel,Senapati Bapat Road, West Pune", West Pune,Pune,"Multi-Cuisine,  North Indian,  Italian,  Chinese,  Continental,  South Indian",4.4,128,2000
Kerala Cafe,"Parvatibai Dhondiba Dhankude Complex,Baner, West Pune", West Pune,Pune,"Kerala,  South Indian,  Seafood",4.3,128,1400
Upsouth,"Wakad, West Pune", West Pune,Pune,"South Indian,  Fast Food",3.8,128,400
Oh! Calcutta,"JBS Haldane Avenue, South Kolkata", South Kolkata,Kolkata,"Bengali,  Seafood",4.6,128,1800
Hit Wicket,"Salt Lake, East Kolkata", East Kolkata,Kolkata,"North Indian,  Italian,  Chinese,  Continental,  Fast Food,  Shakes",3.8,128,1000
Essence,"Crowne Plaza,Satellite, West Ahmedabad", West Ahmedabad,Ahmedabad,"Continental,  North Indian",4.4,128,2200
Standard Burfee,"Jail Road, West Delhi", West Delhi,Delhi,"Mithai,  North Indian,  South Indian,  Street Food",4.3,127,700
The Monarch - Bar Be Que Village,"Indirapuram Habitat Centre,Indirapuram, Ghaziabad", Ghaziabad,Ghaziabad,"North Indian,  Chinese,  Fast Food",4,127,1600
Kargeens,"New BEL Road, North Bangalore", North Bangalore,Bangalore,"Italian,  Continental,  Coffee",4,127,900
Pavilion Multicuisine Restaurant - Comfort INN Insys,"Mathikere, North Bangalore", North Bangalore,Bangalore,"North Indian,  Italian,  Continental",4.3,127,1000
Aish,"The Park,Somajiguda, Central East Hyderabad", Central East Hyderabad,Hyderabad,"Seafood,  Hyderabadi",4.4,127,2400
Autumn Leaf Cafe,"Jubilee Hills, Central West Hyderabad", Central West Hyderabad,Hyderabad,"Continental,  Fast Food",4.4,127,1000
W Cafe By Wich Way,"Sainikpuri, Secunderabad", Secunderabad,Hyderabad,"Continental,  American,  Fast Food",4.2,127,800
Shimla Biryani,"Kasba, South Kolkata", South Kolkata,Kolkata,"North Indian,  Biryani,  Chinese",4.2,127,800
Sazzy Sizzlers,"Thaltej, West Ahmedabad", West Ahmedabad,Ahmedabad,"Italian,  Chinese,  Sizzlers,  Continental,  Mexican",4.4,127,1100
United Coffee House Rewind,"Elante Mall,Industrial Area Phase 1, South Chandigarh", South Chandigarh,Chandigarh,"Multi-Cuisine,  North Indian,  Italian,  Mediterranean,  European,  Oriental ",4.3,127,1700
Moti Mahal Delux - Fine Dining & Bar,"Sector 63, Noida", Noida,Noida,"North Indian,  Chinese,  Mughlai",4.3,126,1800
Onesta,"Indiranagar, East Bangalore", East Bangalore,Bangalore,"Italian,  Pizza,  Desserts,  Fast Food",4.3,126,700
Ice n Spice,"Hotel Inner Circle,Somajiguda, Central East Hyderabad", Central East Hyderabad,Hyderabad,"Multi-Cuisine,  North Indian,  Chinese,  Continental,  South Indian,  Bakery and Confectionary",4.2,126,800
Encounters,"Taj Krishna Hotel,Banjara Hills, Central East Hyderabad", Central East Hyderabad,Hyderabad,"North Indian,  Continental,  South Indian",4.3,126,3000
Broadway,"Jubilee Hills, Central West Hyderabad", Central West Hyderabad,Hyderabad,"North Indian,  Chinese,  Continental",4.4,126,2600
Biryanis And More,"Fantasy Square Building,Gachibowli, West Hyderabad", West Hyderabad,Hyderabad,"North Indian,  Chinese,  Biryani",4.1,126,600
Riders Sports Bar,"My Place,L B Nagar, East Hyderabad", East Hyderabad,Hyderabad,"Multi-Cuisine,  North Indian,  Italian,  Chinese,  Oriental ",4.1,126,1300
The Orient,"City Centre 2, New Town,Rajarhat, 24 Parganas North", 24 Parganas North,Kolkata,"Oriental ,  Japanese,  Asian",4.3,126,2000
Aminia,"Srerampore, West Kolkata", West Kolkata,Kolkata,"North Indian,  Biryani",3.9,126,700
Taco Bell,"Kamla Nagar, North Delhi", North Delhi,Delhi,"Mexican,  Tex Mex,  Tex Mex",4.5,125,500
Pickle And Pint by Destiny,"M.I.D.C, Andheri East", Andheri East,Mumbai,"Multi-Cuisine,  North Indian,  Chinese,  Seafood,  Oriental ,  Fast Food",4.5,125,2200
Onesta,"Koramangala, South Bangalore", South Bangalore,Bangalore,"Italian,  Pizza,  Desserts,  Fast Food",4.4,125,700
Bonum Cibum,"HSR Layout, South Bangalore", South Bangalore,Bangalore,"Lebanese,  Turkish,  Continental",3.9,125,1200
Onesta,"HSR Layout, South Bangalore", South Bangalore,Bangalore,"Italian,  Pizza,  Desserts,  Fast Food",4.4,125,700
Mocha,"Vasant Baug Society,Navrangpura, West Ahmedabad", West Ahmedabad,Ahmedabad,"Continental,  North Indian,  Italian,  Desserts,  Fast Food",4.5,125,800
Kafe Republic,"Eros Market Place,Indirapuram, Ghaziabad", Ghaziabad,Ghaziabad,"Fast Food,  North Indian,  Italian,  Chinese,  American",4.4,124,900
Smoor,"Indiranagar, East Bangalore", East Bangalore,Bangalore,"Italian,  Asian,  Desserts,  Drinks",4.6,124,1600
You Mee,"Orion Mall,Malleshwaram, West Bangalore", West Bangalore,Bangalore,"Chinese,  Thai,  Japanese",4.2,124,1800
VarieTea,"Aashna Building,Prahlad Nagar, West Ahmedabad", West Ahmedabad,Ahmedabad,"Coffee,  Tea,  Italian,  Continental,  Fast Food",4.3,124,800
Garam Dharam,"Kharar road, Mohali", Mohali,Chandigarh,North Indian,4.3,124,1200
Cream Centre,"Vijay Nagar, East Indore", East Indore,Indore,"North Indian,  Chinese,  Mexican,  Street Food",4.1,124,1800
Cafe Delhi Heights,"Khan Market, Central Delhi", Central Delhi,Delhi,"Modern Indian,  Italian,  Continental,  American",4.4,123,2000
Bottles and Barrels,"Star Tower,Sector 30, Gurgaon", Gurgaon,Gurgaon,"Asian,  Multi-Cuisine,  North Indian,  Italian",3.6,123,1800
Massbunk Restaurant,"Purasavakkam, North Chennai", North Chennai,Chennai,"Fast Food,  Pizza,  Coffee",4,123,500
Privy Ultra Lounge,"Forum Mall,Elgin Road, South Kolkata", South Kolkata,Kolkata,"Finger Food,  North Indian,  Continental,  Oriental ",3.6,123,1700
Barbeque World,"Sigma Legacy Building,Vastrapur, West Ahmedabad", West Ahmedabad,Ahmedabad,"North Indian,  Barbecue,  Chinese",4.3,123,1000
Farzi Café,"Rohtas Summit,Gomti Nagar, East Lucknow", East Lucknow,Lucknow,"Fusion,  Modern Indian",4.3,123,1500
Le Cantine,"DLF Promenade Mall,Vasant Kunj, South Delhi", South Delhi,Delhi,"Continental,  European",4.2,122,2000
Kartoon Cafe,"The Fusion House,Janakpuri, West Delhi", West Delhi,Delhi,"Multi-Cuisine,  Chinese,  Mexican,  Bakery and Confectionary,  Indian Cuisine",4.4,122,1000
NYC,"Radisson Blu Plaza,Mahipalpur, South Delhi", South Delhi,Delhi,"North Indian,  Continental",4.4,122,3000
Kebabs & Kurries,"WelcomHotel,Dwarka, West Delhi", West Delhi,Delhi,"North Indian,  Mughlai",4.4,122,2500
Ferment,"Banashankari, South Bangalore", South Bangalore,Bangalore,Continental,4.2,122,1000
Crimson Chakra,"Adyar, South Chennai", South Chennai,Chennai,"Multi-Cuisine,  North Indian,  Continental,  South Indian,  Desserts",4.1,122,1200
Samco,"Velachery, South West Chennai", South West Chennai,Chennai,"North Indian,  Chinese,  South Indian",4.2,122,1000
The Coffee Cup,"Sainikpuri, Secunderabad", Secunderabad,Hyderabad,"Continental,  Fast Food,  Italian,  Coffee",4.3,122,700
Shreyas,"Deccan Gymkhana, West Pune", West Pune,Pune,"Maharashtrian,  Fast Food",4.1,122,800
The 1st Brewhouse,"The Corinthians Resort and Club Pune,Kondhwa, South Pune", South Pune,Pune,"North Indian,  Continental,  Finger Food",3.9,122,2000
Kebabs and Curries Company,"Raja Park, East Jaipur", East Jaipur,Jaipur,"North Indian,  Chinese,  Mughlai",4.4,122,1000
Ecstacy By Hakeem's,"Vijay Nagar, East Indore", East Indore,Indore,"North Indian,  Italian,  Oriental ,  Continental",4.3,122,1200
"Elma's Bakery, Bar and Kitchen","Hauz Khas Village, South Delhi", South Delhi,Delhi,"European,  Desserts,  Bakery and Confectionary,  Continental,  American",4.3,121,1500
Raise The Bar- Rooftop Lounge,"Clarens Hotel,Sector 29, Gurgaon", Gurgaon,Gurgaon,"Italian,  Continental,  European",4.4,121,3300
Cafe Parmesan,"Sector 15, Faridabad", Faridabad,Noida,"Italian,  Pizza",4.5,121,1500
Aromas Cafe,"Juhu, Andheri West", Andheri West,Mumbai,"Italian,  Fast Food,  Desserts,  Coffee,  Tea",4.1,121,1000
Street Storyss,"Indiranagar, East Bangalore", East Bangalore,Bangalore,"Fast Food,  Modern Indian",4.5,121,1500
Le Terrace Cafe,"C.L. Arcade,Nagarbhavi, West Bangalore", West Bangalore,Bangalore,"Multi-Cuisine,  Italian,  Chinese,  Continental,  Oriental ",4.5,121,800
Writer's Cafe,"Gopalapuram, Central Chennai", Central Chennai,Chennai,Italian,4.2,121,800
Fromage,"Somerset Greenways,MRC Nagar, Central Chennai", Central Chennai,Chennai,"Continental,  Italian,  French",4.3,121,1500
Masala Republic,"Himayath Nagar, Central Hyderabad", Central Hyderabad,Hyderabad,"Italian,  Continental,  North Indian",4,121,1100
Onesta,"ANR Center,Banjara Hills, Central East Hyderabad", Central East Hyderabad,Hyderabad,"Italian,  Pizza,  Fast Food",4.3,121,900
Marhaba,"Dhakuria, South Kolkata", South Kolkata,Kolkata,"North Indian,  Chinese",4.4,121,900
Warehouse Cafe,"Kharar road, Mohali", Mohali,Chandigarh,"North Indian,  Continental,  Chinese",4.3,121,1700
La Vie Pizzeria,"Khan Market, Central Delhi", Central Delhi,Delhi,"Italian,  Pizza",4.3,120,1500
Cafe Diaries,"Satya Niketan, South Delhi", South Delhi,Delhi,"Multi-Cuisine,  Italian,  Chinese,  Continental,  Fast Food",4.6,120,800
Ghoomar Traditional Thali Restaurant,"D Mall,Netaji Subhash Place, North Delhi", North Delhi,Delhi,Rajasthani,4.5,120,1000
Kiara - Soul Kitchen,"Greater Kailash - 2, South Delhi", South Delhi,Delhi,"Asian,  Indian Cuisine",4.4,120,2000
Singh Ching,"Hudson Lane, North Delhi", North Delhi,Delhi,"North Indian,  Chinese,  Mughlai",4.3,120,800
Second House Restaurant,"Southern Avenue, South Kolkata", South Kolkata,Kolkata,"North Indian,  Chinese,  Continental",4.2,120,1000
La Patron Cafe,"Ellis Bridge, Central Ahmedabad", Central Ahmedabad,Ahmedabad,"Mexican,  Italian,  Fast Food,  Shakes",4.4,120,700
Mainland China,"Sector 26, East Chandigarh", East Chandigarh,Chandigarh,"Chinese,  Asian,  Oriental ",4.3,120,1500
Cafe Terazza,"Airen Heights,Vijay Nagar, East Indore", East Indore,Indore,"Italian,  Chinese,  Fast Food",3.6,120,1000
Ambarsari Chowk,"Baani Square,Sector 50, Gurgaon", Gurgaon,Gurgaon,"North Indian,  Mughlai",4.2,119,1500
Food Frolic,"Sector 83, Gurgaon", Gurgaon,Gurgaon,"North Indian,  Chinese,  Continental,  Mediterranean",4.1,119,1600
Persia Darbar,"Near Andheri West Station, Andheri West", Andheri West,Mumbai,"North Indian,  Chinese,  Seafood",4.5,119,1000
California Burrito,"Indiranagar, East Bangalore", East Bangalore,Bangalore,"Mexican,  Fast Food",4.5,119,500
Kobe Sizzlers,"New BEL Road, North Bangalore", North Bangalore,Bangalore,"Continental,  American,  North Indian",4.1,119,1700
New Desi Tadka,"KK Nagar, West Chennai", West Chennai,Chennai,"North Indian,  Chinese",4,119,800
Aamaya Multi Cuisine,"Shivaji Nagar, West Pune", West Pune,Pune,"North Indian,  Asian,  Continental,  South Indian,  Oriental ,  Fast Food",3.9,119,600
Mosaic,"Crowne Plaza Pune City Centre,Dhole Patil Road, East Pune", East Pune,Pune,"North Indian,  Fast Food",4,119,1500
Maratha Samrat,"Rohan Chambers,Kothrud, West Pune", West Pune,Pune,"Seafood,  Maharashtrian,  North Indian",4.3,119,1000
Wow! Momo,"Park Street, Central Kolkata", Central Kolkata,Kolkata,"Fast Food,  Tibetan",4,119,400
Moulin Rouge,"Park Street, Central Kolkata", Central Kolkata,Kolkata,"North Indian,  Chinese,  Seafood",4.1,119,1200
Baa Bistro,"Mayur Vihar Phase - 1, East Delhi", East Delhi,Delhi,"North Indian,  Chinese,  Fast Food",4.4,118,800
Barbeque Nation,"Global Foyer Mall,Palam Vihar, Gurgaon", Gurgaon,Gurgaon,"North Indian,  Barbecue,  Mughlai",4.3,118,1700
Coffee By Di Bella,"Kiran Kunj,Bandra West, Bandra", Bandra,Mumbai,"Fast Food,  Coffee,  Tea,  Desserts,  Waffle",4.3,118,700
CUR8,"Four Seasons,Ganga Nagar, North Bangalore", North Bangalore,Bangalore,"European,  North Indian,  Italian",4.7,118,3500
The FML Lounge,"Clover Hills Plaza,NIBM Road, South Pune", South Pune,Pune,"North Indian,  Chinese,  Continental,  Mughlai",4.1,118,1100
Fresh Roast,"Manimansion Hotel,Paldi, Central Ahmedabad", Central Ahmedabad,Ahmedabad,"Multi-Cuisine,  North Indian,  Italian,  Continental,  Gujarati",4.3,118,800
Little Italy,"Bodakdev, West Ahmedabad", West Ahmedabad,Ahmedabad,"Italian,  Mexican",4.3,118,1400
Decked Up By Garden Cafe,"Vaishali Nagar, West Jaipur", West Jaipur,Jaipur,"Multi-Cuisine,  North Indian,  Italian,  Chinese,  South Indian",4.3,118,1100
So Hi Kebabs and Curries Company,"Tonk Road, South Jaipur", South Jaipur,Jaipur,"North Indian,  Chinese,  Mughlai",4.5,118,1200
Connaught Clubhouse,"Janpath, Central Delhi", Central Delhi,Delhi,"Multi-Cuisine,  Italian,  Mexican,  Asian",4.2,117,2500
Moti Mahal Delux,"Greater Kailash - 2, South Delhi", South Delhi,Delhi,"North Indian,  Chinese,  Mughlai",4.4,117,1500
Roar,"Satra Plaza,Vashi, Navi Mumbai", Navi Mumbai,Mumbai,"Finger Food,  Italian,  Continental,  Asian",3.9,117,1500
The Bayview,"Hotel Marine Plaza,Marine Lines, South Mumbai", South Mumbai,Mumbai,"Fast Food,  North Indian,  Continental",4.4,117,3000
TOSCANO,"Miraya Rose,Whitefield, East Bangalore", East Bangalore,Bangalore,"Italian,  Mediterranean,  Desserts,  Pizza",4.5,117,1500
Writer's Cafe,"Tharamani, South West Chennai", South West Chennai,Chennai,Italian,4.5,117,800
Cabrito Al Mataam,"Gachibowli, West Hyderabad", West Hyderabad,Hyderabad,"Multi-Cuisine,  North Indian,  Chinese,  Arabian",4.2,117,500
24K KRAFT BREWZZ,"Balewadi, West Pune", West Pune,Pune,"Multi-Cuisine,  Maharashtrian,  North Indian,  Chinese,  Mughlai",4.4,117,1000
Urban Zykaa,"Maninagar, East Ahmedabad", East Ahmedabad,Ahmedabad,"North Indian,  Chinese,  Continental",4.3,117,800
Cafe JC's,"Coal Depot Complex,Sector 10, North Chandigarh", North Chandigarh,Chandigarh,"Multi-Cuisine,  North Indian,  Italian,  Chinese,  American",4.1,117,1200
Biryani by Kilo,"Sector 30, South Chandigarh", South Chandigarh,Chandigarh,"Mughlai,  Biryani",4.2,117,700
Asteria,"Tonk Road, South Jaipur", South Jaipur,Jaipur,"Multi-Cuisine,  North Indian,  Italian,  Chinese,  Mexican,  Finger Food",4.1,117,1200
RDX Reloaded Restaurant & Bar,"Safdarjung Enclave Market,Safdarjung, South Delhi", South Delhi,Delhi,"North Indian,  Chinese,  Mughlai",3.9,116,1500
Kofuku,"Ansal Plaza Mall,Khel Gaon, South Delhi", South Delhi,Delhi,"Japanese,  Asian",4.5,116,1800
Reve,"Worldmark 1,Aerocity, South Delhi", South Delhi,Delhi,"Italian,  French,  Continental,  European,  American,  Desserts",4.4,116,1600
Younion,"Kamala Mills Compound,Lower Parel, South Mumbai", South Mumbai,Mumbai,"European,  Asian,  Finger Food,  Fast Food",4.3,116,2000
Prasad Food Divine,"Dombivli East, Dombivali", Dombivali,Mumbai,"North Indian,  Chinese,  Continental",4.4,116,800
Radhika's Authentic South Indian Food,"Gold Leaf Complex,Navrangpura, West Ahmedabad", West Ahmedabad,Ahmedabad,South Indian,4.6,116,500
Angaraa,"The Mark Building,Old Palasia, Central Indore", Central Indore,Indore,"North Indian,  Chinese",3.5,116,800
Backbenchers HQ by Cafetieres,"Sector 16, Faridabad", Faridabad,Noida,"Multi-Cuisine,  North Indian,  Italian,  Oriental ",4.2,115,1500
Cafe Central,"Radisson Hotel Gurugram Sohna Road City Center,Sector 49, Gurgaon", Gurgaon,Gurgaon,"Multi-Cuisine,  North Indian,  Italian,  Continental,  Asian",3.8,115,3500
Peninsula,"Sion, Central Suburbs", Central Suburbs,Mumbai,"Multi-Cuisine,  North Indian,  Chinese,  Thai,  Mexican",4.3,115,1500
Urban Tadka,"Parth Business Plaza,Malad West, North Western", North Western,Mumbai,"North Indian,  Mughlai",4.3,115,1600
Tiger Trail,"Regenta Place Cunningham,Shivaji Nagar, Central Bangalore", Central Bangalore,Bangalore,"North Indian,  European,  Oriental ",3.9,115,1300
Empire Restaurant,"Jayanagar, South Bangalore", South Bangalore,Bangalore,"North Indian,  Kerala,  South Indian,  Seafood,  Biryani",4,115,700
Via Milano,"Koramangala, South Bangalore", South Bangalore,Bangalore,"Italian,  Continental,  Mediterranean,  Drinks",4.1,115,1600
The Patiala House,"Chetpet, Central Chennai", Central Chennai,Chennai,"North Indian,  Chinese",4.4,115,1000
Asian Station,"Anna Nagar, North Chennai", North Chennai,Chennai,"Japanese,  Asian,  Thai,  Seafood",4.3,115,1200
Spice 6 - The Global Dining,"Banjara Hills, Central East Hyderabad", Central East Hyderabad,Hyderabad,"North Indian,  Chinese,  Lebanese",4.2,115,1400
4 Seasons,"Yousuf Tekri Complex,Tolichowki, Central Hyderabad", Central Hyderabad,Hyderabad,"Arabian,  North Indian,  Seafood,  Mughlai",3.9,115,1400
FC Grill House,"Deccan Gymkhana, West Pune", West Pune,Pune,"Multi-Cuisine,  North Indian,  Italian,  Chinese,  Continental",4,115,1100
Elephant and Co.,"Kalyani Nagar, East Pune", East Pune,Pune,"Continental,  Fast Food",4.1,115,1500
Yo! China,"Sector 9, East Chandigarh", East Chandigarh,Chandigarh,Chinese,4.2,115,1300
TGIB : The Grand Indian Buffet,"Vaishali Nagar, West Jaipur", West Jaipur,Jaipur,"North Indian,  Asian,  Continental",3.9,115,1200
Rodeo Drive,"Marol, Andheri East", Andheri East,Mumbai,"American,  Italian,  Mexican",4.1,114,1200
Reise - All Day Bar and Kitchen,"Chakala, Andheri East", Andheri East,Mumbai,"Multi-Cuisine,  North Indian,  Italian,  Chinese,  Continental",4.1,114,1200
Blend N Brew,"Hotel Yogi Midtown,Turbhe, Navi Mumbai", Navi Mumbai,Mumbai,"North Indian,  Italian,  Chinese",3.9,114,1200
Kofuku,"Suburbia Mall,Bandra West, Bandra", Bandra,Mumbai,Japanese,4.4,114,2500
Aromas Cafe,"Bandra West, Bandra", Bandra,Mumbai,"Italian,  Fast Food,  Desserts,  Coffee,  Tea",4.5,114,1400
Chinita Real Mexican Food,"Indiranagar, East Bangalore", East Bangalore,Bangalore,"Mexican,  Tex Mex",4.5,114,1400
Hyderabad Chefs,"KBR Complex,Marathahalli, East Bangalore", East Bangalore,Bangalore,"Hyderabadi,  North Indian,  Chinese,  Biryani",4,114,800
BLIND CH3MISTRY,"Anna Nagar, North Chennai", North Chennai,Chennai,"Italian,  Continental,  Desserts,  Drinks,  Shakes",4,114,1200
Lazeez Multicuisine Restaurant,"Royal Reve Hotel,SD Road, Secunderabad", Secunderabad,Hyderabad,"Multi-Cuisine,  North Indian,  Chinese,  Continental,  South Indian,  Mughlai",4,114,1600
Apna Rasoi,"SD Road, Secunderabad", Secunderabad,Hyderabad,"Multi-Cuisine,  North Indian,  Chinese,  South Indian,  Biryani",3.9,114,600
Caprice,"Radisson Lucknow City Center,Aminabad, Central Lucknow", Central Lucknow,Lucknow,"Continental,  North Indian",4.2,114,1600
Sorrento,"Shangri La's Eros Hotel,Janpath, Central Delhi", Central Delhi,Delhi,Italian,4.5,113,4000
Laidback Cafe,"Saket, South Delhi", South Delhi,Delhi,"Multi-Cuisine,  North Indian,  Italian,  Mediterranean,  Asian",4.5,113,1500
Mashaya Restaurant,"Raj Nagar, Ghaziabad", Ghaziabad,Ghaziabad,"Multi-Cuisine,  North Indian,  Chinese,  Continental,  Mediterranean,  Seafood",3.8,113,1400
The Whisky Bar & Brewpub,"Sector 29, Gurgaon", Gurgaon,Gurgaon,"Finger Food,  North Indian,  Italian,  Chinese,  Continental,  Fast Food",4.2,113,2500
"Unlocked - Bar, Kitchen and Escape Room","32nd Avenue,Sector 15, Gurgaon", Gurgaon,Gurgaon,"Italian,  Continental,  Shakes",4.2,113,1900
Peninsula - The Spice of India,"The Peninsula Grand Hotel,Sakinaka, Andheri East", Andheri East,Mumbai,"Multi-Cuisine,  North Indian,  Chinese,  Continental,  Seafood,  Mughlai",3.9,113,2000
Onesta,"JP Nagar, South Bangalore", South Bangalore,Bangalore,"Italian,  Pizza,  Desserts,  Fast Food",4.1,113,700
Chin Lung Bar & Restaurant,"New BEL Road, North Bangalore", North Bangalore,Bangalore,"Continental,  North Indian",4,113,1200
California Burrito,"Bannerghatta Road, South Bangalore", South Bangalore,Bangalore,"Mexican,  Fast Food",4.3,113,500
Gelatissimo,"Jubilee Hills, Central West Hyderabad", Central West Hyderabad,Hyderabad,"Desserts,  Ice Cream",4.4,113,400
Dhaba Shaba,"Koregaon Park, East Pune", East Pune,Pune,"North Indian,  Chinese",4.4,113,1000
6 Ballygunge Place,"Kasba, South Kolkata", South Kolkata,Kolkata,Bengali,4.3,113,800
Playground,"Sector 26, East Chandigarh", East Chandigarh,Chandigarh,"Multi-Cuisine,  North Indian,  Italian,  Continental,  European",4.3,113,1800
1522 Bar & Kitchen,"M.I.D.C, Andheri East", Andheri East,Mumbai,"North Indian,  Chinese,  Continental,  Finger Food",4.3,112,1500
CinCin,"Raheja Towers,Bandra Kurla Complex, Bandra", Bandra,Mumbai,"Italian,  Pizza",4.4,112,2800
Ithaka - Veg Lebanese Kitchen,"Janta Industrial Estate,Lower Parel, South Mumbai", South Mumbai,Mumbai,Lebanese,4.2,112,1500
Savoury Seashell,"Bannerghatta Road, South Bangalore", South Bangalore,Bangalore,"Arabian,  North Indian,  Chinese,  Kerala,  Fast Food",4.1,112,1000
Beijing Bites,"Whitefield, East Bangalore", East Bangalore,Bangalore,"Chinese,  Thai,  Seafood",4.1,112,700
BLIND CH3MISTRY,"Nungambakkam, Central Chennai", Central Chennai,Chennai,"Italian,  Continental,  Desserts,  Shakes",4,112,800
Tosai club,"Thuraipakkam, South West Chennai", South West Chennai,Chennai,"North Indian,  Chinese,  Continental,  South Indian,  Italian,  Mughlai",4.1,112,800
Bird Box - Bar & Cafe,"Zen Building,Madhapur, West Hyderabad", West Hyderabad,Hyderabad,"Italian,  Chinese",4.3,112,1200
The Cult - Terra,"Magarpatta City, East Pune", East Pune,Pune,"Continental,  Asian,  North Indian,  Italian,  Seafood",3.9,112,1800
Fantastic Food Story,"Hati Bagan, North Kolkata", North Kolkata,Kolkata,"North Indian,  Chinese,  South Indian",4.1,112,700
Heka The Egyptian Lounge,"The Stadel,Salt Lake, East Kolkata", East Kolkata,Kolkata,Finger Food,3.9,112,1200
Gloria Restaurant,"Regency Plaza,Satellite, West Ahmedabad", West Ahmedabad,Ahmedabad,"North Indian,  Chinese,  Continental,  Italian,  Mexican",4.5,112,700
9 Eleven,"Siddhi Vinayak Business Hub,Shahibaug, North Ahmedabad", North Ahmedabad,Ahmedabad,"North Indian,  Chinese,  Continental,  Italian,  Fast Food,  Sizzlers",4.4,112,1000
The Rehab Gastropub,"Hauz Khas Village, South Delhi", South Delhi,Delhi,"North Indian,  Chinese,  Italian,  Fast Food",4.4,111,2000
Cafe Coffee Bar,"City Centre Mall,Dwarka, West Delhi", West Delhi,Delhi,"North Indian,  Chinese,  Fast Food",4.2,111,1500
Foxtrot,"DLF Cyber City, Gurgaon", Gurgaon,Gurgaon,Continental,4.5,111,1500
1441 Pizzeria,"Raj Infinia,Malad West, North Western", North Western,Mumbai,"Pizza,  Italian",4.3,111,1200
MH04 The Drunk Yard,"Kothari Compound,Thane West, Thane", Thane,Mumbai,"Finger Food,  North Indian,  Italian,  Continental,  Mexican",4.3,111,2000
Prasad Food Divine,"Vegas Residency,Kalyan West, Dombivali", Dombivali,Mumbai,"North Indian,  Chinese,  Continental",4.4,111,800
Copper Chimney,"Yelahanka, North Bangalore", North Bangalore,Bangalore,"North Indian,  Biryani",4.2,111,1500
Jonah's Bistro,"Express Avenue,Royapettah, Central Chennai", Central Chennai,Chennai,"Italian,  Continental,  Asian",4.4,111,1400
Piccadilly Square,"Centre Point,B B D Bagh, Central Kolkata", Central Kolkata,Kolkata,"Italian,  Spanish,  Desserts",4.3,111,800
Sincity,"Connaught Place, Central Delhi", Central Delhi,Delhi,"North Indian,  Italian,  Continental,  Mexican,  Asian,  Mughlai",3.8,110,1800
Navratree,"Airoli, Navi Mumbai", Navi Mumbai,Mumbai,"North Indian,  Chinese,  South Indian",3.9,110,800
Gulmurg,"The Shalimar Hotel,Kemps Corner, South Mumbai", South Mumbai,Mumbai,"North Indian,  Continental",4.3,110,1800
Smoke - The Sizzler House,"Koramangala, South Bangalore", South Bangalore,Bangalore,"Continental,  Fast Food,  Sizzlers",4,110,1100
Fat Pigeon - Bar Hop,"Jubilee Hills, Central West Hyderabad", Central West Hyderabad,Hyderabad,"Multi-Cuisine,  North Indian,  Continental,  Mexican,  Lebanese",4.5,110,2600
Desi Aroma,"Aditi Mall,Baner, West Pune", West Pune,Pune,"North Indian,  Mughlai",4.4,110,1000
The Green House,"Salt Lake, East Kolkata", East Kolkata,Kolkata,"Italian,  Continental",4.1,110,1000
Captain Sam's,"Sector 26, East Chandigarh", East Chandigarh,Chandigarh,"Pizza,  Italian,  Fast Food",3.9,110,700
Pablo - The Art Cafe' Lounge,"Civil Lines, West Nagpur", West Nagpur,Nagpur,"Multi-Cuisine,  Italian,  Chinese,  Continental,  Fast Food",4.6,110,1300
Creo,"Vivanta New Delhi,Dwarka, West Delhi", West Delhi,Delhi,"Multi-Cuisine,  North Indian,  Italian,  Continental,  Asian",4.5,109,3000
Tap House Brewpub and Kitchen,"Good Earth City Centre Mall,Sector 50, Gurgaon", Gurgaon,Gurgaon,"North Indian,  Italian,  Chinese",4,109,1900
Mitron,"Crystal Shoppers Paradise,Bandra West, Bandra", Bandra,Mumbai,"North Indian,  Japanese,  Continental,  Seafood,  Sushi",3.9,109,2000
Moti Mahal Delux,"Red Shore Plaza,Hebbal, North Bangalore", North Bangalore,Bangalore,"North Indian,  Chinese,  Mughlai",3.9,109,1000
Cook Gramam,"Anna Nagar, North Chennai", North Chennai,Chennai,"South Indian,  Health Food",4.3,109,500
Chubby Cho,"Jubilee Hills, Central West Hyderabad", Central West Hyderabad,Hyderabad,"Chinese,  Seafood,  Sushi",4.5,109,2500
Ambarsariyaa Authentic Amritsari,"Kharadi, East Pune", East Pune,Pune,"North Indian,  Mughlai",4.5,109,1000
Friends Of Pho,"Teghoria, 24 Parganas North", 24 Parganas North,Kolkata,"Multi-Cuisine,  Chinese,  Thai,  Vietnamese,  Asian,  Malaysian",4.5,109,1200
TVG - The Vegetarian Grill,"Malviya Nagar, South Jaipur", South Jaipur,Jaipur,"Multi-Cuisine,  North Indian,  Italian,  Chinese,  Continental",4.2,109,800
SHOWOFF Bar & Kitchen,"Airen Heights,Vijay Nagar, East Indore", East Indore,Indore,"North Indian,  Continental,  Italian",3.9,109,1600
Elma's Brasserie,"Mehar Chand Market,Lodhi Colony, South Delhi", South Delhi,Delhi,"Continental,  Italian,  European,  Desserts",4.4,108,1200
Cafe G,"Crowne Plaza Gurgaon,Sector 29, Gurgaon", Gurgaon,Gurgaon,"Multi-Cuisine,  Italian,  Chinese,  Continental,  European,  Fast Food,  Indian Cuisine",4.2,108,4500
Pop Tate's,"Lodha Xperia Mall,Dombivli East, Dombivali", Dombivali,Mumbai,"Chinese,  Italian,  Continental",4.4,108,2000
California Burrito,"Koramangala, South Bangalore", South Bangalore,Bangalore,"Mexican,  Fast Food",4.6,108,500
Citrus,"The Leela Palace Hotel,Kodihalli, East Bangalore", East Bangalore,Bangalore,"Multi-Cuisine,  North Indian,  Italian,  Continental,  South Indian,  European,  Asian",4.5,108,2500
Imli Cafe N Restaurant,"Indiranagar, East Bangalore", East Bangalore,Bangalore,North Indian,4.1,108,800
Plan B,"New BEL Road, North Bangalore", North Bangalore,Bangalore,"American,  Continental",4.2,108,1000
Cafe Noir,"Phoenix Marketcity,Whitefield, East Bangalore", East Bangalore,Bangalore,"French,  Bakery and Confectionary,  Desserts,  Fast Food",4.2,108,1800
Smoke House Deli,"Forum Shantiniketan Mall,Whitefield, East Bangalore", East Bangalore,Bangalore,"European,  American,  Italian,  Continental,  Tea",4.5,108,1500
BLR Brewing Co.,"Electronic City, South Bangalore", South Bangalore,Bangalore,"North Indian,  Finger Food,  Continental,  Pizza",4.1,108,2200
BLIND CH3MISTRY,"Valasaravakkam, West Chennai", West Chennai,Chennai,"Italian,  Continental,  Desserts,  Drinks,  Shakes",4.1,108,800
Dhaba In The City,"Perungudi, South West Chennai", South West Chennai,Chennai,"North Indian,  Chinese,  Seafood",4.1,108,500
Bhatinda Xpress,"Thuraipakkam, South West Chennai", South West Chennai,Chennai,"North Indian,  Chinese,  Mughlai",4.3,108,1200
Ci Gusta,"Madhapur, West Hyderabad", West Hyderabad,Hyderabad,"Ice Cream,  Italian,  Desserts",4.5,108,1000
Ironhill Cafe,"Madhapur, West Hyderabad", West Hyderabad,Hyderabad,"Italian,  Continental,  Fast Food",4.2,108,900
Neo Woods,"Pimpri, West Pune", West Pune,Pune,"Multi-Cuisine,  North Indian,  Italian,  Chinese,  Oriental ",4.2,108,1700
Wave,"Double Tree by Hilton Ahmedabad,Bopal, West Ahmedabad", West Ahmedabad,Ahmedabad,"North Indian,  Chinese,  Continental",4.4,108,2000
Sultanat,"Fort,Malviya Nagar, South Jaipur", South Jaipur,Jaipur,"Multi-Cuisine,  North Indian,  Italian,  Continental,  Asian",4.3,108,1400
Barbeque Nation,"Tonk Road, South Jaipur", South Jaipur,Jaipur,"Barbecue,  North Indian",4.4,108,1200
Crosswind,"Apollo Square,New Palasia, Central Indore", Central Indore,Indore,"North Indian,  Chinese",3.3,108,2000
Cafe Culture,"Greater Kailash - 1, South Delhi", South Delhi,Delhi,"Italian,  Coffee,  Fast Food",4.5,107,1000
Cheelizza,"Juhu, Andheri West", Andheri West,Mumbai,"Pizza,  Italian,  Fast Food",4.6,107,600
The Flip Bar,"Vishnu Shivam Mall,Kandivali East, North Western", North Western,Mumbai,"Finger Food,  Italian,  Continental,  Seafood",4.2,107,1000
Pritam's Dhaba,"Vasai East, North Western", North Western,Mumbai,"North Indian,  Chinese",4,107,1700
Grill Wagon,"Egmore, North Chennai", North Chennai,Chennai,"North Indian,  Barbecue",4,107,1100
The Joint Al Mandi,"Madhapur, West Hyderabad", West Hyderabad,Hyderabad,"Lebanese,  Arabian",4.5,107,500
Heart Cup Coffee,"Gachibowli, West Hyderabad", West Hyderabad,Hyderabad,"Multi-Cuisine,  North Indian,  Italian,  Chinese,  Continental",3.9,107,1700
Riwaz,"New Town, 24 Parganas North", 24 Parganas North,Kolkata,"North Indian,  Chinese,  Mughlai",4,107,1200
Mocha,"Gandhinagar, North Ahmedabad", North Ahmedabad,Ahmedabad,"Continental,  North Indian,  Italian,  Desserts,  Fast Food",4.4,107,800
Kebabs and Curries Company,"World Trade Park,Malviya Nagar, South Jaipur", South Jaipur,Jaipur,"North Indian,  Chinese,  Mughlai",4.5,107,1000
Red Chilli,"Uphaar Cinema Complex,Green Park, South Delhi", South Delhi,Delhi,"North Indian,  Chinese,  Mughlai",4.1,106,1500
Grand Central,"Chembur, Central Suburbs", Central Suburbs,Mumbai,"North Indian,  Chinese,  Seafood",4.4,106,1200
Bologna,"Indiranagar, East Bangalore", East Bangalore,Bangalore,"Italian,  Desserts,  Bakery and Confectionary",4.5,106,1500
Empire Restaurant,"Indiranagar, East Bangalore", East Bangalore,Bangalore,"North Indian,  Kerala,  South Indian,  Seafood,  Biryani",4,106,700
BR Mathsya,"Thyagaraya Nagar, Central Chennai", Central Chennai,Chennai,"South Indian,  North Indian,  Chinese",4.2,106,600
Huber and Holly,"Park View Enclave,Banjara Hills, Central East Hyderabad", Central East Hyderabad,Hyderabad,"Ice Cream,  Fast Food,  Desserts",4.3,106,1000
Coco's Bar & Grill,"Banjara Hills, Central East Hyderabad", Central East Hyderabad,Hyderabad,"Multi-Cuisine,  North Indian,  Italian,  Chinese,  Continental",4.2,106,1800
Vertex – The Liquid Restaurant,"Fairfield by Marriott,New Town, 24 Parganas North", 24 Parganas North,Kolkata,Finger Food,3.7,106,1500
Baithak,"Manimajra, South Chandigarh", South Chandigarh,Chandigarh,North Indian,4.1,106,1100
Pind Balluchi,"Vijay Nagar, East Indore", East Indore,Indore,"North Indian,  Mughlai",3.7,106,1400
Heroes,"The Destination SRA CHS Ltd,Ghatkopar East, Central Suburbs", Central Suburbs,Mumbai,"North Indian,  Chinese,  Thai",4.1,105,2000
Ambience All Day Dining,"Kandivali East, North Western", North Western,Mumbai,"Continental,  Multi-Cuisine,  North Indian,  Chinese,  Seafood",4.2,105,1500
Prime Dine,"Satellite, West Ahmedabad", West Ahmedabad,Ahmedabad,"North Indian,  Chinese,  Continental,  Italian,  Thai,  Mexican",4.4,105,600
54 Praangan,"Indore Marriott Hotel,Vijay Nagar, East Indore", East Indore,Indore,"North Indian,  Awadhi,  Mughlai",4.4,105,3300
Khalsa Parivar Restaurant,"Mayapuri Phase - 2, West Delhi", West Delhi,Delhi,"North Indian,  Chinese,  Mughlai",4.1,104,700
Daryaganj,"Worldmark 1,Aerocity, South Delhi", South Delhi,Delhi,"North Indian,  Mughlai",4.2,104,2000
Ambience Bar & Kitchen,"Jagdamba Bhavan,Lower Parel, South Mumbai", South Mumbai,Mumbai,"North Indian,  Chinese,  Continental,  Seafood",4.3,104,2000
Memories of China,"TAJ MG Road Bengaluru,MG Road, Central Bangalore", Central Bangalore,Bangalore,"Chinese,  Seafood",4.6,104,3000
Teppan,"Alwarpet, Central Chennai", Central Chennai,Chennai,"Japanese,  Sushi,  Seafood",4.4,104,2000
Aromas@11SIX,"Gachibowli, West Hyderabad", West Hyderabad,Hyderabad,"North Indian,  Chinese,  Seafood,  Mughlai",3.8,104,1200
Collage,"Hyatt Hyderabad,Gachibowli, West Hyderabad", West Hyderabad,Hyderabad,"North Indian,  Continental,  Asian",4.1,104,2000
Hidden Place,"Koregaon Park, East Pune", East Pune,Pune,"Finger Food,  North Indian,  Continental",4.2,104,1500
The Asian Box Resto Bar,"Siddh Icon Building,Baner, West Pune", West Pune,Pune,"Chinese,  Japanese,  Indonesian,  Seafood,  Asian,  Malaysian,  Thai,  Singaporean",4,104,1000
Chang's,"King Sport Home,Viman Nagar, East Pune", East Pune,Pune,"Chinese,  Asian",4.2,104,1000
Oceanic,"The Peerless Inn,Esplanade, Central Kolkata", Central Kolkata,Kolkata,"Multi-Cuisine,  North Indian,  Italian,  Continental,  European,  Seafood,  Oriental ",3.3,104,2500
Cafe Connect,"Ballygunge, South Kolkata", South Kolkata,Kolkata,"North Indian,  Italian,  Chinese",4.3,104,600
Sun and Moon Restaurant,"Chand Pole, South Udaipur", South Udaipur,Udaipur,"North Indian,  Italian,  Fast Food",3.9,104,1000
Sandoz,"Nehru Place, South Delhi", South Delhi,Delhi,North Indian,4.3,103,1000
Only Bar,"Nehru Place, South Delhi", South Delhi,Delhi,"North Indian,  Chinese",4.5,103,1000
Kampai,"Worldmark 1,Aerocity, South Delhi", South Delhi,Delhi,"Japanese,  Asian,  Sushi",4.5,103,2700
Delhi Highway,"Todi Mills,Lower Parel, South Mumbai", South Mumbai,Mumbai,"North Indian,  Mughlai",4.3,103,1200
Chameleon Lounge Bar,"Comfort INN Insys,Mathikere, North Bangalore", North Bangalore,Bangalore,"Finger Food,  Italian,  Continental,  American",4,103,1400
Dirty Martini - Kitchen and Cocktail Lounge,"Alcazar Mall,Jubilee Hills, Central West Hyderabad", Central West Hyderabad,Hyderabad,"North Indian,  Continental,  Oriental ",4.2,103,2300
Kerala Cafe,"Kalyani Nagar, East Pune", East Pune,Pune,"Kerala,  South Indian,  Seafood",3.8,103,1400
Twelve 21,"Ravet, West Pune", West Pune,Pune,"North Indian,  South Indian",3.9,103,900
M.L.F Franco,"Shivam Complex,Navrangpura, West Ahmedabad", West Ahmedabad,Ahmedabad,"Fast Food,  Coffee,  Chinese,  Barbecue",4.2,103,400
Silver Dine,"Hotel Platinum Inn,Vasna, West Ahmedabad", West Ahmedabad,Ahmedabad,"North Indian,  Chinese,  Italian,  Continental,  South Indian,  Thai,  Mexican",4.4,103,900
Gwalbhog,"Chandkheda, North Ahmedabad", North Ahmedabad,Ahmedabad,"Gujarati,  Rajasthani",4.5,103,800
Tan-Sukh,"Vaishali Nagar, West Jaipur", West Jaipur,Jaipur,"Multi-Cuisine,  North Indian,  Italian,  Mexican,  Oriental ,  Rajasthani",4.6,103,1200
The Chocolate Room,"Fatehgunj, North Vadodara", North Vadodara,Vadodara,"Desserts,  Shakes,  Italian,  Mexican,  Ice Cream",4,103,700
Imperfecto Shor Cafe,"Pride Plaza Hotel Aerocity,Aerocity, South Delhi", South Delhi,Delhi,"Multi-Cuisine,  North Indian,  Mediterranean",4.1,102,2400
Silver Beach Cafe,"Jaldarshan Building,Juhu, Andheri West", Andheri West,Mumbai,"Continental,  Italian",4.4,102,2000
Nom Nom,"Near Andheri West Station, Andheri West", Andheri West,Mumbai,"Japanese,  Asian,  Oriental ",4.4,102,2000
Flavours Of India,"Bhagini Icon Boutique Hotel,Indiranagar, East Bangalore", East Bangalore,Bangalore,"North Indian,  Chinese,  Mughlai",3.8,102,1400
Beijing Bites,"HSR Layout, South Bangalore", South Bangalore,Bangalore,"Chinese,  Thai,  Seafood",4.3,102,700
TMH-Flavours Of Taj Mahal Hotel,"L & T Metro Mall,Madhapur, West Hyderabad", West Hyderabad,Hyderabad,"North Indian,  South Indian,  Chinese",4.3,102,1000
Aaheli,"The Peerless Inn,Esplanade, Central Kolkata", Central Kolkata,Kolkata,Bengali,4.4,102,2000
Mintelaa,"Southern Avenue, South Kolkata", South Kolkata,Kolkata,"Italian,  Pizza,  North Indian,  Chinese,  Continental,  Oriental ",4.2,102,800
ASOD - A State of Dance,"Sector 26, East Chandigarh", East Chandigarh,Chandigarh,"Finger Food,  Multi-Cuisine",4.2,102,1200
Pirates Of Grill,"VR Punjab Mall,Kharar road, Mohali", Mohali,Chandigarh,"North Indian,  Mughlai",4.2,102,1200
The Curio,"Raja Park, East Jaipur", East Jaipur,Jaipur,"North Indian,  Italian,  Chinese",4.4,102,800
JAL - A Jungle Restaurant,"Bhanwar Kuan, South Indore", South Indore,Indore,"North Indian,  Chinese,  Fast Food",4.2,102,1000
Castle Barbeque,"Connaught Place, Central Delhi", Central Delhi,Delhi,"North Indian,  Chinese",3.5,101,2000
Soul,"Hotel Oriental Residency,Khar West, Bandra", Bandra,Mumbai,"North Indian,  Chinese,  Fast Food",4.4,101,1500
The Square,"Novotel Bengaluru,Marathahalli, East Bangalore", East Bangalore,Bangalore,"World Cuisine,  Italian,  Continental,  Japanese",3.8,101,2500
Botanica The Green House Bar,"The Mills,Sangamwadi, East Pune", East Pune,Pune,"Multi-Cuisine,  Italian,  Continental,  Mediterranean,  Asian,  Modern Indian",4.1,101,1300
Publiq Club-Kitchen,"Sunny Trade Centre,Mansarovar, South Jaipur", South Jaipur,Jaipur,"North Indian,  Italian,  Continental",3.7,101,1000
Padmanabham,"Greater Kailash - 1, South Delhi", South Delhi,Delhi,South Indian,4.4,100,700
Edesia,"Crowne Plaza Today New Delhi Okhla,Okhla Phase - 1, South Delhi", South Delhi,Delhi,"North Indian,  Continental,  Japanese",4.4,100,3000
Zytun - The Restaurant,"Marol, Andheri East", Andheri East,Mumbai,"North Indian,  Chinese,  Oriental ",4,100,1200
Beijing Bites,"Koramangala, South Bangalore", South Bangalore,Bangalore,"Chinese,  Thai,  Seafood",4.5,100,700
NH8,"Sahakara Nagar, North Bangalore", North Bangalore,Bangalore,Rajasthani,3.8,100,800
Gudgudee - Tickle Your Tastebuds,"Madhapur, West Hyderabad", West Hyderabad,Hyderabad,"North Indian,  Chinese",4.3,100,1000
TTF - The Tenth Floor,"Deron Heights,Baner, West Pune", West Pune,Pune,"North Indian,  Continental,  Finger Food,  Italian",3.7,100,1500
Chocolateria San Churro,"Greater Kailash - 2, South Delhi", South Delhi,Delhi,"Desserts,  Bakery and Confectionary,  Fast Food",4.3,99,1000
Waves,"Adchini, South Delhi", South Delhi,Delhi,"North Indian,  Chinese",4.2,99,2000
Ministry Of Sound,"Gardens Galleria,Sector 38A, Noida", Noida,Noida,World Cuisine,4.1,99,1800
Drunken Detective,"Indirapuram Habitat Centre,Indirapuram, Ghaziabad", Ghaziabad,Ghaziabad,"Finger Food,  North Indian",3.9,99,1200
Karim's,"The Gallery On MG,MG Road, South Delhi", South Delhi,Delhi,"North Indian,  Mughlai",4.3,99,1800
Mi Hi Koli,"Mulund West, Central Suburbs", Central Suburbs,Mumbai,"Seafood,  Maharashtrian,  Malvani",3.7,99,1000
Backyard Beer Garden,"Mira Road East, North Western", North Western,Mumbai,"North Indian,  Italian,  Chinese",4,99,1000
Golden Oak,"La Marvella Hotel,Jayanagar, South Bangalore", South Bangalore,Bangalore,"Multi-Cuisine,  North Indian,  Italian,  Chinese,  Continental",4.2,99,2000
The Summer House Eatery,"Alwarpet, Central Chennai", Central Chennai,Chennai,"Continental,  Italian,  Mexican,  Asian,  Desserts,  Coffee,  Tea",4.3,99,1400
Copper Kitchen,"Saligramam, West Chennai", West Chennai,Chennai,"North Indian,  Chinese,  Seafood,  Arabian",4.3,99,1100
Taco Bell,"Next Galleria Mall,Panjagutta, Central East Hyderabad", Central East Hyderabad,Hyderabad,"Mexican,  Tex Mex",4.4,99,500
Flavours Of TMH,"Taj Tristar Hotel,SD Road, Secunderabad", Secunderabad,Hyderabad,"Multi-Cuisine,  North Indian,  Chinese,  Continental,  South Indian",4.2,99,800
Old Skool,"Kompally, Secunderabad", Secunderabad,Hyderabad,"North Indian,  Chinese,  Arabian",4.1,99,700
Kwality Restaurant,"Park Street, Central Kolkata", Central Kolkata,Kolkata,"North Indian,  Continental,  Fast Food",4.2,99,1300
Mintelaa,"Minto Park, South Kolkata", South Kolkata,Kolkata,"Italian,  Pizza",4.3,99,800
Sanjha Chulha,"E M Bypass, South Kolkata", South Kolkata,Kolkata,"North Indian,  Mughlai",3.9,99,500
Turquoise Villa Bistro & Cafe,"Vastrapur, West Ahmedabad", West Ahmedabad,Ahmedabad,"Italian,  Continental,  North Indian,  Tea",4.1,99,1200
Grapho 07,"Sector 7, East Chandigarh", East Chandigarh,Chandigarh,"Italian,  Continental",4.2,99,1500
Cafe Bae,"Bais Godam, Central Jaipur", Central Jaipur,Jaipur,"Multi-Cuisine,  Italian,  Continental,  Mexican,  French,  Oriental ",4.4,99,1300
The Piano Project,"Vijay Nagar, East Indore", East Indore,Indore,"North Indian,  Mughlai",4.2,99,2000
Coffee Culture The Ristorante Lounge,"Shobhagpura, West Udaipur", West Udaipur,Udaipur,"Italian,  Pizza,  Fast Food,  Sizzlers",4.2,99,900
Chi Ni,"The Roseate,Samalkha, South Delhi", South Delhi,Delhi,Chinese,4.5,98,5000
Ziuba,"Ardee Mall,Ardee City, Gurgaon", Gurgaon,Gurgaon,"Chinese,  Thai,  Japanese",4.2,98,1200
Coffee By Di Bella,"Mehta Building,Matunga East, South Mumbai", South Mumbai,Mumbai,"Fast Food,  Coffee,  Tea,  Desserts,  Waffle",4.4,98,700
Coffee By Di Bella,"Devchhay Building,Dadar West, South Mumbai", South Mumbai,Mumbai,"Fast Food,  Coffee,  Tea,  Desserts,  Waffle",4.4,98,700
Taco Bell,"SJR Junction Building,Koramangala, South Bangalore", South Bangalore,Bangalore,"Mexican,  Tex Mex",4.5,98,500
California Burrito,"Sarjapur Road, South Bangalore", South Bangalore,Bangalore,"Mexican,  Fast Food",4.5,98,500
J.Hind,"Grand by GRT Hotels,Thyagaraya Nagar, Central Chennai", Central Chennai,Chennai,"North Indian,  Mughlai,  Fusion",4.7,98,2500
Aloe,"Nungambakkam, Central Chennai", Central Chennai,Chennai,"North Indian,  South Indian,  Asian,  Continental,  Fast Food",4.3,98,1000
Writer's Cafe,"Egmore, North Chennai", North Chennai,Chennai,"Italian,  Fast Food,  Drinks",4.5,98,700
Food Exchange,"Novotel Hyderabad Convention Centre,Hitech City, West Hyderabad", West Hyderabad,Hyderabad,"North Indian,  Asian,  Health Food",3.9,98,2300
Huber & Holly,"Koregaon Park, East Pune", East Pune,Pune,"Italian,  Desserts,  Fast Food,  Pizza",4.4,98,700
Punjabi TREAT,"Ravet, West Pune", West Pune,Pune,"North Indian,  Chinese,  Bengali,  Fast Food",4.5,98,700
Q33,"Quest Mall,Ballygunge, South Kolkata", South Kolkata,Kolkata,"Italian,  Fast Food",4.4,98,800
Helter Skelter,"SDA Market,SDA, South Delhi", South Delhi,Delhi,"Multi-Cuisine,  Italian,  Chinese,  American,  Lebanese,  Tex Mex,  Tex Mex",4.3,97,1800
Cafe NH8,"Radisson Gurugram Udyog Vihar,Udyog Vihar, Gurgaon", Gurgaon,Gurgaon,"Multi-Cuisine,  North Indian,  Italian,  Continental",4.2,97,3000
Veranda,"Park Plaza Faridabad,Sector 21C, Faridabad", Faridabad,Noida,"North Indian,  Continental,  Asian",4.1,97,3000
The Brewhouse - Brewery,"Radisson Hotel Gurugram Sohna Road City Center,Sector 49, Gurgaon", Gurgaon,Gurgaon,"Continental,  North Indian,  Finger Food",4.5,97,1500
Apna Dhaba,"Chakala, Andheri East", Andheri East,Mumbai,"North Indian,  Chinese,  Seafood",4,97,1200
Beyond - Wine & Dine,"Malad West, North Western", North Western,Mumbai,"North Indian,  Fast Food,  Italian,  Continental,  Mexican,  Oriental ",4.3,97,2200
Chin Chin Chu,"Worli, South Mumbai", South Mumbai,Mumbai,"Multi-Cuisine,  Chinese,  Japanese,  Seafood,  Asian",4.5,97,2500
Bombay Street Co.,"Atria The Millennium Mall,Worli, South Mumbai", South Mumbai,Mumbai,"North Indian,  Street Food,  Fast Food",4,97,1200
New York Burrito Company,"Fulchand Nivas,Girgaum, South Mumbai", South Mumbai,Mumbai,Mexican,4.5,97,600
Green Onion,"Chandraprabha Complex,Residency Road, Central Bangalore", Central Bangalore,Bangalore,Chinese,4.4,97,600
Empire Restaurant,"Rajajinagar, West Bangalore", West Bangalore,Bangalore,"North Indian,  Kerala,  South Indian,  Seafood,  Biryani",4,97,700
Prive Restaurant,"East Coast Road, South Chennai", South Chennai,Chennai,"Multi-Cuisine,  North Indian,  European,  Oriental ,  Street Food,  Fast Food",4.4,97,1200
Huber and Holly,"Himayath Nagar, Central Hyderabad", Central Hyderabad,Hyderabad,"Ice Cream,  Fast Food,  Desserts",4.4,97,1000
Go Green,"Kankurgachhi, East Kolkata", East Kolkata,Kolkata,"North Indian,  Italian,  Chinese",4.1,97,1200
Sphere Lounge,"Ambawadi, West Ahmedabad", West Ahmedabad,Ahmedabad,"Continental,  Italian,  Fast Food",4.5,97,800
Shree Annapurna Corner,"Maninagar, East Ahmedabad", East Ahmedabad,Ahmedabad,"North Indian,  Chinese,  Street Food,  Fast Food",4.5,97,500
Barbeque Nation,"Mirza Ismail Road, West Jaipur", West Jaipur,Jaipur,"Barbecue,  North Indian",4.5,97,1200
Cafe Chapter One,"Vijay Nagar, East Indore", East Indore,Indore,"Italian,  Fast Food,  Desserts,  Coffee,  Tea",4.5,97,900
Dasaprakash,"Sector 142, Noida", Noida,Noida,"South Indian,  North Indian,  Continental,  Oriental ",4.3,96,800
The Sassy Spoon,"Delphi Building,Powai, Powai", Powai,Mumbai,"Multi-Cuisine,  Italian,  Continental,  European,  Desserts",4.3,96,1800
Mia Cuccinna,"Bandra West, Bandra", Bandra,Mumbai,"Fast Food,  Italian,  Continental",4.2,96,2200
Skylit,"Citrus Cunningham,Cunningham Road, Central Bangalore", Central Bangalore,Bangalore,"Multi-Cuisine,  North Indian,  Continental,  Mediterranean",4.3,96,1700
Burp,"New BEL Road, North Bangalore", North Bangalore,Bangalore,"Fast Food,  Italian,  Mexican",4.4,96,600
Haven Sampoorna,"Asian Complex,Besant Nagar, South Chennai", South Chennai,Chennai,"Continental,  North Indian,  Italian,  European",4.3,96,1200
Anna Idli,"Dhole Patil Road, East Pune", East Pune,Pune,"South Indian,  Andhra",4.4,96,500
The Flaming Bowl,"Bhawanipur, South Kolkata", South Kolkata,Kolkata,"Asian,  North Indian,  Chinese,  Thai,  Japanese",4.5,96,1000
Biryani by Kilo,"Sector 82, Mohali", Mohali,Chandigarh,"Mughlai,  Biryani",4.4,96,700
Salt and Pepper,"Hotel Amar Vilas,Chandra Nagar, North Indore", North Indore,Indore,"North Indian,  Continental,  Oriental ",3.5,96,1800
7 Old Town,"Hauz Khas, South Delhi", South Delhi,Delhi,"Italian,  Asian,  North Indian",4.2,95,1700
Farm View,"Virar West, North Western", North Western,Mumbai,"North Indian,  Chinese,  Continental,  Seafood",4,95,1200
Spice It,"Ibis Bengaluru City Centre,Richmond Town, Central Bangalore", Central Bangalore,Bangalore,"Continental,  European",3.7,95,1800
The Marina,"Nungambakkam, Central Chennai", Central Chennai,Chennai,"Chinese,  South Indian,  Seafood,  Oriental ",4.4,95,1200
Mini Punjab,"Abids, Central Hyderabad", Central Hyderabad,Hyderabad,"North Indian,  Chinese",3.3,95,500
Hotel Mayukha Multicuisine Family Restaurant & Banquet Hall,"Kukatpally, West Hyderabad", West Hyderabad,Hyderabad,"North Indian,  Chinese,  Biryani",3.9,95,1000
Global Punjab,"Riddhi Siddhi Heights,Wakad, West Pune", West Pune,Pune,"North Indian,  Chinese,  Mughlai",3.8,95,1200
Kitchen 165,"Tangra, East Kolkata", East Kolkata,Kolkata,"Multi-Cuisine,  North Indian,  Continental,  Oriental ",4.3,95,800
The Bhoj Company,"PS Srijan Corporate Park,Salt Lake, East Kolkata", East Kolkata,Kolkata,"Chinese,  Bengali",4.3,95,600
Unlocked,"Dwarkesh Complex,Navrangpura, West Ahmedabad", West Ahmedabad,Ahmedabad,"Italian,  Mexican,  Desserts,  Fast Food",4.1,95,1000
Radhika's Authentic South Indian Food,"Camps Corner 2,Prahlad Nagar, West Ahmedabad", West Ahmedabad,Ahmedabad,South Indian,4.4,95,500
BEATLES Bar & Lounge,"Tonk Road, South Jaipur", South Jaipur,Jaipur,"Multi-Cuisine,  North Indian,  Italian,  Mexican,  Oriental ",4.3,95,2100
Mamagoto,"Ambience Mall,DLF Phase - 3, Gurgaon", Gurgaon,Gurgaon,"Asian,  Chinese,  Thai,  Japanese",4.4,94,1800
Amantran Fine Dine,"Minerva Chambers,Mulund West, Central Suburbs", Central Suburbs,Mumbai,"North Indian,  Chinese,  Continental",4.3,94,800
Flavors,"Hotel Yogi Metropolitan,Sanpada, Navi Mumbai", Navi Mumbai,Mumbai,"North Indian,  Italian,  Chinese,  Seafood",4.3,94,1500
Shalimar Restaurant,"Masjid Bunder, South Mumbai", South Mumbai,Mumbai,"North Indian,  Chinese,  Mughlai",4.3,94,1000
Shaken & Stirred,"Race Course Road, West Bangalore", West Bangalore,Bangalore,"Continental,  Finger Food,  North Indian,  Chinese",4.1,94,1500
Karama,"Frazer Town, North Bangalore", North Bangalore,Bangalore,"Arabian,  North Indian,  Seafood,  Pakistani",4.3,94,800
Social,"Indiranagar, East Bangalore", East Bangalore,Bangalore,"North Indian,  Chinese",4.1,94,1500
Spice It,"Hotel Ibis,Bommanahalli, South Bangalore", South Bangalore,Bangalore,"Continental,  European",3.7,94,1800
Date - A Middle East Food Affair,"Madhapur, West Hyderabad", West Hyderabad,Hyderabad,"Lebanese,  Arabian",3.6,94,900
Baan Tao,"Hyatt Pune,Kalyani Nagar, East Pune", East Pune,Pune,"Chinese,  Thai,  Vietnamese,  Asian,  Malaysian",4.2,94,2500
The Clover Bar and Kitchen,"Chinchwad, West Pune", West Pune,Pune,"North Indian,  Chinese,  Italian",4.1,94,1200
Deck 88,"The Astor Kolkata,Shakespeare Sarani, Central Kolkata", Central Kolkata,Kolkata,"Continental,  North Indian,  Italian,  Chinese,  Asian",4.2,94,1500
Overdose,"Desapriya Park, South Kolkata", South Kolkata,Kolkata,"Chinese,  Italian,  Continental",3.8,94,500
Colours by Royal Cafe,"Hotel Royal Inn,Hazratganj, Central Lucknow", Central Lucknow,Lucknow,"North Indian,  Oriental ,  Fast Food",4.2,94,2500
Barbeque Nation,"Rohtas Summit,Gomti Nagar, East Lucknow", East Lucknow,Lucknow,"North Indian,  Mughlai,  Barbecue",4.3,94,1500
Pitchers Cafe Bar,"Vijay Nagar, East Indore", East Indore,Indore,"North Indian,  Italian,  Fast Food",3.7,94,1200
Cheelizza,"Fatehgunj, North Vadodara", North Vadodara,Vadodara,"Italian,  Fast Food",4.4,94,600
One Too Many,"The Regenza by Tunga,Vashi, Navi Mumbai", Navi Mumbai,Mumbai,"Multi-Cuisine,  North Indian,  Italian,  Mexican,  Seafood,  Fast Food",4.4,93,1800
Layla,"The Den Bengaluru,Whitefield, East Bangalore", East Bangalore,Bangalore,Mediterranean,4.2,93,2000
Circles,"Hotel Daspalla,Jubilee Hills, Central West Hyderabad", Central West Hyderabad,Hyderabad,"Multi-Cuisine,  North Indian,  Chinese,  Continental,  South Indian",4.2,93,1700
Pondy Parottas,"Hitech City, West Hyderabad", West Hyderabad,Hyderabad,"Chinese,  South Indian",3.9,93,600
Maratha Samrat,"Baner, West Pune", West Pune,Pune,"Seafood,  Maharashtrian,  Biryani",4.5,93,1000
Mountain High,"Wanowrie, South Pune", South Pune,Pune,"North Indian,  Chinese",4.4,93,1600
Blues,"Connaught Place, Central Delhi", Central Delhi,Delhi,"Multi-Cuisine,  Finger Food,  North Indian,  Chinese,  Continental,  American",4.2,92,2000
The Art House,"Chembur, Central Suburbs", Central Suburbs,Mumbai,"North Indian,  Asian,  Continental",3.9,92,1500
Crave Junction,"Kandivali West, North Western", North Western,Mumbai,"Fast Food,  Italian",3.9,92,1000
Infinitea,"Shah Sultan Complex,Cunningham Road, Central Bangalore", Central Bangalore,Bangalore,"Italian,  European,  Tea,  Desserts",4.4,92,1200
Pinxx,"Royal Orchid Central Hotel,MG Road, Central Bangalore", Central Bangalore,Bangalore,"North Indian,  Italian,  European",4,92,1500
Andhra Ruchulu,"The President Hotel,Jayanagar, South Bangalore", South Bangalore,Bangalore,"Andhra,  North Indian,  Chinese",4.2,92,1500
Saara's Grill and Spice,"Koramangala, South Bangalore", South Bangalore,Bangalore,"Arabian,  North Indian",3.8,92,1100
The Sidewalk Cafe,"The Paul Bangalore,Domlur, East Bangalore", East Bangalore,Bangalore,"Italian,  American,  Asian",4.5,92,1500
Levels,"JP Nagar, South Bangalore", South Bangalore,Bangalore,"North Indian,  Chinese,  Finger Food",4.1,92,1500
Simply Indian,"Bannerghatta Road, South Bangalore", South Bangalore,Bangalore,"North Indian,  Chinese,  Seafood",4.1,92,1500
Writer's Cafe,"VR Mall,Anna Nagar, North Chennai", North Chennai,Chennai,"Italian,  Fast Food",4.5,92,700
Moshi Moshi,"Ashok Chakra Society,Koregaon Park, East Pune", East Pune,Pune,"Thai,  Japanese,  Korean,  Sushi,  Vietnamese,  Asian,  Malaysian",4.3,92,1600
Bourbon Street Cafe,"Sector 36, West Chandigarh", West Chandigarh,Chandigarh,"Italian,  Continental",4.5,92,800
Cafe Lazy Mojo,"C Scheme, Central Jaipur", Central Jaipur,Jaipur,"Multi-Cuisine,  North Indian,  Italian,  Continental,  Mexican,  American",4.1,92,1200
Molecule Air Bar,"Tajganj, East Agra", East Agra,Agra,"North Indian,  Italian,  Continental,  Oriental ",4,92,1900
Taste of China,"Connaught Place, Central Delhi", Central Delhi,Delhi,"Chinese,  Thai",4.1,91,2000
Sorriso Indian Kitchen & Bar,"Mulund West, Central Suburbs", Central Suburbs,Mumbai,"North Indian,  Continental,  Chinese",4.1,91,1200
Invento,"Shinde Building,Lower Parel, South Mumbai", South Mumbai,Mumbai,"Multi-Cuisine,  North Indian,  Italian,  Chinese,  Asian",4.2,91,1300
Ocean's Basket,"Banjara Hills, Central East Hyderabad", Central East Hyderabad,Hyderabad,"Multi-Cuisine,  North Indian,  Chinese,  Continental,  South Indian",4.4,91,1600
The Sea Secret,"J.M.Road, West Pune", West Pune,Pune,"North Indian,  Seafood,  Goan,  Kerala,  Mangalorean,  Coastal",4.5,91,1500
M.A.D by Tomato's,"Sumel Complex,Bodakdev, West Ahmedabad", West Ahmedabad,Ahmedabad,"North Indian,  Chinese,  Continental,  Asian,  Pizza",4.3,91,1200
Sethia's Dana Pani,"Shyam Nagar, West Jaipur", West Jaipur,Jaipur,"Multi-Cuisine,  North Indian,  Italian,  Continental,  South Indian",4.3,91,1100
Veg Gulati,"Pandara Road, Central Delhi", Central Delhi,Delhi,"North Indian,  Biryani,  Indian Cuisine",4.4,90,1200
Upgrade Kitchen & Bar,"The India Mall,New Friends Colony, South Delhi", South Delhi,Delhi,"Finger Food,  North Indian,  Italian,  Chinese,  Continental",4,90,1800
Garden Court Restaurant,"Sarkar Corner,Near Andheri West Station, Andheri West", Andheri West,Mumbai,"North Indian,  Chinese,  Seafood,  Mughlai",4.3,90,1900
Empire Restaurant,"HSR Layout, South Bangalore", South Bangalore,Bangalore,"North Indian,  Kerala,  South Indian,  Seafood,  Biryani",3.8,90,700
Smoke Hub Barbeque,"Thyagaraya Nagar, Central Chennai", Central Chennai,Chennai,"Barbecue,  North Indian,  Chinese",4.1,90,1800
Tepin Chilli,"Hotel Park Elanza,Nungambakkam, Central Chennai", Central Chennai,Chennai,"North Indian,  South Indian,  Oriental ",4,90,1200
Eagles Pizza,"Himayath Nagar, Central Hyderabad", Central Hyderabad,Hyderabad,"Pizza,  Italian,  Ice Cream,  Fast Food",3.8,90,600
Brown Sugar Grand,"Vaishali Nagar, West Jaipur", West Jaipur,Jaipur,"North Indian,  Italian,  Fast Food,  Drinks",4.3,90,900
Tan-Sukh,"Malviya Nagar, South Jaipur", South Jaipur,Jaipur,"Multi-Cuisine,  North Indian,  Italian,  Mexican,  Oriental ,  Rajasthani",4.4,90,1200
Not So Desi,"Brilliant Convention Centre,Vijay Nagar, East Indore", East Indore,Indore,Modern Indian,4.5,90,1600
Dilli 32,"The Leela Ambience Convention Hotel,Shahdara, East Delhi", East Delhi,Delhi,"North Indian,  South Indian",4.6,89,4500
Doodle's Garden,"Punjabi Bagh, West Delhi", West Delhi,Delhi,"Multi-Cuisine,  North Indian,  Italian,  Continental",4.1,89,2100
The Oriental Blossom,"Hotel Marine Plaza,Marine Lines, South Mumbai", South Mumbai,Mumbai,"Chinese,  Seafood",4.6,89,3500
World on a Plate,"The Citrine Hotel,Seshadripuram, West Bangalore", West Bangalore,Bangalore,"North Indian,  Continental,  Seafood,  Oriental ",4.2,89,1200
1947,"Ram Towers,Banashankari, South Bangalore", South Bangalore,Bangalore,"North Indian,  Chinese",4.2,89,800
The Brick Oven,"The Accord Metropolitan Hotel,Thyagaraya Nagar, Central Chennai", Central Chennai,Chennai,"Continental,  North Indian,  South Indian",4.5,89,2500
NorFest - The Dhaba,"Next Galleria Mall,Panjagutta, Central East Hyderabad", Central East Hyderabad,Hyderabad,North Indian,4.3,89,800
Pista House,"Kukatpally, West Hyderabad", West Hyderabad,Hyderabad,"North Indian,  Chinese",4.1,89,900
Chinese Room,"Camp, East Pune", East Pune,Pune,"Chinese,  Thai,  Seafood,  Asian",4.4,89,1400
Eighty Eight,"Hyatt Pune,Kalyani Nagar, East Pune", East Pune,Pune,"Multi-Cuisine,  North Indian,  Italian,  Continental",3.6,89,2100
Blue Nile,"City Centre 2, New Town,Rajarhat, 24 Parganas North", 24 Parganas North,Kolkata,"North Indian,  Chinese,  Continental",3.9,89,1800
Oh Boy Lounge,"Hudson Lane, North Delhi", North Delhi,Delhi,"Multi-Cuisine,  North Indian,  Italian,  Chinese,  Continental",3.3,88,1600
London Street,"Anand Vihar, East Delhi", East Delhi,Delhi,"North Indian,  Chinese,  Fast Food",4.1,88,1800
Soo Yung By The Backyard,"Punjabi Bagh, West Delhi", West Delhi,Delhi,"Asian,  Thai,  Japanese",4.1,88,1200
Spice It,"ibis New Delhi Aerocity,Aerocity, South Delhi", South Delhi,Delhi,"North Indian,  Chinese,  Continental",3.7,88,2100
70 Beans,"Palm Beach Galleria Mall,Vashi, Navi Mumbai", Navi Mumbai,Mumbai,"Continental,  North Indian,  Italian,  Coffee,  Burger",4.7,88,1000
Angrezi Patiyalaa,"Khopat, Thane", Thane,Mumbai,"Multi-Cuisine,  North Indian,  Asian,  Andhra,  Chettinad,  Fast Food",4.2,88,2000
Eatza Pizza,"Nungambakkam, Central Chennai", Central Chennai,Chennai,"Italian,  Pizza",3.7,88,600
The Scam,"Lingampally, West Hyderabad", West Hyderabad,Hyderabad,"North Indian,  Continental",4,88,1400
Mirch Masala,"Sumel Complex,Bodakdev, West Ahmedabad", West Ahmedabad,Ahmedabad,"North Indian,  Mughlai",4.4,88,1400
Demons Cafe & Lounge,"Malviya Nagar, South Jaipur", South Jaipur,Jaipur,"North Indian,  Chinese,  Fast Food",3.8,88,1200
Four Seasons,"South Tukoganj, East Indore", East Indore,Indore,"North Indian,  Chinese",4,88,1000
Echidna Restobrew,"Indore By Pass Road, East Indore", East Indore,Indore,"North Indian,  Mediterranean,  Barbecue,  Oriental ",3.6,88,2000
The Prizm,"Dwarka, West Delhi", West Delhi,Delhi,"North Indian,  Chinese",4.3,87,2000
Cafe Delhi Heights,"Vegas Mall,Dwarka, West Delhi", West Delhi,Delhi,"Modern Indian,  Italian,  Continental,  American",4.5,87,2000
Tanatan,"Vidya Bhavan,Dadar West, South Mumbai", South Mumbai,Mumbai,"North Indian,  Modern Indian,  Seafood",4.3,87,1800
Sudama,"Hotel Krishna Palace Residency,Grant Road, South Mumbai", South Mumbai,Mumbai,"Multi-Cuisine,  North Indian,  Chinese,  South Indian,  Oriental ,  Gujarati,  Fast Food",4.3,87,1500
Rue Du Liban,"Fort, South Mumbai", South Mumbai,Mumbai,"Lebanese,  Mediterranean",4.5,87,3000
Taco Bell,"Indiranagar, East Bangalore", East Bangalore,Bangalore,"Mexican,  Tex Mex",4.2,87,500
Pind,"Velachery, South West Chennai", South West Chennai,Chennai,"North Indian,  Chinese",4.2,87,800
Cayenne,"Mercure Hyderabad KCP,Banjara Hills, Central East Hyderabad", Central East Hyderabad,Hyderabad,"Multi-Cuisine,  North Indian,  Italian,  Continental,  South Indian,  Asian",3.9,87,2000
The Joint Bar & Cafe,"The Joint,Banjara Hills, Central East Hyderabad", Central East Hyderabad,Hyderabad,Drinks,4.2,87,700
Maryada Ramanna,"Kondapur, West Hyderabad", West Hyderabad,Hyderabad,"South Indian,  Biryani",4.3,87,800
Ala - The Rooftop,"Kompally, Secunderabad", Secunderabad,Hyderabad,North Indian,3.9,87,1600
Biggies Burger 'n' More,"SLN Terminus,Gachibowli, West Hyderabad", West Hyderabad,Hyderabad,"Fast Food,  Burger",4.2,87,600
Kasba,"Royal Orchid Golden Suites,Kalyani Nagar, East Pune", East Pune,Pune,"North Indian,  Chinese,  Continental",3.6,87,1300
Afterhours - Pub,"Baguiati, 24 Parganas North", 24 Parganas North,Kolkata,"North Indian,  Italian,  Continental",4.1,87,1600
Artisan,"Regenta Central Antarim,Navrangpura, West Ahmedabad", West Ahmedabad,Ahmedabad,"Multi-Cuisine,  North Indian,  Italian,  Chinese",3.9,87,1000
The Garden Cafe,"The Fern An Ecotel Hotel,Thaltej, West Ahmedabad", West Ahmedabad,Ahmedabad,"Multi-Cuisine,  North Indian,  Italian,  Continental,  Thai,  Mexican,  Seafood,  Mughlai",4,87,1200
Brown Sugar Grand,"C Scheme, Central Jaipur", Central Jaipur,Jaipur,"North Indian,  Italian,  Fast Food,  Drinks",4,87,900
Club Patio,"Hotel Dev Villas,Mansarovar, South Jaipur", South Jaipur,Jaipur,"North Indian,  Fast Food",4.6,87,1200
Tea Connect Cafe,"Malviya Nagar, South Jaipur", South Jaipur,Jaipur,"Chinese,  Fast Food,  Street Food,  Tea",4.2,87,400
Toss - Cafe And Restro,"Bajaj Nagar, West Nagpur", West Nagpur,Nagpur,"Chinese,  Fast Food,  Coffee,  Tea,  Shakes",4.2,87,800
Te Amo,"Ansal Plaza Mall,Khel Gaon, South Delhi", South Delhi,Delhi,"Multi-Cuisine,  Continental,  Mexican,  European,  South American",4.3,86,2200
PCO,"Vasant Vihar, South Delhi", South Delhi,Delhi,"Chinese,  Asian",4.3,86,2000
Big Wong XL,"Greater Kailash - 2, South Delhi", South Delhi,Delhi,"Chinese,  Thai,  Seafood,  Sushi",4.1,86,2000
Banana Leaf,"Malad West, North Western", North Western,Mumbai,"South Indian,  Street Food",4.6,86,1000
Ming Yang,"Taj Lands End Hotel,Bandra West, Bandra", Bandra,Mumbai,"Chinese,  Thai,  Seafood",4.5,86,4000
Empire Restaurant,"RT Nagar, North Bangalore", North Bangalore,Bangalore,"North Indian,  Kerala,  South Indian,  Seafood,  Biryani",4.2,86,700
The Pizza Bakery - Brew & Eatery,"Indiranagar, East Bangalore", East Bangalore,Bangalore,"Italian,  Pizza",4.5,86,1600
Convo@C17,"Thyagaraya Nagar, Central Chennai", Central Chennai,Chennai,"Asian,  Italian,  Continental,  Shakes",4.2,86,1000
Black Orchid,"R.A. Puram, Central Chennai", Central Chennai,Chennai,"Asian,  Sushi,  North Indian,  Seafood",4.6,86,2400
Kabul Darbar,"Yousuf Tekri Complex,Tolichowki, Central Hyderabad", Central Hyderabad,Hyderabad,"Afghani,  Biryani",4.2,86,900
Tollgate,"Tollgate,Jeedimetla, Secunderabad", Secunderabad,Hyderabad,"North Indian,  South Indian,  Chinese",4.1,86,800
Taco Bell,"L & T Metro Mall,Madhapur, West Hyderabad", West Hyderabad,Hyderabad,"Mexican,  Tex Mex",4.3,86,500
The Bhoj Company,"New Market, Central Kolkata", Central Kolkata,Kolkata,Bengali,3.9,86,600
Double Down,"Elgin Road, South Kolkata", South Kolkata,Kolkata,"North Indian,  Chinese",4.6,86,1300
Darao Pathik Bor,"Dumdum, 24 Parganas North", 24 Parganas North,Kolkata,"North Indian,  Chinese,  South Indian",4.3,86,800
Meraaki Kitchen,"Civil Lines, Central Jaipur", Central Jaipur,Jaipur,"Multi-Cuisine,  North Indian,  Italian,  Continental,  Mexican,  Asian",4.6,86,1800
Garden Grille & Bar,"Hilton Garden Inn Lucknow,Gomti Nagar, East Lucknow", East Lucknow,Lucknow,"North Indian,  Continental",4.1,86,2500
Anglow,"Khan Market, Central Delhi", Central Delhi,Delhi,"North Indian,  European,  Continental",4.3,85,2200
C.I.A. Call It Asiian,"Greater Kailash - 2, South Delhi", South Delhi,Delhi,"Asian,  Chinese,  Thai",4.6,85,900
Cafe Canteen,"Jail Road, West Delhi", West Delhi,Delhi,"Fast Food,  Oriental ,  Shakes",4.1,85,500
Go Pappe,"Janakpuri, West Delhi", West Delhi,Delhi,"North Indian,  Chinese,  Continental,  Oriental ",4.6,85,1200
Mocambo Cafe,"Fort, South Mumbai", South Mumbai,Mumbai,"Italian,  Continental,  Seafood",4.3,85,1600
Taco Bell,"Brookefield Mall,Brookefields, East Bangalore", East Bangalore,Bangalore,"Mexican,  Tex Mex",4.3,85,500
Super Munch,"Ashok Nagar, West Chennai", West Chennai,Chennai,"Fast Food,  Shakes",4.4,85,500
Pulusu,"Anna Nagar, North Chennai", North Chennai,Chennai,"South Indian,  Andhra",3.6,85,800
The Dining Room,"Park Hyatt Hotel,Banjara Hills, Central East Hyderabad", Central East Hyderabad,Hyderabad,"North Indian,  Continental",4.2,85,3000
Spice Garden,"Royal Reve Hotel,SD Road, Secunderabad", Secunderabad,Hyderabad,"North Indian,  Chinese,  Continental",4,85,700
Carpe Diem,"Jubilee Hills, Central West Hyderabad", Central West Hyderabad,Hyderabad,"Continental,  Finger Food",4.1,85,2700
Drunkyard,"Gachibowli, West Hyderabad", West Hyderabad,Hyderabad,"North Indian,  Chinese,  Italian,  Continental",4,85,1500
Teritree,"Hadapsar, East Pune", East Pune,Pune,"North Indian,  Chinese,  Continental",4,85,2000
The Qube,"The Leela Palace,Chanakyapuri, South Delhi", South Delhi,Delhi,"North Indian,  Italian,  Continental,  Asian",4.5,84,5000
Coastal Reef,"Baani Square,Sector 50, Gurgaon", Gurgaon,Gurgaon,"South Indian,  Andhra,  Kerala,  Seafood",4.3,84,1200
Navya,"M.I.D.C, Andheri East", Andheri East,Mumbai,"Multi-Cuisine,  North Indian,  Continental,  Seafood,  Oriental ",4.2,84,1500
Coffee By Di Bella,"Carlton Court,Bandra West, Bandra", Bandra,Mumbai,"Fast Food,  Coffee,  Tea,  Desserts,  Waffle",4.6,84,700
5th Avenue Cafe,"Koramangala, South Bangalore", South Bangalore,Bangalore,"Continental,  Italian,  Drinks",4.3,84,700
Zoey's,"Sarjapur Road, South Bangalore", South Bangalore,Bangalore,"Italian,  Continental,  Desserts,  Drinks",4.4,84,800
California Burrito,"Ascendas Park Square Mall,Whitefield, East Bangalore", East Bangalore,Bangalore,"Mexican,  Fast Food",4.4,84,500
Kurtosshhh,"Besant Nagar, South Chennai", South Chennai,Chennai,"Italian,  Fast Food,  Mexican",4.5,84,700
Kimling Chinese Cuisine & Bar,"Aundh, West Pune", West Pune,Pune,"Chinese,  Seafood",4.5,84,1500
Rajput Restaurant,"Koregaon Park, East Pune", East Pune,Pune,"North Indian,  Chinese",3.9,84,800
Terracotta,"Pramukh Arcade 2,Gandhinagar, North Ahmedabad", North Ahmedabad,Ahmedabad,"North Indian,  Chinese,  Continental,  Italian,  Mexican",4.4,84,1000
Satva Skybar,"Elante Mall,Industrial Area Phase 1, South Chandigarh", South Chandigarh,Chandigarh,"Finger Food,  North Indian,  Chinese",4.4,84,800
The Socialite,"Tonk Road, South Jaipur", South Jaipur,Jaipur,Finger Food,4,84,2000
Tan-Sukh,"Tonk Road, South Jaipur", South Jaipur,Jaipur,"Multi-Cuisine,  North Indian,  Italian,  Mexican,  Oriental ,  Rajasthani",4.4,84,1200
Rustic by OTH,"Malviya Nagar, South Jaipur", South Jaipur,Jaipur,"North Indian,  Continental,  Lebanese",4.5,84,1500
Rustic Haus,"Levana Cyber Heights,Gomti Nagar, East Lucknow", East Lucknow,Lucknow,"North Indian,  Italian,  Mexican",4.4,84,2100
Gola Sizzlers,"Preet Vihar, East Delhi", East Delhi,Delhi,"Sizzlers,  North Indian,  Chinese",4.2,83,1200
Biryani Blues,"Pacific Mall,Tagore Garden, West Delhi", West Delhi,Delhi,"Biryani,  Hyderabadi",3.9,83,700
Ka Eclairs & Kafe,"Sector 18, Noida", Noida,Noida,"Desserts,  Bakery and Confectionary,  Fast Food",4.3,83,800
Via Bombay,"Hotel Jewel of Chembur,Chembur, Central Suburbs", Central Suburbs,Mumbai,"North Indian,  Maharashtrian,  Chinese,  Parsi",4.3,83,1400
Yoko Sizzlers,"Malad West, North Western", North Western,Mumbai,"Fast Food,  Sizzlers,  Seafood",4.3,83,2400
Lucknowee Tunday Kebab,"Byculla, South Mumbai", South Mumbai,Mumbai,"North Indian,  Chinese,  Seafood,  Mughlai",4.2,83,800
Ithaca,"The Chancery Pavilion Hotel,Residency Road, Central Bangalore", Central Bangalore,Bangalore,"European,  North Indian,  Italian,  Continental,  Seafood",3.8,83,2000
Tipsy Bull - The Bar Exchange,"Koramangala, South Bangalore", South Bangalore,Bangalore,"Chinese,  Continental,  North Indian",4,83,1000
Parika Seafood,"Twin Tulips Hotel,HSR Layout, South Bangalore", South Bangalore,Bangalore,"South Indian,  Seafood,  Mangalorean,  North Indian,  Chinese",4.3,83,1400
Southern Chinese,"Anna Nagar, North Chennai", North Chennai,Chennai,"Chinese,  Seafood",4.2,83,800
Kovallam,"Navrangpura, West Ahmedabad", West Ahmedabad,Ahmedabad,South Indian,4.3,83,700
Agrawal's 420 Bites,"NM Tower,New Palasia, Central Indore", Central Indore,Indore,"Fast Food,  Bakery and Confectionary,  Desserts",4.4,83,400
India Junction,"South Tukoganj, East Indore", East Indore,Indore,"North Indian,  Chinese",3.9,83,1100
One Asia,"Indore Marriott Hotel,Vijay Nagar, East Indore", East Indore,Indore,"Asian,  Chinese,  Thai",4.6,83,2500
Talli Station,"Rajendra Bhawan,Rajendra Place, West Delhi", West Delhi,Delhi,"North Indian,  Chinese,  Fast Food",4.1,82,1500
Taco Bell,"Ambience Mall,Vasant Kunj, South Delhi", South Delhi,Delhi,"Mexican,  Tex Mex",4.4,82,500
Pintxo - Tapas Bar,"32nd Avenue,Sector 15, Gurgaon", Gurgaon,Gurgaon,"Spanish,  Italian",4.2,82,2500
The Orange Mint,"Satra Plaza,Vashi, Navi Mumbai", Navi Mumbai,Mumbai,"Continental,  Finger Food,  Italian,  Chinese",3.8,82,1600
Tavaa,"Saqib CHS,Bandra West, Bandra", Bandra,Mumbai,"Chinese,  Mughlai,  Seafood",3.8,82,800
Fogg Sheesha Lounge,"Koramangala, South Bangalore", South Bangalore,Bangalore,"Continental,  Chinese,  Drinks",4.1,82,1400
Infinitea,"Indiranagar, East Bangalore", East Bangalore,Bangalore,"Italian,  European,  Tea,  Desserts",4.5,82,1200
Ankapur Village Hotel,"Madhapur, West Hyderabad", West Hyderabad,Hyderabad,Hyderabadi,4,82,1100
Lil' Heaven Cafe,"Harmony Icon,Thaltej, West Ahmedabad", West Ahmedabad,Ahmedabad,"North Indian,  Italian,  Continental,  Chinese,  Mexican,  Fast Food",3.8,82,600
Taco Bell,"Sector 35, West Chandigarh", West Chandigarh,Chandigarh,"Mexican,  Tex Mex",4.4,82,500
Peddlers,"Hotel Heritage,Sector 35, West Chandigarh", West Chandigarh,Chandigarh,"Multi-Cuisine,  North Indian,  Italian,  Chinese,  Continental",3.9,82,2000
Sri Moturam Prasadam Original,"C Scheme, Central Jaipur", Central Jaipur,Jaipur,"North Indian,  Rajasthani,  South Indian",4.1,82,900
Vikrant Cafe,"Kamla Nagar, North Delhi", North Delhi,Delhi,"North Indian,  Fast Food,  Chinese,  South Indian",3.7,81,700
Urban Spatula,"Anna Nagar, North Chennai", North Chennai,Chennai,"North Indian,  Continental,  Asian,  Drinks",4.5,81,1100
The Reef,"Mahabalipuram, South Chennai", South Chennai,Chennai,"North Indian,  Continental,  South Indian",4.3,81,2500
Enchante Cafe And Confectionery,"Jubilee Hills, Central West Hyderabad", Central West Hyderabad,Hyderabad,"Desserts,  Bakery and Confectionary,  Italian",4.3,81,800
Namah,"Hotel Ambience Excellency,Wakad, West Pune", West Pune,Pune,"North Indian,  Chinese,  Continental",4.2,81,1500
Rocca,"Hyatt Regency Lucknow,Gomti Nagar, East Lucknow", East Lucknow,Lucknow,"North Indian,  Italian",4.5,81,2500
The Snook Hook Cafe,"Kailash Colony, South Delhi", South Delhi,Delhi,"North Indian,  Italian,  Fast Food",4,80,1200
RP's Restaurant,"Malviya Nagar, South Delhi", South Delhi,Delhi,"North Indian,  Chinese,  South Indian,  Mughlai",4.1,80,900
Bo Tai,"Mehrauli, South Delhi", South Delhi,Delhi,"Italian,  Thai",4.4,80,3000
Karim's,"Ashirwad Complex,Sector 104, Noida", Noida,Noida,"North Indian,  Mughlai",3.8,80,1000
Heritage - The Fine Dine,"Sector 15, Gurgaon", Gurgaon,Gurgaon,"North Indian,  Chinese",4.3,80,1500
Frozen Bottle,"Runwal Greens,Mulund West, Central Suburbs", Central Suburbs,Mumbai,"Desserts,  Shakes,  Ice Cream",4.5,80,500
Angrezi Dhaba,"Mahakali, Andheri East", Andheri East,Mumbai,"North Indian,  Chinese,  Asian,  Seafood,  Mughlai",4.1,80,1500
Something's Fishy,"The Regenza by Tunga,Vashi, Navi Mumbai", Navi Mumbai,Mumbai,"North Indian,  Chinese,  Seafood,  Malvani",4.5,80,2000
Frozen Bottle,"Viviana Mall,Thane West, Thane", Thane,Mumbai,"Desserts,  Shakes,  Ice Cream",4.4,80,500
California Burrito,"Mantri Square Mall,Malleshwaram, West Bangalore", West Bangalore,Bangalore,"Mexican,  Fast Food",4.3,80,500
Taiki,"Indiranagar, East Bangalore", East Bangalore,Bangalore,"Japanese,  Asian,  Thai,  Korean",4.5,80,1400
Beijing Bites,"Sarjapur Road, South Bangalore", South Bangalore,Bangalore,"Chinese,  Thai,  Seafood",4.4,80,700
California Burrito,"Inorbit Mall,Whitefield, East Bangalore", East Bangalore,Bangalore,"Mexican,  Fast Food",4.4,80,500
The Canteen By Asia House,"Southern Avenue, South Kolkata", South Kolkata,Kolkata,"Asian,  Chinese,  Thai,  Seafood",4,80,1000
The Wall,"Sarat Bose Road, South Kolkata", South Kolkata,Kolkata,"Asian,  Chinese,  Thai,  Japanese,  Seafood",4.2,80,1500
Sam's Pizza,"Vraj Avenue,Navrangpura, West Ahmedabad", West Ahmedabad,Ahmedabad,"Pizza,  Italian",4.2,80,600
Mirch Masala,"Sachet 4,Prahlad Nagar, West Ahmedabad", West Ahmedabad,Ahmedabad,"North Indian,  Mughlai",4.3,80,1400
Huber And Holly,"Bodakdev, West Ahmedabad", West Ahmedabad,Ahmedabad,"Desserts,  Ice Cream,  Fast Food",4.5,80,700
Agashiye,"The House Of Mg Hotel,Lal Darwaja, Central Ahmedabad", Central Ahmedabad,Ahmedabad,Gujarati,4.3,80,1900
Virgin Courtyard,"Sector 7, East Chandigarh", East Chandigarh,Chandigarh,Italian,4.3,80,2000
Xtreme Sports Bar & Grill,"Sector 22, Central Chandigarh", Central Chandigarh,Chandigarh,"Continental,  North Indian,  Chinese",4.1,80,1200
Amritsar House,"Malviya Nagar, South Jaipur", South Jaipur,Jaipur,"North Indian,  Chinese,  Fast Food",4.4,80,1600
The Turkey Project,"DDA Complex,Defence Colony, South Delhi", South Delhi,Delhi,"Italian,  American",4.8,79,1500
Beliram Degchiwala,"Corner Market,Malviya Nagar, South Delhi", South Delhi,Delhi,"North Indian,  Mughlai,  Chinese",4.2,79,1100
SXVIII,"Radisson Blu MBD Noida,Sector 18, Noida", Noida,Noida,"North Indian,  Italian,  Chinese,  Thai,  Mediterranean",4.2,79,4400
South of Vindhyas,"The Orchid Hotel,Vile Parle East, Andheri East", Andheri East,Mumbai,"South Indian,  Seafood,  Andhra,  Chettinad,  Mangalorean",4.2,79,3000
Tamarind,"Fariyas Hotel,Colaba, South Mumbai", South Mumbai,Mumbai,"South Indian,  North Indian,  Continental",4.3,79,2000
Andhra Ruchulu,"JP Nagar, South Bangalore", South Bangalore,Bangalore,"Andhra,  North Indian",4.2,79,800
Cholan Mess,"Kodambakkam, West Chennai", West Chennai,Chennai,"North Indian,  Chinese,  Chettinad",3.7,79,500
Yolkshire,"Millenium Plaza,F.C. Road, West Pune", West Pune,Pune,"Fast Food,  Italian,  Coffee",4.7,79,700
Squisito,"Kondhwa, South Pune", South Pune,Pune,"Italian,  Mexican",4.4,79,1600
Bistro Y,"Salt Lake, East Kolkata", East Kolkata,Kolkata,"North Indian,  Oriental ,  Italian,  Seafood",4.1,79,1000
The Yellow Turtle,"Ballygunge, South Kolkata", South Kolkata,Kolkata,"Asian,  Continental",4.7,79,1000
Raj Restaurant,"Hotel Homely Raj,Hazra, South Kolkata", South Kolkata,Kolkata,"South Indian,  Fast Food",4.4,79,500
Urban Khichdi,"Navrangpura, West Ahmedabad", West Ahmedabad,Ahmedabad,"Gujarati,  North Indian",4.4,79,700
Coffee Culture,"Maple Trade Center,Thaltej, West Ahmedabad", West Ahmedabad,Ahmedabad,"Desserts,  Italian,  Chinese,  Thai,  Mexican",4.4,79,300
The Smoke Factory,"Gaur City Mall,Gaur CIty 1, NCR Greater Noida", NCR Greater Noida,Noida,"Multi-Cuisine,  Italian,  Chinese,  Continental",4.1,78,2000
Poco Loco,"Khar West, Bandra", Bandra,Mumbai,"Continental,  Mexican,  Health Food",4.2,78,1900
LifeTree (Inspired Vegetarian Cuisine),"Richmond Town, Central Bangalore", Central Bangalore,Bangalore,"North Indian,  Chinese,  Continental,  South Indian",4.2,78,900
Caffe Pascucci,"JP Nagar, South Bangalore", South Bangalore,Bangalore,"Italian,  Continental,  Coffee",4.3,78,800
The Bistro @ Global Village,"Rajarajeshwari Nagar, West Bangalore", West Bangalore,Bangalore,"Multi-Cuisine,  North Indian,  Chinese,  South Indian,  Seafood",4.3,78,1000
Dot.Yum,"Aloft Hotel,Whitefield, East Bangalore", East Bangalore,Bangalore,"Multi-Cuisine,  North Indian,  Italian,  Continental",3.9,78,2000
MudBrick Kitchen and Bar,"Jubilee Hills, Central West Hyderabad", Central West Hyderabad,Hyderabad,"Continental,  European,  North Indian,  Italian",4.3,78,2500
Roll It Out,"Park Street, Central Kolkata", Central Kolkata,Kolkata,"Chinese,  Fast Food,  Shakes",4.1,78,300
Hashtag Live,"Rajarhat, 24 Parganas North", 24 Parganas North,Kolkata,"North Indian,  Chinese,  Italian",4.1,78,1000
Tephra Lounge Restaurant & Cafe,"Bodakdev, West Ahmedabad", West Ahmedabad,Ahmedabad,"Multi-Cuisine,  North Indian,  Italian,  Chinese,  Mexican",4,78,600
Jajarmaan,"Bodakdev, West Ahmedabad", West Ahmedabad,Ahmedabad,"Multi-Cuisine,  North Indian,  Italian,  Chinese,  Mexican,  Gujarati",4.2,78,900
Sagar Ratna,"Bagadiya Bhawan,C Scheme, Central Jaipur", Central Jaipur,Jaipur,"South Indian,  North Indian,  Chinese",3.7,78,600
Mad Pops,"Mansarovar, South Jaipur", South Jaipur,Jaipur,"North Indian,  Mexican,  Italian",4.5,78,1500
Cafe,"Hyatt Regency Delhi,Bhikaji Cama Place, South Delhi", South Delhi,Delhi,"North Indian,  Multi-Cuisine,  Indian Cuisine,  European",4.2,77,4000
Pind Balluchi,"Hotel TE,Greater Kailash - 1, South Delhi", South Delhi,Delhi,"North Indian,  Mughlai,  European,  Asian",3.9,77,2200
Cafe Rendezvous Suribachi,"Corner Market,Malviya Nagar, South Delhi", South Delhi,Delhi,"Multi-Cuisine,  North Indian,  Italian,  Continental,  Seafood,  Asian",3.8,77,1800
The Tandoori Village,"Sector 18, Noida", Noida,Noida,"North Indian,  Chinese,  Mughlai",4.3,77,2100
Fabcafe by Fabindia,"Vasant Kunj, South Delhi", South Delhi,Delhi,"Health Food,  Modern Indian,  North Indian,  Continental",4.7,77,1200
Powai Social,"MHADA Colony 20, Powai", Powai,Mumbai,"North Indian,  Continental,  Asian,  Multi-Cuisine,  Chinese,  Fast Food",4.2,77,1600
Banjara,"M.I.D.C, Andheri East", Andheri East,Mumbai,"North Indian,  Chinese,  Continental",4.3,77,2000
Gajalee,"Near Andheri West Station, Andheri West", Andheri West,Mumbai,"Seafood,  Malvani,  North Indian",4.5,77,1500
Shanmukha Restaurant,"Jayanagar, South Bangalore", South Bangalore,Bangalore,"Seafood,  Andhra,  North Indian,  Chinese,  Biryani",4.2,77,800
1522 - The Pub,"Rajarajeshwari Nagar, West Bangalore", West Bangalore,Bangalore,"North Indian,  Multi-Cuisine,  Chinese,  Continental,  Coastal",4.5,77,1400
Bazaar - All Day Diner,"Grand by GRT Hotels,Thyagaraya Nagar, Central Chennai", Central Chennai,Chennai,"Multi-Cuisine,  North Indian,  Continental,  South Indian,  Asian",4.3,77,2000
Flower Drum,"Thuraipakkam, South West Chennai", South West Chennai,Chennai,"Chinese,  Thai",4.3,77,1000
Fishland Restaurant,"Hotel Savera,Ameerpet, Central East Hyderabad", Central East Hyderabad,Hyderabad,"North Indian,  Chinese,  Seafood",4.1,77,700
FatCook,"Baner, West Pune", West Pune,Pune,"North Indian,  Italian,  Oriental ",4.4,77,800
Hongkong Bistro,"Gariahat, South Kolkata", South Kolkata,Kolkata,"Chinese,  Thai,  Seafood,  Oriental ",4.7,77,1000
Kabir Restaurant,"JB Tower,Drive in Road, West Ahmedabad", West Ahmedabad,Ahmedabad,"North Indian,  Chinese,  Continental,  Fast Food",4.5,77,800
Surya Mahal,"Mirza Ismail Road, West Jaipur", West Jaipur,Jaipur,"Multi-Cuisine,  North Indian,  Chinese,  South Indian,  Rajasthani",4.6,77,1000
Barista,"C Scheme, Central Jaipur", Central Jaipur,Jaipur,"Coffee,  North Indian,  Italian,  Continental,  Desserts",4.1,77,600
Mr.Cafe,"Vesu, South Surat", South Surat,Surat,"Multi-Cuisine,  Desserts,  Fast Food,  Coffee,  Tea,  Shakes",4.2,77,700
The Big House Cafe,"Satya Niketan, South Delhi", South Delhi,Delhi,"Multi-Cuisine,  North Indian,  Italian,  Chinese,  Continental",3.6,76,700
Frozen Bottle,"R City Mall,Ghatkopar West, Central Suburbs", Central Suburbs,Mumbai,"Desserts,  Shakes,  Ice Cream",4.4,76,500
Shaollin Temple,"CBD-Belapur, Navi Mumbai", Navi Mumbai,Mumbai,"Chinese,  Thai",4.5,76,1500
Fish & Fries,"HSR Layout, South Bangalore", South Bangalore,Bangalore,"Continental,  Mediterranean,  Seafood",4.2,76,800
Empire Restaurant,"Bellandur, South Bangalore", South Bangalore,Bangalore,"North Indian,  Kerala,  South Indian,  Seafood,  Biryani",3.6,76,700
Mearth Cafe,"R.A. Puram, Central Chennai", Central Chennai,Chennai,"Italian,  Continental,  Mexican",4.4,76,800
Chettiyar Veedu,"Egmore, North Chennai", North Chennai,Chennai,"South Indian,  Chettinad",4.1,76,600
Savoury Sea Shell,"Velachery, South West Chennai", South West Chennai,Chennai,"North Indian,  Chinese,  Arabian,  Seafood,  Drinks",4.3,76,1000
Onesta,"Tech Pump Towers,Semmencherry, South West Chennai", South West Chennai,Chennai,"Italian,  Pizza,  Desserts",4.2,76,700
Reshmi's Classic Restaurant,"SD Road, Secunderabad", Secunderabad,Hyderabad,"North Indian,  Seafood",4,76,800
Fusion 9,"Jubilee Hills, Central West Hyderabad", Central West Hyderabad,Hyderabad,"Fusion,  Italian,  Continental,  Asian",4.4,76,3000
NorFest - The Dhaba,"Apnaa Nukkad Drive In,Dilsukh Nagar, East Hyderabad", East Hyderabad,Hyderabad,North Indian,3.7,76,1000
Global Punjab,"Destination Centre1,Sinhagad Road, South Pune", South Pune,Pune,"North Indian,  Chinese,  Mughlai",4.3,76,1200
Pind Punjab,"Gera Park View,Kharadi, East Pune", East Pune,Pune,"North Indian,  Chinese",4.1,76,900
Arhaam Rasoi,"Hotel Crestwood,Park Circus, South Kolkata", South Kolkata,Kolkata,"Chinese,  Mughlai,  Bengali,  Indian Cuisine",3.5,76,600
Gormoh,"Rudra Square Complex,Bodakdev, West Ahmedabad", West Ahmedabad,Ahmedabad,"Multi-Cuisine,  North Indian,  Italian,  Continental,  Oriental ",4.3,76,1200
Mad Over Grills,"Town Plaza,Nikol, East Ahmedabad", East Ahmedabad,Ahmedabad,North Indian,4.5,76,800
Bisaat,"Sector 5, Panchkula", Panchkula,Chandigarh,"North Indian,  Mughlai",4.4,76,900
Tan-Sukh,"C Scheme, Central Jaipur", Central Jaipur,Jaipur,"Multi-Cuisine,  North Indian,  Italian,  Mexican,  Oriental ,  Rajasthani",4.3,76,1200
Kebabs and Curries Company,"Tonk Road, South Jaipur", South Jaipur,Jaipur,"North Indian,  Chinese,  Mughlai",4.5,76,1000
Enrise By Sayaji,"Rau, South Indore", South Indore,Indore,"North Indian,  Italian,  Chinese",4.1,76,1000
Chandani Chowk,"Piplod, South Surat", South Surat,Surat,"Street Food,  Fast Food,  North Indian",3.9,76,500
The Host,"F-Block,Connaught Place, Central Delhi", Central Delhi,Delhi,"North Indian,  Chinese,  Seafood,  Mughlai,  Oriental ",4.2,75,2500
Govardhan Vegetarian,"Kamla Nagar, North Delhi", North Delhi,Delhi,"North Indian,  Chinese,  South Indian",3.7,75,1000
Bar Tales,"Runwal Greens,Mulund West, Central Suburbs", Central Suburbs,Mumbai,"Italian,  Continental",4.1,75,1500
Atrangii House Sky Lounge,"Sanpada, Navi Mumbai", Navi Mumbai,Mumbai,"North Indian,  Chinese",4.6,75,2000
1441 Pizzeria,"Ashar Tiara Complex,Thane West, Thane", Thane,Mumbai,"Pizza,  Italian",4.5,75,1200
Honey Chillies,"CBD-Belapur, Navi Mumbai", Navi Mumbai,Mumbai,"Chinese,  Thai",4.5,75,1000
Sizzling China,"Lower Parel, South Mumbai", South Mumbai,Mumbai,"Chinese,  Seafood",4.3,75,1200
Prasad Food Divine,"Kalyan East, Dombivali", Dombivali,Mumbai,"North Indian,  Chinese,  Continental",4.4,75,800
Empire Restaurant,"Hotel Empire International,Koramangala, South Bangalore", South Bangalore,Bangalore,"North Indian,  Kerala,  South Indian,  Seafood,  Biryani",3.5,75,700
Dindigul Thalappakatti,"Salarpuria Palladium,Indiranagar, East Bangalore", East Bangalore,Bangalore,"South Indian,  Biryani,  North Indian,  Chinese",4.4,75,800
Geometry Gastropub,"Malleshwaram, West Bangalore", West Bangalore,Bangalore,"North Indian,  Seafood,  Finger Food,  Continental,  Andhra,  Fast Food",4.2,75,1500
Tangerine - Davanam Sarovar Portico Suites,"Davanam Sarovar Portico Suites,Koramangala, South Bangalore", South Bangalore,Bangalore,"Multi-Cuisine,  North Indian,  Italian,  Asian",3.7,75,2000
Empire Restaurant,"JP Nagar, South Bangalore", South Bangalore,Bangalore,"North Indian,  Kerala,  South Indian,  Seafood,  Biryani",3.9,75,700
NEST,"Howard Johnson Bengaluru,Nagawara, North Bangalore", North Bangalore,Bangalore,"American,  North Indian,  Continental",3.9,75,1800
La Chocolate,"Egmore, North Chennai", North Chennai,Chennai,"Desserts,  Bakery and Confectionary",4.3,75,700
Orange Wok,"The Marina Mall,Egattur, South West Chennai", South West Chennai,Chennai,"Asian,  Chinese,  Thai,  Seafood,  Malaysian",4.2,75,1000
The Board Game Cafe,"Himayath Nagar, Central Hyderabad", Central Hyderabad,Hyderabad,"Fast Food,  Chinese,  Continental",4.2,75,900
Casbah,"The Westin Hyderabad Mindspace,Hitech City, West Hyderabad", West Hyderabad,Hyderabad,Mediterranean,4,75,3000
The Steak Factory,"Sarat Bose Road, South Kolkata", South Kolkata,Kolkata,"Continental,  Italian",4.1,75,1000
Sphere Lounge,"Ramada Hotel,Prahlad Nagar, West Ahmedabad", West Ahmedabad,Ahmedabad,"Continental,  Italian,  Fast Food",4.4,75,1000
Fat Lulu's,"C Scheme, Central Jaipur", Central Jaipur,Jaipur,"Italian,  American,  Lebanese",4,75,1400
The Marvel's Cafe,"Rajendra Nagar, South Indore", South Indore,Indore,Fast Food,4.2,75,500
Jugmug Thela,"Champa Gali,Saket, South Delhi", South Delhi,Delhi,"Coffee,  Italian,  Fast Food,  Tea",4.1,74,1200
Citrus,"Sahar Airport Road, Andheri East", Andheri East,Mumbai,"Multi-Cuisine,  North Indian,  Italian,  Continental,  Japanese,  Asian,  Sushi",4.3,74,4000
The Sahib Room & Kipling Bar,"The St. Regis Mumbai,Lower Parel, South Mumbai", South Mumbai,Mumbai,"North Indian,  Mughlai",4.5,74,4000
Gold Coin Restaurant,"Vasai West, North Western", North Western,Mumbai,"North Indian,  Chinese",4.5,74,1000
Connie's Steakhouse & Wine Bar,"Kammanahalli, North Bangalore", North Bangalore,Bangalore,"Continental,  American,  Seafood",4.3,74,1000
Tingling Spice,"The Fern Residency,Yeshwantpur, North Bangalore", North Bangalore,Bangalore,"North Indian,  Chinese",4.3,74,1000
Grill 9,"Karkhana, Secunderabad", Secunderabad,Hyderabad,"Arabian,  North Indian,  Chinese,  Biryani",3.7,74,400
Punjab Bistro,"Inorbit Mall,Madhapur, West Hyderabad", West Hyderabad,Hyderabad,"North Indian,  Mughlai",4.2,74,1500
Mystic Masala - Blue Diamond,"Vivanta By Taj - Blue Diamond,Koregaon Park, East Pune", East Pune,Pune,"Maharashtrian,  North Indian,  Mughlai",4.6,74,2500
Huber And Holly,"Navrangpura, West Ahmedabad", West Ahmedabad,Ahmedabad,"Desserts,  Ice Cream,  Fast Food",4.4,74,700
Barbeque Nation,"City Emporium Mall,Industrial Area Phase 1, South Chandigarh", South Chandigarh,Chandigarh,"Barbecue,  North Indian,  Chinese",4.3,74,1500
OUT - Once Upon A Terrace,"Elements Mall,Ajmer Road, West Jaipur", West Jaipur,Jaipur,"North Indian,  Italian,  Continental",4.1,74,1000
Brothers The Dining Restro,"Rajendra Nagar, South Indore", South Indore,Indore,North Indian,3.3,74,600
Chateau de Pondichery,"Adchini, South Delhi", South Delhi,Delhi,"Mediterranean,  French,  Chettinad",4.4,73,2000
Shibuya Food & Bar,"Greater Kailash - 2, South Delhi", South Delhi,Delhi,"Asian,  Chinese,  Thai,  Japanese",4.5,73,1800
RYU BAR,"32nd Avenue,Sector 15, Gurgaon", Gurgaon,Gurgaon,"Chinese,  Thai,  Asian,  Finger Food,  Desserts",4,73,2000
Mosaic,"Crowne Plaza Greater Noida,Surajpur, NCR Greater Noida", NCR Greater Noida,Noida,"Continental,  North Indian",4.3,73,3000
Roti Republiic,"Crescent Royale,Near Andheri West Station, Andheri West", Andheri West,Mumbai,"Multi-Cuisine,  North Indian,  Maharashtrian,  Gujarati,  Bengali,  Health Food,  Assamese",4.6,73,800
Aromas Cafe,"Viviana Mall,Thane West, Thane", Thane,Mumbai,"Italian,  Fast Food,  Desserts,  Coffee,  Tea",4.4,73,1000
Sizzling China,"Meherzin Building,Colaba, South Mumbai", South Mumbai,Mumbai,"Chinese,  Seafood",4.4,73,1200
Barley & Grapes Cafe,"Phoenix Marketcity,Whitefield, East Bangalore", East Bangalore,Bangalore,"American,  Italian,  Continental",4.3,73,800
Onesta,"Brookefields, East Bangalore", East Bangalore,Bangalore,"Italian,  Pizza,  Desserts,  Fast Food",4.5,73,700
Sandy's Chocolate Laboratory,"Nungambakkam, Central Chennai", Central Chennai,Chennai,"Continental,  European,  Desserts",4.5,73,1200
Ohri's - Out Swinger,"Hotel Baseraa,SD Road, Secunderabad", Secunderabad,Hyderabad,"Finger Food,  North Indian,  Chinese",3.8,73,1600
Zega,"Sheraton Hyderabad Hotel,Gachibowli, West Hyderabad", West Hyderabad,Hyderabad,"Asian,  Sushi",4.6,73,2400
Amour,"Chowringhee, Central Kolkata", Central Kolkata,Kolkata,"North Indian,  Chinese,  Continental,  Seafood,  Finger Food,  Desserts",4.2,73,1000
The Shaka Cafe,"Pushpak Complex,Prahlad Nagar, West Ahmedabad", West Ahmedabad,Ahmedabad,"Chinese,  Continental,  Italian,  Japanese,  Asian",4.5,73,700
Thyme,"The Umrao,Samalkha, South Delhi", South Delhi,Delhi,"Multi-Cuisine,  North Indian,  Chinese,  Continental,  Oriental ",4.2,72,3000
Chaayos,"DLF Galleria Market,DLF Phase - 4, Gurgaon", Gurgaon,Gurgaon,"Street Food,  Tea,  Fast Food",4.4,72,500
Tunak Tunak Tunn,"Mulund West, Central Suburbs", Central Suburbs,Mumbai,North Indian,4.3,72,1100
Mondo,"Omkareshwar Building,Dahisar West, North Western", North Western,Mumbai,"European,  Indian Cuisine",4,72,1300
Dindigul Thalappakatti,"Ramanashree Arcade,MG Road, Central Bangalore", Central Bangalore,Bangalore,"South Indian,  Biryani,  North Indian,  Chinese",4.5,72,800
Zozoz Pizzeria,"Jubilee Hills, Central West Hyderabad", Central West Hyderabad,Hyderabad,"Italian,  Pizza",4.2,72,800
Spudato,"Gachibowli, West Hyderabad", West Hyderabad,Hyderabad,"North Indian,  Chinese,  Continental",3.9,72,1200
Eagles Pizza,"Miyapur, West Hyderabad", West Hyderabad,Hyderabad,"Pizza,  Italian,  Ice Cream,  Fast Food",4.1,72,600
Kasturi Restaurant,"Barrackpore, 24 Parganas North", 24 Parganas North,Kolkata,"Bengali,  Seafood",4.2,72,700
Tomato's,"Mardia Plaza,Ellis Bridge, Central Ahmedabad", Central Ahmedabad,Ahmedabad,"North Indian,  Chinese,  Continental,  Asian,  Pizza",4.5,72,1200
The Pancake Story,"Akshat Complex,Bodakdev, West Ahmedabad", West Ahmedabad,Ahmedabad,"Desserts,  Coffee,  Shakes,  Waffle",4.2,72,500
Sankalp,"Empire Hub,Ghodasar, East Ahmedabad", East Ahmedabad,Ahmedabad,South Indian,4.2,72,500
Barbeque Nation,"Ashok Cosmos Mall,Sanjay Place, Central Agra", Central Agra,Agra,North Indian,4.2,72,1100
Social affair,"Vadiwadi, Central Vadodara", Central Vadodara,Vadodara,"North Indian,  Fast Food",4.6,72,800
Desi Thaat,"Raj Nagar, Ghaziabad", Ghaziabad,Ghaziabad,"North Indian,  Chinese,  Continental,  Desserts,  Fast Food",4.3,71,1200
Cottage Grill,"Dadar West, South Mumbai", South Mumbai,Mumbai,"North Indian,  Chinese,  Mughlai",4.3,71,1200
Sana-Di-Ge,"Goldfinch Hotel,High Grounds, Central Bangalore", Central Bangalore,Bangalore,"Multi-Cuisine,  Seafood,  Maharashtrian,  Goan,  Kerala,  Mangalorean",3.8,71,1500
Empire Restaurant,"Bannerghatta Road, South Bangalore", South Bangalore,Bangalore,"North Indian,  Kerala,  South Indian,  Seafood,  Biryani",3.2,71,700
Stikstof Ice-cream Cafe,"Madhapur, West Hyderabad", West Hyderabad,Hyderabad,"Desserts,  Ice Cream,  Tea",3.9,71,500
Kazuza,"Habsiguda, East Hyderabad", East Hyderabad,Hyderabad,"Fast Food,  Coffee,  Shakes",3.4,71,1000
Beetroot Bistro,"Koregaon Park, East Pune", East Pune,Pune,"Continental,  Italian,  European,  Pizza",4.7,71,1200
Nini's Kitchen,"Venus Atlantis Business Park,Prahlad Nagar, West Ahmedabad", West Ahmedabad,Ahmedabad,"North Indian,  Italian,  Continental,  Lebanese,  Shakes",4.4,71,1400
FoodInn Restaurant,"Lal Darwaja, Central Ahmedabad", Central Ahmedabad,Ahmedabad,"North Indian,  Chinese,  Seafood,  Biryani",4.1,71,800
35 Brewhouse,"JW Marriott Hotel,Sector 35, West Chandigarh", West Chandigarh,Chandigarh,"Continental,  Finger Food",4.4,71,2200
Fiery Grills,"D Mall,Netaji Subhash Place, North Delhi", North Delhi,Delhi,"North Indian,  Barbecue,  Chinese",3.9,70,2000
Tatva,"Country Inn and Suites By Radisson-Sahibabad,Sahibabad, Ghaziabad", Ghaziabad,Ghaziabad,"North Indian,  Chinese",4.5,70,2500
Delhi Barbeque,"Taurus Sarovar Portico,Mahipalpur, South Delhi", South Delhi,Delhi,"North Indian,  Barbecue",3.7,70,1500
Cayenne - The House of Spice,"Sector 63, Noida", Noida,Noida,"North Indian,  Oriental ",4.3,70,1700
Zenmai,"Santacruz West, Bandra", Bandra,Mumbai,"Chinese,  Japanese,  Asian",4.4,70,2500
Shikara,"Hotel Highway View,Sanpada, Navi Mumbai", Navi Mumbai,Mumbai,"North Indian,  Chinese,  Seafood,  Mughlai",4.2,70,1800
Onesta,"Kammanahalli, North Bangalore", North Bangalore,Bangalore,"Italian,  Fast Food,  Pizza",4.4,70,700
BYLI - Bet You Love It,"HRBR Layout, East Bangalore", East Bangalore,Bangalore,Continental,4.2,70,500
Jewel Of Nizam,"The Golkonda Hotel,Masab Tank, Central East Hyderabad", Central East Hyderabad,Hyderabad,"Mughlai,  Hyderabadi",4.1,70,2600
Bidri,"Hyderabad Marriott Hotel and Convention Centre,Tank Bund, Central Hyderabad", Central Hyderabad,Hyderabad,"Andhra,  Hyderabadi,  Kashmiri,  Lucknowi",4.5,70,3000
Aura,"Jubilee Hills, Central West Hyderabad", Central West Hyderabad,Hyderabad,"Continental,  Italian,  American",4.3,70,1500
Eagles Pizza,"Habsiguda, East Hyderabad", East Hyderabad,Hyderabad,"Pizza,  Italian,  Ice Cream,  Fast Food",4,70,600
1441 Pizzeria,"Koregaon Park, East Pune", East Pune,Pune,"Pizza,  North Indian,  Italian,  Fast Food,  Biryani",4.1,70,1000
Lotus Court Restobar,"Pimpri, West Pune", West Pune,Pune,"Multi-Cuisine,  North Indian,  Chinese,  Continental,  Seafood",3.9,70,1500
Hoppipola,"Infinity Benchmark,Salt Lake, East Kolkata", East Kolkata,Kolkata,"Continental,  Italian,  American",4.6,70,1800
House Of Garden,"Sector 82, Mohali", Mohali,Chandigarh,Multi-Cuisine,4.6,70,1200
Restro NH 11,"Mansarovar, South Jaipur", South Jaipur,Jaipur,"Multi-Cuisine,  North Indian,  Italian,  Chinese,  Fast Food",3.9,70,800
Tiffany Blues,"Pride Hotel,Indore By Pass Road, East Indore", East Indore,Indore,"North Indian,  Continental,  Fast Food",4.4,70,1200
Meeting Point,"Hotel Centre Point,Ramdaspeth, West Nagpur", West Nagpur,Nagpur,"North Indian,  Chinese,  Oriental ",4.4,70,1300
Bo-Tai Switch,"Shangri La's Eros Hotel,Janpath, Central Delhi", Central Delhi,Delhi,"Italian,  Thai",4.1,69,1200
Wok in the Clouds,"Connaught Place, Central Delhi", Central Delhi,Delhi,"Chinese,  Thai,  Asian,  North Indian,  Continental",4.4,69,2200
Fabcafe by Fabindia,"Lajpat Nagar - 3, South Delhi", South Delhi,Delhi,"Health Food,  Modern Indian,  North Indian,  Continental",4.4,69,1200
Mad Over Donuts,"Pacific Mall,Tagore Garden, West Delhi", West Delhi,Delhi,"Desserts,  Doughnuts",4.3,69,400
The Terrace Restro-Lounge,"Shopprix Mall,Vaishali, Ghaziabad", Ghaziabad,Ghaziabad,"North Indian,  Chinese",4.2,69,1500
Routine Affaire,"MG Road, Gurgaon", Gurgaon,Gurgaon,"Continental,  Mexican,  Italian,  American",4.1,69,1800
Aatithyam,"Sector 104, Noida", Noida,Noida,"South Indian,  North Indian",3.9,69,500
1441 Pizzeria,"Vile Parle East, Andheri East", Andheri East,Mumbai,"Pizza,  Italian",4.4,69,1200
Chin Chin Chu,"Navratan Apartment,Juhu, Andheri West", Andheri West,Mumbai,"Multi-Cuisine,  Chinese,  Thai,  Japanese,  Seafood,  Asian,  Health Food,  Cantonese",4.6,69,2500
The Daily All Day,"Suburbia Mall,Bandra West, Bandra", Bandra,Mumbai,"Multi-Cuisine,  Italian,  Continental,  Mediterranean,  European,  Asian",4.5,69,2000
Gigil Brasserie,"Bhattad Towers,Borivali West, North Western", North Western,Mumbai,"Italian,  Fast Food,  Desserts",4.3,69,1000
Foo Town,"Nagin Mahal,Churchgate, South Mumbai", South Mumbai,Mumbai,"Asian,  Chinese,  Japanese,  Sushi",4.7,69,2000
Vasai Republic,"Vasai West, North Western", North Western,Mumbai,"North Indian,  Oriental ,  Fast Food",4.1,69,1200
7 Rivers Brewing Co.,"TAJ MG Road Bengaluru,MG Road, Central Bangalore", Central Bangalore,Bangalore,"Continental,  Finger Food",4.5,69,2000
Le Rock,"Swadeshi Towers,Brigade Road, Central Bangalore", Central Bangalore,Bangalore,"Chinese,  Finger Food,  Continental",4.1,69,1800
Biryanis And More,"BK Towers,Hitech City, West Hyderabad", West Hyderabad,Hyderabad,"North Indian,  Chinese,  Biryani",3.8,69,600
Coriander Kitchen,"Conrad Pune,Koregaon Park, East Pune", East Pune,Pune,"Multi-Cuisine,  North Indian,  Chinese,  Mediterranean,  Asian",4.7,69,4000
11 To 11 Tastebusterzz,"Diamond Plaza Mall,Jessore Road, 24 Parganas North", 24 Parganas North,Kolkata,"North Indian,  Italian,  Chinese,  Continental",3.9,69,1200
Soulmate,"Navrangpura, West Ahmedabad", West Ahmedabad,Ahmedabad,"Multi-Cuisine,  North Indian,  Italian,  Oriental ",4.6,69,2100
Dravida,"The Fern An Ecotel Hotel,Thaltej, West Ahmedabad", West Ahmedabad,Ahmedabad,"South Indian,  Seafood",4.3,69,1500
Chaayos,"Connaught Place, Central Delhi", Central Delhi,Delhi,"Street Food,  Tea,  Fast Food",4.2,68,500
Govardhan Vegetarian,"Adchini, South Delhi", South Delhi,Delhi,"North Indian,  Chinese,  South Indian",4.1,68,900
The Veggie Bites,"Pitampura, North Delhi", North Delhi,Delhi,"North Indian,  Chinese",4.2,68,900
Anjappar Chettinad,"Marathahalli, East Bangalore", East Bangalore,Bangalore,"South Indian,  Chettinad,  Chinese,  Seafood",4.2,68,700
Rocket Fuel Cafe,"Somajiguda, Central East Hyderabad", Central East Hyderabad,Hyderabad,Fast Food,4.2,68,800
T3m.Sky.Gallery,"Kothrud, West Pune", West Pune,Pune,"North Indian,  Finger Food,  Chinese,  Continental",4.3,68,1500
Waldorf,"Park Street, Central Kolkata", Central Kolkata,Kolkata,Chinese,3.9,68,1000
Chowman,"Garia, South Kolkata", South Kolkata,Kolkata,"Asian,  Chinese,  Thai,  Seafood,  Oriental ",4.3,68,900
Biryani By Kilo,"Vaishali Nagar, West Jaipur", West Jaipur,Jaipur,"Mughlai,  Hyderabadi,  Biryani",4.4,68,1100
Barbeque Nation,"Riverside Mall,Gomti Nagar, East Lucknow", East Lucknow,Lucknow,"North Indian,  Mughlai,  Barbecue",4.2,68,1500
Robo 2.0,"Eternity Mall,Sitabuldi, Central Nagpur", Central Nagpur,Nagpur,"North Indian,  Chinese",4.4,68,1100
La Piazza,"Hyatt Regency Delhi,Bhikaji Cama Place, South Delhi", South Delhi,Delhi,"Italian,  Pizza",4.5,67,4500
Kabila Cafe,"Satya Niketan, South Delhi", South Delhi,Delhi,"Fast Food,  North Indian,  Italian,  Chinese,  Shakes",3.7,67,1000
Flavors Of Chennai,"Corner Market,Malviya Nagar, South Delhi", South Delhi,Delhi,South Indian,4.3,67,500
Artusi Ristorante in Piazza Horizon,"Two Horizon Center,Golf Course Road, Gurgaon", Gurgaon,Gurgaon,"Italian,  Seafood",4.6,67,3000
Sorriso Brasserie and Bar,"Mulund West, Central Suburbs", Central Suburbs,Mumbai,"Multi-Cuisine,  North Indian,  Italian,  Continental,  Mughlai,  Oriental ",4.1,67,1400
The Burger Pit,"Saffron Building,Borivali West, North Western", North Western,Mumbai,American,4.5,67,800
Tiamo,"Conrad Hotel,Ulsoor, Central Bangalore", Central Bangalore,Bangalore,Mediterranean,4.6,67,3000
Elements Eatery,"Jayamahal Road, East Bangalore", East Bangalore,Bangalore,"Continental,  Italian",4.2,67,1100
Beijing Bites,"New BEL Road, North Bangalore", North Bangalore,Bangalore,"Chinese,  Thai,  Seafood",4.2,67,700
Paakashala,"Rajarajeshwari Nagar, West Bangalore", West Bangalore,Bangalore,"North Indian,  South Indian,  Chinese,  Drinks",4.2,67,600
Delhi Highway,"Egmore, North Chennai", North Chennai,Chennai,North Indian,4.3,67,500
Firewater Restaurant and Banquets,"Miyapur, West Hyderabad", West Hyderabad,Hyderabad,"North Indian,  Chinese,  Hyderabadi",4.3,67,1500
Pind Punjab,"Viman Nagar, East Pune", East Pune,Pune,"North Indian,  Chinese,  Mughlai",4.3,67,700
Flyers Multicuisine Restaurant,"Ultadanga, North Kolkata", North Kolkata,Kolkata,"Continental,  Middle Eastern",4.2,67,800
The Accord,"Park Street, Central Kolkata", Central Kolkata,Kolkata,"North Indian,  Chinese",4.2,67,700
Saffron,"Samudra Complex,Navrangpura, West Ahmedabad", West Ahmedabad,Ahmedabad,"North Indian,  Barbecue",4.2,67,800
Cafe Upper Crust,"Aarohi Complex,Navrangpura, West Ahmedabad", West Ahmedabad,Ahmedabad,"Italian,  European,  Multi-Cuisine,  North Indian",4.4,67,1000
Pepper Fusion,"Thaltej, West Ahmedabad", West Ahmedabad,Ahmedabad,"North Indian,  Chinese,  Continental,  Italian,  Mexican",4.3,67,1000
The Chocolate Room,"Super Mall 2,Gandhinagar, North Ahmedabad", North Ahmedabad,Ahmedabad,"Desserts,  Coffee,  Ice Cream,  Fast Food,  Shakes",3.7,67,500
Grok,"Hyatt Centric Candolim Goa,Candolim, North Goa", North Goa,Goa,"Goan,  Modern Indian",4.2,67,1500
Elev8 Book Cafe,"Hotel Levana Suites,Hazratganj, Central Lucknow", Central Lucknow,Lucknow,Finger Food,4,67,1800
Bukhara House,"Khurram Nagar, North Lucknow", North Lucknow,Lucknow,"North Indian,  Mughlai",4.3,67,900
Kabeer,"Madhumilan Square,RNT Marg, East Indore", East Indore,Indore,"North Indian,  Mughlai",3.4,67,900
The Secret Table,"The Royal Garha Golf Club,Indore By Pass Road, East Indore", East Indore,Indore,"Italian,  Continental,  Desserts,  Bakery and Confectionary",4.7,67,1100
Crave In.,"E Space Complex,Vesu, South Surat", South Surat,Surat,"North Indian,  Fast Food,  Chinese",3.8,67,700
Chaayos,"M-Block,Connaught Place, Central Delhi", Central Delhi,Delhi,"Street Food,  Tea,  Fast Food",4.3,66,500
Kake Da Hotel,"Jail Road, West Delhi", West Delhi,Delhi,"North Indian,  Mughlai",4.3,66,1000
Mahesh Lunch Home,"Sakinaka, Andheri East", Andheri East,Mumbai,"Multi-Cuisine,  Continental,  South Indian,  Seafood,  Coastal,  Indian Cuisine",4.3,66,1800
The Bagel Shop,"Anand Villa,Bandra West, Bandra", Bandra,Mumbai,"Fast Food,  Continental,  American",4.4,66,1000
Faham Restaurant & Lounge,"Sadguru Sadan,Masjid Bunder, South Mumbai", South Mumbai,Mumbai,"North Indian,  Chinese,  Mughlai,  Seafood",4.4,66,1200
Badmaash,"UB City,Vittal Mallya Road, Central Bangalore", Central Bangalore,Bangalore,"North Indian,  Mughlai,  Awadhi",4.4,66,1500
Beijing Bites,"CV Raman Nagar, East Bangalore", East Bangalore,Bangalore,"Chinese,  Thai,  Seafood",4.2,66,700
Biryanis And More,"Ameerpet, Central East Hyderabad", Central East Hyderabad,Hyderabad,"North Indian,  Chinese,  Biryani",4.2,66,1000
Coffee Times,"Hotel Daspalla,Jubilee Hills, Central West Hyderabad", Central West Hyderabad,Hyderabad,"Multi-Cuisine,  North Indian,  Chinese,  Continental,  South Indian,  Coffee",4.1,66,800
Sky Lounge,"My Place,L B Nagar, East Hyderabad", East Hyderabad,Hyderabad,"North Indian,  Chinese",4.2,66,1500
Cafe Peter,"Aundh, West Pune", West Pune,Pune,"Italian,  Japanese,  Korean,  Desserts,  Coffee,  Waffle",4,66,900
The Daily All Day Pune,"Koregaon Park, East Pune", East Pune,Pune,"Multi-Cuisine,  Italian,  Continental,  European",4.5,66,2000
Signature Fine Dining Restaurant & Bar,"Turning Point,Viman Nagar, East Pune", East Pune,Pune,"North Indian,  Chinese,  Seafood,  Mughlai,  Malvani",4.6,66,1700
Swiss Bakes,"Wanowrie, South Pune", South Pune,Pune,"Bakery and Confectionary,  Desserts,  Fast Food",4.2,66,400
Hotel Swagath,"Hazra, South Kolkata", South Kolkata,Kolkata,"Multi-Cuisine,  North Indian,  Chinese,  Continental,  South Indian",4.1,66,600
Chowman,"Behala, South Kolkata", South Kolkata,Kolkata,"Asian,  Chinese,  Thai,  Seafood,  Oriental ",4.2,66,900
Chill Baby,"Vijay Nagar, East Indore", East Indore,Indore,"Fast Food,  Chinese,  Coffee,  Shakes",4.3,66,500
Bougainvillea,"Hotel Centre Point,Ramdaspeth, West Nagpur", West Nagpur,Nagpur,"Italian,  Continental,  North Indian,  Chinese",4.6,66,1500
The Immigrant Cafe,"Connaught Place, Central Delhi", Central Delhi,Delhi,"North Indian,  Italian,  Continental",4,65,2100
The Piano Man,"32nd Avenue,Sector 15, Gurgaon", Gurgaon,Gurgaon,"European,  Asian",3.9,65,1500
Khao Piyo,"Khar West, Bandra", Bandra,Mumbai,"Italian,  Continental,  North Indian",4.3,65,1200
Lalit Fine Dine,"Topiwala Building,Goregaon West, North Western", North Western,Mumbai,"North Indian,  Mughlai,  Chinese,  Seafood",4.1,65,1200
Bayroute,"Minoo Manor Building,Cuffe Parade, South Mumbai", South Mumbai,Mumbai,"Lebanese,  Turkish,  Moroccan,  Greek",4.5,65,3000
Cantan - Chinese Bar House,"Lavelle Road, Central Bangalore", Central Bangalore,Bangalore,"Chinese,  Cantonese",4.6,65,1800
Empire Restaurant,"Church Street, Central Bangalore", Central Bangalore,Bangalore,"North Indian,  Kerala,  South Indian,  Seafood,  Biryani",3.8,65,700
Fat Buddha,"Vasanth Nagar, Central Bangalore", Central Bangalore,Bangalore,"Chinese,  Thai",4.1,65,1200
Anupam's Coast II Coast,"Koramangala, South Bangalore", South Bangalore,Bangalore,"Seafood,  North Indian,  Chinese,  Coastal",4.3,65,1200
Onesta,"New BEL Road, North Bangalore", North Bangalore,Bangalore,"Italian,  Fast Food,  Pizza",4.4,65,700
Publik,"Bellandur, South Bangalore", South Bangalore,Bangalore,"North Indian,  Chinese,  Continental",3.7,65,1200
Bistro 1427,"Grand Arcade,Velachery, South West Chennai", South West Chennai,Chennai,"Fast Food,  North Indian,  Chinese,  Pizza",3.7,65,1000
Whispering Bamboo,"Vivanta By Taj - Blue Diamond,Koregaon Park, East Pune", East Pune,Pune,"Chinese,  Asian",4.6,65,2500
Levitate,"Clover Hills Plaza,NIBM Road, South Pune", South Pune,Pune,"North Indian,  Continental,  Asian",4,65,1000
Little Roti,"Park Street, Central Kolkata", Central Kolkata,Kolkata,"North Indian,  South Indian,  Chinese",4.1,65,500
Kasturi Restaurant,"Baguiati, 24 Parganas North", 24 Parganas North,Kolkata,Bengali,4,65,700
MoMo Cafe,"Courtyard Marriott,Satellite, West Ahmedabad", West Ahmedabad,Ahmedabad,"North Indian,  Multi-Cuisine,  Continental,  American",4.1,65,2000
Arose Foods,"Bopal, West Ahmedabad", West Ahmedabad,Ahmedabad,"North Indian,  Chinese,  Continental,  Italian,  Thai,  Mexican",4.3,65,800
Chugli,"Sector 5, Panchkula", Panchkula,Chandigarh,"Multi-Cuisine,  North Indian,  Italian,  European,  Asian",4.3,65,700
Tomato's Beachside Kitchen And Bar,"Morjim, North Goa", North Goa,Goa,"Multi-Cuisine,  North Indian,  Italian,  Continental,  European",4.2,65,1400
Sam's Momos & Rolls,"New Palasia, Central Indore", Central Indore,Indore,"Fast Food,  North Indian,  Chinese",4.3,65,600
Panna Vilas Restaurant and Lounge,"Fateh Sagar, West Udaipur", West Udaipur,Udaipur,"North Indian,  Italian,  Asian",4,65,1100
Cafe Turquoise Cottage,"Tajganj, East Agra", East Agra,Agra,"North Indian,  Oriental ,  Continental,  Biryani",4.2,65,1300
House Of Caffeine,"Hingna T Point, South Nagpur", South Nagpur,Nagpur,"Fast Food,  Desserts,  Coffee,  Shakes",4,65,600
#3BROS,"Sector 63, Noida", Noida,Noida,"Multi-Cuisine,  Chinese,  Continental,  Thai,  European,  Asian,  Mughlai,  Pizza",3.9,64,1000
The Yellow Chilli,"Gaur CIty 1, NCR Greater Noida", NCR Greater Noida,Noida,"North Indian,  Mughlai",3.4,64,2000
Hahn's Kitchen,"One Horizon Centre,Golf Course Road, Gurgaon", Gurgaon,Gurgaon,"Korean,  Japanese",4.4,64,1800
Spice It,"Ibis Hotel,Sector 53, Gurgaon", Gurgaon,Gurgaon,"North Indian,  Chinese,  Fast Food",3.9,64,1500
TASCA Oriental Cuisine,"Cosmos Paradise,Thane West, Thane", Thane,Mumbai,"North Indian,  Asian,  Fast Food",4.2,64,1000
Empire Restaurant,"Frazer Town, North Bangalore", North Bangalore,Bangalore,"North Indian,  Kerala,  South Indian,  Seafood,  Biryani",3.8,64,700
12th Main,"Hotel Grand Mercure,Koramangala, South Bangalore", South Bangalore,Bangalore,"Continental,  North Indian,  European",4.2,64,3000
Cafe Noir,"Orion Mall,Rajajinagar, West Bangalore", West Bangalore,Bangalore,"French,  Bakery and Confectionary,  Desserts,  Fast Food",4.4,64,1800
Empire Restaurant,"Kammanahalli, North Bangalore", North Bangalore,Bangalore,"North Indian,  Kerala,  South Indian,  Seafood,  Biryani",3.8,64,700
Bhagini - Kitchen & Bar,"Marathahalli, East Bangalore", East Bangalore,Bangalore,"Multi-Cuisine,  North Indian,  Chinese,  South Indian,  Andhra",3.7,64,1300
Cream Stone,"The Platinum Hotel,Himayath Nagar, Central Hyderabad", Central Hyderabad,Hyderabad,"Desserts,  Ice Cream,  Shakes",4.1,64,400
Yolkshire,"Karishma Society,Kothrud, West Pune", West Pune,Pune,"Fast Food,  Italian",4.4,64,700
The Bowl Shack,"Koregaon Park, East Pune", East Pune,Pune,"Continental,  Asian,  North Indian,  Health Food",4.5,64,800
Toscano,"Koregaon Park, East Pune", East Pune,Pune,"Italian,  Mediterranean,  Desserts,  Pizza",4.5,64,1500
Chowman,"Ho Chi Minh Sarani, Central Kolkata", Central Kolkata,Kolkata,"Asian,  Chinese,  Thai,  Seafood,  Oriental ",4.6,64,900
Mythh,"Hotel Hindusthan International,AJC Bose Road, South Kolkata", South Kolkata,Kolkata,"Italian,  North Indian,  Chinese",4.1,64,3000
Rooftop Top View,"Elgin Road, South Kolkata", South Kolkata,Kolkata,"South Indian,  Fast Food",3.6,64,500
Riyasat,"South City Mall,Jadavpur, South Kolkata", South Kolkata,Kolkata,North Indian,4.6,64,1700
1944 Restaurant by Havmor,"Shilp Aaron Complex,Bodakdev, West Ahmedabad", West Ahmedabad,Ahmedabad,"North Indian,  Continental,  Italian,  Mexican,  World Cuisine,  Desserts",4.6,64,800
Bikanervala,"Dev Aurum,Prahlad Nagar, West Ahmedabad", West Ahmedabad,Ahmedabad,"North Indian,  Street Food,  Chinese,  Fast Food",4.1,64,700
Urban Khichdi,"Camps Corner 2,Prahlad Nagar, West Ahmedabad", West Ahmedabad,Ahmedabad,"Gujarati,  North Indian",4.4,64,700
Yo! China,"Sector 9, Panchkula", Panchkula,Chandigarh,Chinese,4.3,64,1300
Masquerade by Mystery Rooms,"Gomti Nagar, East Lucknow", East Lucknow,Lucknow,"Italian,  Continental",4.6,64,500
The Artist House,"Surajpole, Central Udaipur", Central Udaipur,Udaipur,"North Indian,  Italian,  Fast Food",4.3,64,800
Rootage Restaurant and Lounge,"Nada Khada, Central Udaipur", Central Udaipur,Udaipur,"North Indian,  Fast Food,  Italian,  Mexican",4.2,64,1200
Telikos Restaurant & Banquet,"Adajan Gam, West Surat", West Surat,Surat,North Indian,3.5,64,600
Sandoz,"Jail Road, West Delhi", West Delhi,Delhi,"North Indian,  Chinese",3.5,63,1000
Tossin Pizza,"Sector 22, Gurgaon", Gurgaon,Gurgaon,"Pizza,  Italian",4.5,63,800
Mad Over Donuts,"City Park Building,Powai, Powai", Powai,Mumbai,"Desserts,  Doughnuts,  Waffle",4.6,63,450
Spotlight Skydeck,"Thane West, Thane", Thane,Mumbai,"North Indian,  Chinese,  Fast Food",4.3,63,2200
Angrezi Dhaba,"Bandra East, Bandra", Bandra,Mumbai,"North Indian,  Chinese,  Asian,  Seafood,  Mughlai",4,63,1500
Cheelizza,"Raj Arcade,Kandivali West, North Western", North Western,Mumbai,"Pizza,  Italian",4.3,63,600
Silver Coin,"Raj Sebastain Kinny Apartment,Borivali West, North Western", North Western,Mumbai,"Multi-Cuisine,  North Indian,  Chinese,  Continental,  South Indian,  Oriental ",4.5,63,1000
Royale MasterChef Lounge,"Gagangri Complex,Dahisar West, North Western", North Western,Mumbai,"Fast Food,  Continental,  Seafood",4.4,63,2500
Sharief Bhai,"Koramangala, South Bangalore", South Bangalore,Bangalore,"North Indian,  Mughlai",4.3,63,600
Seven Ate Nine,"HSR Layout, South Bangalore", South Bangalore,Bangalore,"Modern Indian,  South Indian",4.4,63,900
The Quintessence,"Hotel Raj Park,Alwarpet, Central Chennai", Central Chennai,Chennai,"Multi-Cuisine,  North Indian,  Italian,  South Indian,  Asian",4.4,63,1200
The Market,"The Westin Pune Koregaon Park,Koregaon Park, East Pune", East Pune,Pune,"North Indian,  European,  Asian",4.3,63,3000
Kava Kitchen & Bar,"Fairfield by Marriott Pune Kharadi,Kharadi, East Pune", East Pune,Pune,"Multi-Cuisine,  North Indian,  Continental,  Asian",3.9,63,2200
Salsa,"The Corinthians Resort and Club Pune,Kondhwa, South Pune", South Pune,Pune,"North Indian,  Continental,  Italian,  Mexican",4.3,63,1700
Harmony Resto Cafe,"Gala Business Center,Navrangpura, West Ahmedabad", West Ahmedabad,Ahmedabad,"Fast Food,  Coffee,  Burger,  Shakes",4.5,63,500
Puffizza,"Kairos,Gurukul, West Ahmedabad", West Ahmedabad,Ahmedabad,"Pizza,  Italian",4.1,63,700
Shivshakti Dhaba,"Bodakdev, West Ahmedabad", West Ahmedabad,Ahmedabad,"North Indian,  Chinese,  Gujarati,  Rajasthani",3.6,63,500
Dosa Craft,"One Centre Mall,New Palasia, Central Indore", Central Indore,Indore,South Indian,3.3,63,400
Nagaland's Kitchen,"Uphaar Cinema Complex,Green Park, South Delhi", South Delhi,Delhi,"Naga,  Chinese,  Thai,  Seafood",4.1,62,2200
Big Fat Sandwich,"Hauz Khas, South Delhi", South Delhi,Delhi,American,4.4,62,900
Sly Granny,"Select Citywalk Mall,Saket, South Delhi", South Delhi,Delhi,"European,  American",4.6,62,2500
Cinch,"Raj Nagar, Ghaziabad", Ghaziabad,Ghaziabad,"Multi-Cuisine,  North Indian,  Italian,  Chinese,  Continental,  Mediterranean",3.9,62,2200
Aromas Cafe,"Oshiwara, North Western", North Western,Mumbai,"Italian,  Fast Food,  Desserts,  Coffee,  Tea",4.1,62,1000
Messy Addaa,"Matunga East, South Mumbai", South Mumbai,Mumbai,"Fast Food,  Italian",4.6,62,700
Mad Over Donuts,"Viviana Mall,Thane West, Thane", Thane,Mumbai,"Desserts,  Doughnuts,  Waffle",4.6,62,450
6th Street Yogurt,"Chinoy Mansion,Kemps Corner, South Mumbai", South Mumbai,Mumbai,"Desserts,  Ice Cream,  Yogurt",4,62,300
The Back Bencherz,"Mira Road, North Western", North Western,Mumbai,"Continental,  American,  North Indian,  Italian",3.8,62,1800
Nara,"Colaba, South Mumbai", South Mumbai,Mumbai,"Thai,  Asian,  Seafood",4.6,62,2500
Kudla - Coral Tree By GoldFinch,"Coral Tree Hotel,RT Nagar, North Bangalore", North Bangalore,Bangalore,"Mangalorean,  North Indian,  Chinese,  Seafood",3.8,62,1000
Dindigul Thalappakatti,"HSR Layout, South Bangalore", South Bangalore,Bangalore,"South Indian,  Biryani,  North Indian,  Chinese,  Seafood",4.5,62,800
Cafe Azzure,"HSR Layout, South Bangalore", South Bangalore,Bangalore,"Continental,  Italian,  Pizza",4.1,62,1000
Taco Bell,"Royal Meenakshi Mall,Bannerghatta Road, South Bangalore", South Bangalore,Bangalore,"Mexican,  Tex Mex",4.4,62,500
Beijing Bites,"Soul Space Arena,Marathahalli, East Bangalore", East Bangalore,Bangalore,"Chinese,  Thai,  Seafood",4,62,700
The Hole in The Wall Cafe,"Jubilee Hills, Central West Hyderabad", Central West Hyderabad,Hyderabad,"American,  Fast Food,  Waffle",4.4,62,600
The Chocolate Room Co-working Cafe & Lounge,"Hitech City, West Hyderabad", West Hyderabad,Hyderabad,"Desserts,  Fast Food",4.2,62,1000
The Garage Project,"Sainikpuri, Secunderabad", Secunderabad,Hyderabad,"Continental,  Fast Food",4.5,62,500
Punjabi Affair,"Kondapur, West Hyderabad", West Hyderabad,Hyderabad,"North Indian,  Chinese",4.4,62,800
Backstage,"Phoenix Market City,Viman Nagar, East Pune", East Pune,Pune,"North Indian,  Chinese,  Mughlai,  Seafood",3.9,62,1500
Uddta Punjab Dhaba,"Park Mansion,Park Street, Central Kolkata", Central Kolkata,Kolkata,"North Indian,  Mughlai",3.2,62,800
"AJA Fresh, Grilled & Healthy","Sector 9, East Chandigarh", East Chandigarh,Chandigarh,"Italian,  Mexican",4.7,62,1000
Navtara,"Calangute, North Goa", North Goa,Goa,"Multi-Cuisine,  North Indian,  South Indian,  Goan",4.2,62,500
Tea Connect Cafe,"Mansarovar, South Jaipur", South Jaipur,Jaipur,"Chinese,  Fast Food,  Street Food,  Tea",4.1,62,400
Taste Of India,"Hazratganj, Central Lucknow", Central Lucknow,Lucknow,"North Indian,  Chinese",3.8,62,800
Tonicue The Bar,"Hotel Malwa Inn,Rajendra Nagar, South Indore", South Indore,Indore,"North Indian,  Chinese",4.2,62,1400
Capers,"Hotel Effotel,Vijay Nagar, East Indore", East Indore,Indore,"North Indian,  Mediterranean,  Oriental ",4.6,62,1900
What A Comic Show,"SDA Market,SDA, South Delhi", South Delhi,Delhi,"Oriental ,  Italian,  Continental",4.1,61,1700
California Burrito,"Vatika Business Centre,Sector 49, Gurgaon", Gurgaon,Gurgaon,Mexican,4.6,61,700
Fisherman's Cove - Taste on Palate,"Powai, Powai", Powai,Mumbai,"North Indian,  Chinese,  Seafood,  Mangalorean",4.4,61,800
Live It Up,"Satra Plaza,Vashi, Navi Mumbai", Navi Mumbai,Mumbai,"Multi-Cuisine,  Italian,  Continental,  Mexican,  Oriental ",4,61,1000
Bombay Coffee House,"Neelkamal Building,Bandra West, Bandra", Bandra,Mumbai,"American,  Fast Food,  Coffee",4.3,61,900
Vivaha Bhojanambu,"A S Rao Nagar, Secunderabad", Secunderabad,Hyderabad,South Indian,3.8,61,1000
First Story Bar and Kitchen,"Viman Nagar, East Pune", East Pune,Pune,"Multi-Cuisine,  Fusion,  North Indian,  Continental,  Oriental ",4.4,61,1200
C/o. Bangali,"Hati Bagan, North Kolkata", North Kolkata,Kolkata,"Chinese,  Bengali",4.3,61,700
Kalash,"Hotel Hindusthan International,AJC Bose Road, South Kolkata", South Kolkata,Kolkata,"Mughlai,  Lucknowi,  North Indian,  Bengali",4.1,61,2600
24 Ave Pizza,"Tollygunge, South Kolkata", South Kolkata,Kolkata,"Fast Food,  Pizza",4.2,61,400
Xebra - The Sports Lounge,"Club Eco Vista,Rajarhat, 24 Parganas North", 24 Parganas North,Kolkata,Finger Food,4.5,61,1600
The Eatery,"Four Points by Sheraton,Ellis Bridge, Central Ahmedabad", Central Ahmedabad,Ahmedabad,"Asian,  Multi-Cuisine,  North Indian,  Continental,  South Indian,  American",3.9,61,2000
Mirch Masala,"Vitthal Mall,Chandkheda, North Ahmedabad", North Ahmedabad,Ahmedabad,"North Indian,  Mughlai",4.4,61,1400
Nukkar Dhaba,"Sector 22, Central Chandigarh", Central Chandigarh,Chandigarh,"North Indian,  Chinese,  South Indian",3.1,61,600
MALANA,"Tonk Road, South Jaipur", South Jaipur,Jaipur,"North Indian,  Fast Food",4,61,1500
Kebabs and Curries Company,"Chitrakoot, West Jaipur", West Jaipur,Jaipur,"North Indian,  Chinese,  Mughlai",4.2,61,1000
Mad Over Donuts,"DLF Promenade Mall,Vasant Kunj, South Delhi", South Delhi,Delhi,"Desserts,  Doughnuts",4.5,60,400
Chicago Pizza,"DLF Mall of India,Sector 18, Noida", Noida,Noida,"Pizza,  Italian",3.7,60,600
Quoin,"Novotel New Delhi Aerocity,Aerocity, South Delhi", South Delhi,Delhi,"Finger Food,  North Indian,  Italian,  Chinese,  European",4.1,60,3000
Pop Tate's,"Khar West, Bandra", Bandra,Mumbai,"Chinese,  Italian,  Continental",4.6,60,2000
Frozen Bottle,"Inorbit Mall,Malad West, North Western", North Western,Mumbai,"Desserts,  Shakes,  Ice Cream",4.4,60,500
Chinita Real Mexican Food,"Koramangala, South Bangalore", South Bangalore,Bangalore,Mexican,4.6,60,1200
Beijing Bites,"BTM Layout, South Bangalore", South Bangalore,Bangalore,"Chinese,  Thai,  Seafood",3.8,60,700
Onesta,"Marathahalli, East Bangalore", East Bangalore,Bangalore,"Italian,  Pizza,  Desserts,  Fast Food",4.1,60,700
Black Pearl Multi Cuisine Restaurant,"Basheerbagh, Central Hyderabad", Central Hyderabad,Hyderabad,"North Indian,  Chinese",3.8,60,800
Blind Ch3mistry,"Jubilee Hills, Central West Hyderabad", Central West Hyderabad,Hyderabad,"Italian,  Fast Food",4.1,60,600
Beans & Brie Bistro,"Jubilee Hills, Central West Hyderabad", Central West Hyderabad,Hyderabad,"Continental,  Health Food,  Shakes",4.2,60,1000
Cloud dining,"Hitech City, West Hyderabad", West Hyderabad,Hyderabad,"North Indian,  Chinese,  Continental",3.6,60,5000
Pista House,"Kondapur, West Hyderabad", West Hyderabad,Hyderabad,"North Indian,  Hyderabadi",4,60,900
Wow! Momo,"AJC Bose Road, South Kolkata", South Kolkata,Kolkata,"Fast Food,  Tibetan",3.9,60,400
Radhika's Authentic South Indian Food,"Drive in Road, West Ahmedabad", West Ahmedabad,Ahmedabad,South Indian,4.3,60,500
Tomato's,"Chandkheda, North Ahmedabad", North Ahmedabad,Ahmedabad,"North Indian,  Chinese,  Continental,  Pizza",4.7,60,1500
Hashtag BBQ,"Sun Square Building,Chandkheda, North Ahmedabad", North Ahmedabad,Ahmedabad,North Indian,3.8,60,1000
Tamzaraa Kafe & Club,"Godrej Eternia,Industrial Area Phase 1, South Chandigarh", South Chandigarh,Chandigarh,"Multi-Cuisine,  North Indian,  Italian,  Chinese,  Continental",3.9,60,1600
Kanha,"Vaishali Nagar, West Jaipur", West Jaipur,Jaipur,"North Indian,  Fast Food,  Chinese,  South Indian",3.8,60,500
High Bae,"Dhaula Kuan, West Delhi", West Delhi,Delhi,"Multi-Cuisine,  North Indian,  Italian,  Chinese,  Continental",4.2,59,1600
Chaayos,"PP Tower,Netaji Subhash Place, North Delhi", North Delhi,Delhi,"Street Food,  Tea,  Fast Food",4.2,59,500
Moti Mahal Delux - Exclusive,"Sector 18, Noida", Noida,Noida,"North Indian,  Chinese,  Mughlai",4.4,59,1200
Hook Pub N Kitchen,"Indirapuram Habitat Centre,Indirapuram, Ghaziabad", Ghaziabad,Ghaziabad,"Multi-Cuisine,  North Indian,  Italian,  Chinese,  Continental",4.4,59,1600
Rebound Cafe And Lounge,"Raj Nagar, Ghaziabad", Ghaziabad,Ghaziabad,"North Indian,  Italian,  Chinese,  Continental,  Mughlai",4.5,59,1300
The Bigg Small Cafe + Bar,"Sakinaka, Andheri East", Andheri East,Mumbai,"Chinese,  Modern Indian,  Continental",4.4,59,1000
Krave - The Multi Cuisine,"Goregaon West, North Western", North Western,Mumbai,"North Indian,  Chinese,  Fast Food",4.5,59,1200
New York Burrito Company,"Inorbit Mall,Malad West, North Western", North Western,Mumbai,Mexican,4.3,59,600
Kudla,"Hotel Ramanashree,Richmond Town, Central Bangalore", Central Bangalore,Bangalore,"Chinese,  South Indian,  Andhra,  Chaat",4.5,59,1200
Chianti,"Bellandur, South Bangalore", South Bangalore,Bangalore,Italian,4.5,59,2200
Puducherry Hotel Sri Kamatchi,"Ashok Nagar, West Chennai", West Chennai,Chennai,"South Indian,  Seafood,  Biryani",4.3,59,600
Dindigul Thalappakatti,"Thuraipakkam, South West Chennai", South West Chennai,Chennai,"Multi-Cuisine,  North Indian,  Chinese,  South Indian,  Biryani",4.2,59,700
Wharf 2.0,"Radisson Blu Resort Temple Bay Mamallapuram,Mahabalipuram, South Chennai", South Chennai,Chennai,"Italian,  North Indian,  Continental",4.6,59,3000
Moxa Kitchen,"Film Nagar, Central West Hyderabad", Central West Hyderabad,Hyderabad,"North Indian,  Chinese,  Continental",4.2,59,1100
The Big Cup Theory,"Madhapur, West Hyderabad", West Hyderabad,Hyderabad,"Italian,  Continental,  European",4.2,59,1000
Brundavan Bar & Restaurant,"Dilsukh Nagar, East Hyderabad", East Hyderabad,Hyderabad,"North Indian,  Chinese",3.9,59,1200
The Gupta's,"Shakespeare Sarani, Central Kolkata", Central Kolkata,Kolkata,"North Indian,  Italian,  South Indian,  Fast Food",4.2,59,500
6 Ballygunge Place,"Globsyn Crystals Building,Salt Lake, East Kolkata", East Kolkata,Kolkata,Bengali,4.1,59,800
Sanjha Chulha,"Southern Avenue, South Kolkata", South Kolkata,Kolkata,North Indian,4.1,59,500
Khanti Damodaar Seth,"Rashbehari Avenue, South Kolkata", South Kolkata,Kolkata,"Bengali,  North Indian",4.1,59,700
Sea Estta inn,"Tollygunge, South Kolkata", South Kolkata,Kolkata,"Chinese,  Thai,  Seafood",4.2,59,800
Autograph,"Armoise Hotel,Navrangpura, West Ahmedabad", West Ahmedabad,Ahmedabad,"Multi-Cuisine,  North Indian,  Italian,  Chinese,  Continental,  Mexican",4.3,59,1000
Shree Marutinandan,"Dev Aurum,Prahlad Nagar, West Ahmedabad", West Ahmedabad,Ahmedabad,"Multi-Cuisine,  North Indian,  Chinese,  Gujarati",4,59,700
Dosawala,"Savan Mall,Sola, North Ahmedabad", North Ahmedabad,Ahmedabad,"South Indian,  Street Food",4.2,59,500
Eat Punjab,"Chandkheda, North Ahmedabad", North Ahmedabad,Ahmedabad,"North Indian,  Chinese,  Continental,  Seafood",4.3,59,800
Vegetrainian,"Lal Kothi, Central Jaipur", Central Jaipur,Jaipur,"North Indian,  Italian,  Chinese",4,59,1000
KKR - Kurry Kingdom Restaurant,"Rae Bareli Road, South Lucknow", South Lucknow,Lucknow,"North Indian,  Chinese,  Mughlai,  Fast Food",4.1,59,1000
Soul by Sun and Moon,"Haridas Ji Ki Magri, South Udaipur", South Udaipur,Udaipur,"Multi-Cuisine,  North Indian,  Italian,  Chinese,  Mughlai",4,59,800
Table 42,"Akota, Central Vadodara", Central Vadodara,Vadodara,"North Indian,  Chinese",4.3,59,500
Breakin' Brew,"Anand Vihar, East Delhi", East Delhi,Delhi,"Italian,  Continental,  Oriental ",4.6,58,900
Xero Degrees,"Satya Niketan, South Delhi", South Delhi,Delhi,"Italian,  Fast Food,  Shakes",4.4,58,900
Slique,"Ansal Plaza Mall,Khel Gaon, South Delhi", South Delhi,Delhi,"North Indian,  Asian",4,58,2500
The Great Indian Mela,"Ambience Mall,DLF Phase - 3, Gurgaon", Gurgaon,Gurgaon,"North Indian,  Street Food",3.6,58,1000
House Of Lords,"Vashi, Navi Mumbai", Navi Mumbai,Mumbai,"Italian,  Continental,  Asian",4,58,2300
Moni's,"Thane West, Thane", Thane,Mumbai,"North Indian,  Chinese,  Seafood,  Mughlai",4.4,58,1500
Empire Restaurant,"Majestic, West Bangalore", West Bangalore,Bangalore,"North Indian,  Kerala,  South Indian,  Seafood,  Biryani",4,58,700
Taproom by Sherlock's,"JP Nagar, South Bangalore", South Bangalore,Bangalore,"North Indian,  Chinese",4.2,58,1800
Beijing Bites,"Kalyan Nagar, North Bangalore", North Bangalore,Bangalore,"Chinese,  Thai,  Seafood",4.1,58,700
Mad Over Donuts,"Phoenix Marketcity,Whitefield, East Bangalore", East Bangalore,Bangalore,"Doughnuts,  Desserts,  Drinks",4.1,58,300
Palm Jumeira,"Royapettah, Central Chennai", Central Chennai,Chennai,"Chinese,  Seafood,  North Indian,  Arabian,  Drinks,  Shakes",4,58,800
Taco Bell,"The Marina Mall,Egattur, South West Chennai", South West Chennai,Chennai,"Mexican,  Tex Mex",3.6,58,500
Beyond Coffee,"Jubilee Hills, Central West Hyderabad", Central West Hyderabad,Hyderabad,"Italian,  Coffee,  Continental,  American",4.4,58,900
Aaha Emi Ruchi,"Saroor Nagar West, East Hyderabad", East Hyderabad,Hyderabad,"North Indian,  Chinese",4.5,58,600
La Cantina,"Novotel Hyderabad Convention Centre,Hitech City, West Hyderabad", West Hyderabad,Hyderabad,Asian,4,58,2500
The Big Owl Cafe,"Sainikpuri, Secunderabad", Secunderabad,Hyderabad,"Italian,  Continental",3.8,58,1000
Cafe Peter,"Riddhi Siddhi Heights,Wakad, West Pune", West Pune,Pune,"Italian,  Japanese,  Korean,  Desserts,  Coffee,  Waffle",4.3,58,900
East India Room,"Kankurgachhi, East Kolkata", East Kolkata,Kolkata,"British,  Bengali,  Indian Cuisine",4.2,58,1100
Saffron,"Sankalp Square Building,Gurukul, West Ahmedabad", West Ahmedabad,Ahmedabad,"North Indian,  Barbecue",3.8,58,800
Wasabi,"Sector 7, East Chandigarh", East Chandigarh,Chandigarh,"Thai,  Oriental ,  Chinese,  Japanese",4,58,800
Super Donuts,"Sector 35, West Chandigarh", West Chandigarh,Chandigarh,"Fast Food,  Doughnuts,  Desserts,  Coffee",4.5,58,500
Puzzles,"The Cove,Sector 5, Panchkula", Panchkula,Chandigarh,"Multi-Cuisine,  North Indian,  Italian,  Continental,  Oriental ",4.5,58,2000
Le Chef,"Cross River Mall,Shahdara, East Delhi", East Delhi,Delhi,"North Indian,  Chinese,  Fast Food",4.1,57,1000
The Nerdy Indian,"Saket, South Delhi", South Delhi,Delhi,"North Indian,  Continental,  Italian",4.2,57,1000
Imperfecto,"Indirapuram Habitat Centre,Indirapuram, Ghaziabad", Ghaziabad,Ghaziabad,"North Indian,  Continental,  Italian,  Chinese,  Mediterranean",3.5,57,2400
Street Gourmet,"Borivali West, North Western", North Western,Mumbai,"Multi-Cuisine,  North Indian,  Chinese,  South Indian,  Street Food,  Fast Food,  Shakes",3.8,57,1000
Mad Over Donuts,"High Street Phoenix Mall,Lower Parel, South Mumbai", South Mumbai,Mumbai,"Desserts,  Doughnuts,  Waffle",4.5,57,450
Beijing Bites,"Frazer Town, North Bangalore", North Bangalore,Bangalore,"Chinese,  Thai,  Seafood",4.2,57,700
Cafe Pink Pajamas,"Kalyan Nagar, North Bangalore", North Bangalore,Bangalore,"Continental,  Fast Food,  Italian,  Coffee",4.2,57,600
Beijing Bites,"Sahakara Nagar, North Bangalore", North Bangalore,Bangalore,"Chinese,  Thai,  Seafood",4.1,57,700
Santosh Dhaba,"Begum Bazaar, South Hyderabad", South Hyderabad,Hyderabad,"North Indian,  Chinese",3.8,57,600
Foodies Flavoroso,"Jeedimetla, Secunderabad", Secunderabad,Hyderabad,Desserts,3.4,57,600
Bird Valley,"Chinchwad, West Pune", West Pune,Pune,"North Indian,  Chinese,  Continental",3.9,57,1500
Buddha Bites,"Lake Town, East Kolkata", East Kolkata,Kolkata,"Chinese,  Asian",3.7,57,1000
Kwality Restaurant,"Ballygunge, South Kolkata", South Kolkata,Kolkata,"North Indian,  Chinese,  Continental,  Finger Food",4,57,1200
Eagle Bites Pizza,"Kasba, South Kolkata", South Kolkata,Kolkata,"Pizza,  Fast Food",4,57,700
Haveli Theater Bistro,"Bodakdev, West Ahmedabad", West Ahmedabad,Ahmedabad,"North Indian,  Italian,  Continental,  Mexican,  Coffee",4,57,800
Monarch Restaurant,"Holiday Inn Jaipur City Centre,Bais Godam, Central Jaipur", Central Jaipur,Jaipur,"North Indian,  Continental",4.1,57,2100
Levels,"Hotel Ramada,Raja Park, East Jaipur", East Jaipur,Jaipur,"North Indian,  Chinese,  Continental,  Oriental ",3.9,57,1600
Desi Cafe,"Jeoni Mandi, North Agra", North Agra,Agra,"Multi-Cuisine,  North Indian,  Italian,  Chinese,  Continental",3.6,57,1100
Singh Saaab Di Rasoi,"Piplod, South Surat", South Surat,Surat,"North Indian,  Chinese",4.3,57,1000
Underpass,"Defence Colony, South Delhi", South Delhi,Delhi,"North Indian,  Chinese,  Fast Food",3.4,56,1500
Lucky Restaurant,"Bandra West, Bandra", Bandra,Mumbai,"North Indian,  Mughlai,  Chinese",3.9,56,500
My Tea House,"Banashankari, South Bangalore", South Bangalore,Bangalore,"Italian,  Continental,  Asian",4.4,56,500
Onesta,"Whitefield, East Bangalore", East Bangalore,Bangalore,"Italian,  Pizza,  Desserts,  Fast Food",4.3,56,700
Gastronomer by Double Roti,"Teynampet, Central Chennai", Central Chennai,Chennai,"Fast Food,  Italian,  American",4.5,56,1000
Big Hit Lounge,"Thuraipakkam, South West Chennai", South West Chennai,Chennai,"Chinese,  Continental,  North Indian",3.9,56,1000
Punjabi Affair,"Oyster Uptown Building,Madhapur, West Hyderabad", West Hyderabad,Hyderabad,"North Indian,  Chinese",3.9,56,800
Masala Republic,"Sreshta Marvel,Gachibowli, West Hyderabad", West Hyderabad,Hyderabad,"Italian,  Continental,  North Indian",4,56,1100
Coffee N Cakes,"Sainikpuri, Secunderabad", Secunderabad,Hyderabad,"Chinese,  Coffee,  Desserts,  Fast Food",3.5,56,600
Raju Gari Vindu,"Kondapur, West Hyderabad", West Hyderabad,Hyderabad,"North Indian,  South Indian,  Chinese",4.2,56,500
Upsouth,"Viman Nagar, East Pune", East Pune,Pune,"South Indian,  Fast Food",3.5,56,400
Upsouth,"Wanowrie, South Pune", South Pune,Pune,South Indian,3.6,56,400
Hatari,"Atithi Inn,Baguiati, 24 Parganas North", 24 Parganas North,Kolkata,"Chinese,  North Indian,  Seafood",4.6,56,1000
Potboiler Coffee House,"Kalighat, South Kolkata", South Kolkata,Kolkata,"European,  Fast Food,  Desserts,  Coffee",4.1,56,700
Alinea Restaurant,"3rd Eye-2,Navrangpura, West Ahmedabad", West Ahmedabad,Ahmedabad,"North Indian,  Italian,  Continental,  Oriental ",4.3,56,700
Jacaranda,"The Ummed Ahemdabad,Hansol, North Ahmedabad", North Ahmedabad,Ahmedabad,"North Indian,  Chinese,  Continental,  Seafood,  Gujarati",3.7,56,2700
MS3 Drinking Chowpatty,"Sodala, West Jaipur", West Jaipur,Jaipur,"Multi-Cuisine,  North Indian,  Italian,  Chinese,  Pizza",4.5,56,500
Healthy Panda,"Gomti Nagar, East Lucknow", East Lucknow,Lucknow,"Italian,  Continental,  Fast Food,  Coffee,  Health Food",4.1,56,1000
Ranjeet's Kitchen,"Vijay Nagar, East Indore", East Indore,Indore,"North Indian,  Chinese",3.7,56,400
Selecto Cafe,"Bajaj Nagar, West Nagpur", West Nagpur,Nagpur,"Continental,  Chinese,  Fast Food",4.1,56,900
Royal Dine Restaurant,"Adajan Gam, West Surat", West Surat,Surat,"North Indian,  Fast Food,  Chinese,  Continental",4.6,56,600
Suruchi,"Karol Bagh, Central Delhi", Central Delhi,Delhi,"Rajasthani,  North Indian,  Gujarati",4.2,55,800
The China Kitchen,"Hyatt Regency Delhi,Bhikaji Cama Place, South Delhi", South Delhi,Delhi,"Chinese,  Seafood",4.5,55,4500
Shakespeare Cafe,"Punjabi Bagh, West Delhi", West Delhi,Delhi,"North Indian,  Italian,  Mexican,  Turkish",4.1,55,1300
Crops and Curries,"VVIP Style Mall,Raj Nagar Extension, Ghaziabad", Ghaziabad,Ghaziabad,"North Indian,  Italian,  Chinese,  Continental",4,55,2000
Green Leaf,"Balwanth Niwas,Thane West, Thane", Thane,Mumbai,"North Indian,  Chinese,  Fast Food",4.2,55,900
Steaming Mugs,"Basavanagudi, South Bangalore", South Bangalore,Bangalore,"Chinese,  Continental,  Coffee,  Finger Food,  Fast Food",4.2,55,800
Quattro Ristorante,"Residency Road, Central Bangalore", Central Bangalore,Bangalore,"Italian,  Mexican",4.6,55,1800
Cafe Kaffea,"Rajarajeshwari Nagar, West Bangalore", West Bangalore,Bangalore,"Italian,  Oriental ",3.9,55,700
BLR Brewing Co.,"Kanakapura Road, South Bangalore", South Bangalore,Bangalore,Multi-Cuisine,4.4,55,1400
Biggies Burger 'n' More,"Jubilee Hills, Central West Hyderabad", Central West Hyderabad,Hyderabad,"Fast Food,  Burger",4,55,600
Aufside@Hotfut,"Kumar Pacific Mall,Swargate, South Pune", South Pune,Pune,"North Indian,  Italian,  Continental",4.4,55,1500
Golden Curry,"Hotel Grand Emerald,Chinchwad, West Pune", West Pune,Pune,"North Indian,  Chinese",4.2,55,1000
The Rouge,"AJC Bose Road, South Kolkata", South Kolkata,Kolkata,"Desserts,  Bakery and Confectionary",4.3,55,400
Ekdalia Cocina,"Ballygunge, South Kolkata", South Kolkata,Kolkata,"Multi-Cuisine,  Chinese,  Continental,  South Indian,  European",4.2,55,900
Cafe By The Lane,"Southern Avenue, South Kolkata", South Kolkata,Kolkata,Fast Food,4.4,55,700
Blaze Restaurant & Bar,"DLF Galleria,New Town, 24 Parganas North", 24 Parganas North,Kolkata,"North Indian,  Chinese",4.2,55,800
Rangeen,"Satellite, West Ahmedabad", West Ahmedabad,Ahmedabad,"Multi-Cuisine,  Italian,  Continental,  European,  Modern Indian",4.6,55,2000
Govinda's,"Satellite, West Ahmedabad", West Ahmedabad,Ahmedabad,"North Indian,  Chinese,  Continental,  Italian,  Fast Food",4.1,55,1200
Sundew,"Ramada Hotel,Prahlad Nagar, West Ahmedabad", West Ahmedabad,Ahmedabad,"North Indian,  Chinese,  Italian,  Continental,  Fast Food",4.1,55,1200
Subway,"Phase 10, Mohali", Mohali,Chandigarh,Health Food,4.6,55,500
Stepout Cafe,"C Scheme, Central Jaipur", Central Jaipur,Jaipur,"Continental,  Mediterranean,  Fast Food,  Bakery and Confectionary,  Drinks",4.4,55,800
1135 AD,"Amer, North Jaipur", North Jaipur,Jaipur,"Rajasthani,  North Indian,  Mughlai",3.9,55,2500
B4,"Rohit Tower,Gomti Nagar, East Lucknow", East Lucknow,Lucknow,"North Indian,  Continental",3.7,55,900
Biryani By Kilo,"Model Town, South Ludhiana", South Ludhiana,Ludhiana,"Biryani,  Mughlai",4.6,55,1200
Naivedyam,"Connaught Place, Central Delhi", Central Delhi,Delhi,South Indian,3.8,54,500
Blackmail Lounge,"Kamla Nagar, North Delhi", North Delhi,Delhi,"North Indian,  Italian,  Chinese",4.4,54,1400
Cosy Restaurant,"Hauz Khas, South Delhi", South Delhi,Delhi,"North Indian,  Chinese,  Mughlai",4.3,54,1100
Taco Bell,"DLF Mall of India,Sector 18, Noida", Noida,Noida,"Mexican,  Tex Mex,  Tex Mex",4.1,54,500
Bikkgane Biryani,"Sector 18, Noida", Noida,Noida,"Biryani,  North Indian",4.1,54,1100
Metro,"Uttam Nagar, West Delhi", West Delhi,Delhi,"Mughlai,  North Indian,  Chinese",4.1,54,800
Khidmat,"Central Market,Sector 50, Noida", Noida,Noida,"North Indian,  Mughlai",4.3,54,1000
Local Stop,"Chembur, Central Suburbs", Central Suburbs,Mumbai,"North Indian,  Chinese",3.4,54,1000
Arabian Chillies Restaurant,"Dreamz Horizon Building,Nerul, Navi Mumbai", Navi Mumbai,Mumbai,"Mughlai,  Chinese",3.9,54,1000
Monopoly,"Borivali West, North Western", North Western,Mumbai,Fast Food,3.9,54,600
Zaika Restaurant,"Bhayandar West, North Western", North Western,Mumbai,"North Indian,  Chinese,  South Indian",4.5,54,800
Big Barrel Microbrewery,"Rajarajeshwari Nagar, West Bangalore", West Bangalore,Bangalore,"North Indian,  Italian,  Chinese,  Continental,  Barbecue",4,54,1800
Mount Road Social,"Royapettah, Central Chennai", Central Chennai,Chennai,"Fast Food,  Modern Indian,  Chinese,  Fusion",3.9,54,1300
Hashi Izakaya - Asian Bar & Kitchen,"Country Club Complex,Begumpet, Secunderabad", Secunderabad,Hyderabad,"Multi-Cuisine,  Chinese,  Thai,  Japanese,  Asian",4.1,54,1500
Blue Block Club,"Jubilee Hills, Central West Hyderabad", Central West Hyderabad,Hyderabad,"North Indian,  Continental,  Chinese",3.6,54,2000
Link,"Sheraton Hyderabad Hotel,Gachibowli, West Hyderabad", West Hyderabad,Hyderabad,Fusion,4.5,54,1500
Sahare Dining Hall,"Camp, East Pune", East Pune,Pune,"North Indian,  Gujarati,  Rajasthani",4.3,54,600
Chilly Culture,"Southern Avenue, South Kolkata", South Kolkata,Kolkata,"Chinese,  Thai,  North Indian,  Continental",4.4,54,800
Dheemi Aanch,"Galaxy Tower,Bodakdev, West Ahmedabad", West Ahmedabad,Ahmedabad,"North Indian,  Seafood,  Mughlai,  Continental",4.3,54,600
The Little H Resto-Cafe,"Magnifico Building,Bodakdev, West Ahmedabad", West Ahmedabad,Ahmedabad,"Italian,  Continental,  Chinese,  Thai,  Mexican,  Lebanese",4.3,54,800
The Dark Roast,"Mondeal Square,Prahlad Nagar, West Ahmedabad", West Ahmedabad,Ahmedabad,"Italian,  Fast Food",4.3,54,900
The Cube Restaurant,"Vastral, East Ahmedabad", East Ahmedabad,Ahmedabad,"North Indian,  Chinese,  Gujarati,  Ice Cream",4.2,54,700
Waterfront Terrace And Bar,"Goa Marriott Resort and Spa,Panjim, North Goa", North Goa,Goa,"North Indian,  Italian,  Continental,  Goan",4.6,54,2300
Pentagon Bar And Kitchen,"Vaishali Nagar, West Jaipur", West Jaipur,Jaipur,"Multi-Cuisine,  North Indian,  Italian,  Chinese,  Continental,  Mexican",3.8,54,1600
Tea Connect Cafe,"Jawahar Nagar, East Jaipur", East Jaipur,Jaipur,"Chinese,  Fast Food,  Street Food,  Tea",4.4,54,400
Copper Handi,"Hotel Vijay Paradise,Khurram Nagar, North Lucknow", North Lucknow,Lucknow,"North Indian,  Chinese,  Continental",4.2,54,1100
Agent Jack's Bar,"Headquarter Building,Vijay Nagar, East Indore", East Indore,Indore,"Finger Food,  Fast Food,  North Indian,  Italian",3.8,54,1100
Unplugged Courtyard,"Tajganj, East Agra", East Agra,Agra,"North Indian,  Continental,  Mediterranean,  Fast Food",4.2,54,1200
Royal Dine Restaurant Gauravpath,"Pal Gam, West Surat", West Surat,Surat,"North Indian,  Fast Food,  Chinese,  Barbecue",4.3,54,800
Pepper Pot - The Terrace Cafe,"Sector 56, Gurgaon", Gurgaon,Gurgaon,"Multi-Cuisine,  North Indian,  Italian,  Chinese,  Fast Food",4,53,1000
On Kourse All Day Dining,"Karma Lakelands,Sector 83, Gurgaon", Gurgaon,Gurgaon,"Asian,  North Indian,  Japanese,  European",4.5,53,1800
Surbhi Malvani Kitchen and Bar,"Airoli, Navi Mumbai", Navi Mumbai,Mumbai,"North Indian,  Chinese,  Malvani",4.3,53,1100
Banana Leaf,"Santacruz West, Bandra", Bandra,Mumbai,"South Indian,  Street Food",4.5,53,1000
Pablo - The Art Cafe Lounge,"Turbhe, Navi Mumbai", Navi Mumbai,Mumbai,"Multi-Cuisine,  Continental,  European,  Seafood,  Modern Indian",4.2,53,2500
Banana Leaf,"Aditiya Apartments,Borivali West, North Western", North Western,Mumbai,"South Indian,  Street Food",4.2,53,1000
Bluet Restaurant,"The Sahil Hotel,Mumbai Central, South Mumbai", South Mumbai,Mumbai,"Multi-Cuisine,  North Indian,  Italian,  Chinese,  Continental,  Seafood",4.2,53,1800
Aaradhya Family Restaurant,"Vijay Nagar, West Bangalore", West Bangalore,Bangalore,"North Indian,  Andhra",4.3,53,600
Drink And Dine,"Rajarajeshwari Nagar, West Bangalore", West Bangalore,Bangalore,"North Indian,  Italian,  Finger Food,  Chinese",4.3,53,1400
Beijing Bites,"Yelahanka, North Bangalore", North Bangalore,Bangalore,"Chinese,  Thai,  Seafood",4.2,53,700
Orbis Restaurant,"Whitefield, East Bangalore", East Bangalore,Bangalore,"North Indian,  Oriental ,  Arabian,  Drinks",3.7,53,800
Madro Cafe,"Anna Nagar, North Chennai", North Chennai,Chennai,"Italian,  Mexican,  Continental,  Drinks",4.4,53,1000
Olive And Basil,"Adyar, South Chennai", South Chennai,Chennai,"Asian,  Oriental ",3.8,53,1000
California Burrito,"Inorbit Mall,Madhapur, West Hyderabad", West Hyderabad,Hyderabad,"Italian,  Mexican,  Health Food",4.2,53,800
Taco Bell,"Sarath City Capital Mall,Kondapur, West Hyderabad", West Hyderabad,Hyderabad,"Mexican,  Tex Mex,  Tex Mex",4.1,53,500
Thambbi,"Baner, West Pune", West Pune,Pune,"South Indian,  North Indian,  Chinese",4.2,53,500
JW Lounge,"JW Marriott Hotel Kolkata,JBS Haldane Avenue, South Kolkata", South Kolkata,Kolkata,"Continental,  Coffee",4.6,53,2500
Someplace Else,"The Park Hotel,Park Street, Central Kolkata", Central Kolkata,Kolkata,Finger Food,4,53,2300
Aura - Sky Bar & Brewhouse,"Shakespeare Sarani, Central Kolkata", Central Kolkata,Kolkata,Finger Food,3.7,53,2200
Chowman,"Baguiati, 24 Parganas North", 24 Parganas North,Kolkata,"Asian,  Chinese,  Thai,  Seafood,  Oriental ",4.6,53,900
Kasturi Restaurant,"Ballygunge, South Kolkata", South Kolkata,Kolkata,Bengali,4.2,53,700
Abar Baithak,"Jodhpur Park, South Kolkata", South Kolkata,Kolkata,"Fast Food,  Desserts,  Coffee,  Tea",3.9,53,800
Wow! Momo,"City Centre 2, New Town,Rajarhat, 24 Parganas North", 24 Parganas North,Kolkata,"Fast Food,  Tibetan",3.6,53,400
Hatari,"Behala, South Kolkata", South Kolkata,Kolkata,"Chinese,  North Indian,  Seafood",4.3,53,1000
Sankalp,"Samir Building,Navrangpura, West Ahmedabad", West Ahmedabad,Ahmedabad,South Indian,4.5,53,500
Dakshini 24,"Bodakdev, West Ahmedabad", West Ahmedabad,Ahmedabad,"South Indian,  Juice",4.4,53,600
Kebabs & Curries Company,"Brahmpuri, North Jaipur", North Jaipur,Jaipur,"North Indian,  Chinese,  Mughlai",4.4,53,1100
Experience Haven,"Jaipur Central Mall,Tonk Road, South Jaipur", South Jaipur,Jaipur,"North Indian,  Italian,  Asian",4.1,53,1400
Kebabilal's,"Bhanwar Kuan, South Indore", South Indore,Indore,"North Indian,  Chinese",3.3,53,700
Hotel Kalinga,"South Tukoganj, East Indore", East Indore,Indore,"North Indian,  Chinese",3.9,53,1600
Trance The Pub,"Gamini Mall,Vijay Nagar, East Indore", East Indore,Indore,"North Indian,  Chinese",4.6,53,1500
Beep Uncensored,"Tajganj, East Agra", East Agra,Agra,"North Indian,  Italian,  Fast Food",4.3,53,1400
Broadway,"Radisson Blu Faridabad,Sector 20, Faridabad", Faridabad,Noida,"Multi-Cuisine,  North Indian,  Italian,  Continental,  American",4.2,52,3500
The BlueBop Cafe,"Khar West, Bandra", Bandra,Mumbai,"Italian,  American",4.2,52,2600
Kerala Cafe,"Vardan Apartment,Vasai West, North Western", North Western,Mumbai,"Kerala,  Chinese,  South Indian",4.2,52,800
The Tandoor Rest-o-Bar,"Rudra Shelter International,Vasai East, North Western", North Western,Mumbai,"Barbecue,  North Indian,  Italian,  Thai,  Seafood",4.5,52,1200
Yo! Chow,"Sri Sapthagiri Complex,Marathahalli, East Bangalore", East Bangalore,Bangalore,Asian,4.2,52,1200
The Fat Boy,"Alwarpet, Central Chennai", Central Chennai,Chennai,"Italian,  Fast Food",4.5,52,900
The Square,"Novotel Chennai OMR,Sholinganallur, South West Chennai", South West Chennai,Chennai,"Continental,  North Indian,  Asian",4.2,52,2500
Maratha Samrat,"Camp, East Pune", East Pune,Pune,"Seafood,  Maharashtrian",4.5,52,1000
Upsouth,"Bavdhan, West Pune", West Pune,Pune,"South Indian,  Fast Food",3.7,52,400
Azad Hind Dhaba,"Globsyn Crystals Building,Salt Lake, East Kolkata", East Kolkata,Kolkata,"North Indian,  Mughlai",3.7,52,800
Buddha Bites,"Baranagar, 24 Parganas North", 24 Parganas North,Kolkata,"Chinese,  Asian",3.6,52,1000
Some Like It Hott,"Jodhpur Park, South Kolkata", South Kolkata,Kolkata,"Italian,  Chinese,  Continental,  Fast Food,  Shakes",4.4,52,600
Yuan,"Garia, South Kolkata", South Kolkata,Kolkata,"Asian,  Chinese,  Thai",4.1,52,1000
Java+,"Courtyard Marriott,Satellite, West Ahmedabad", West Ahmedabad,Ahmedabad,"Continental,  Fast Food",4.3,52,1000
Terminal 7,"Sector 7, East Chandigarh", East Chandigarh,Chandigarh,"North Indian,  Chinese,  Continental,  Mexican,  American",3.9,52,1400
Beerlicious,"Malviya Nagar, South Jaipur", South Jaipur,Jaipur,"Multi-Cuisine,  North Indian,  Italian,  Chinese,  Finger Food",3.8,52,2000
Be The Beer Season 2,"Gomti Nagar, East Lucknow", East Lucknow,Lucknow,"North Indian,  Italian,  Fast Food",4.1,52,1000
Zakir Family Restaurant,"Khajrana, East Indore", East Indore,Indore,"North Indian,  Mughlai,  Chinese",4.3,52,400
Fakira,"Hotel Bhawna Clarks Inn,Lohamandi, West Agra", West Agra,Agra,"Multi-Cuisine,  North Indian,  Italian,  Chinese,  Continental",4,52,2100
Bistro Eleven,"Atlantis K10 Mall,Alkapuri, Central Vadodara", Central Vadodara,Vadodara,"North Indian,  Fast Food,  Italian,  Chinese",4.6,52,700
Indian Salt,"Taksh Galaxy Mall,Waghodia, East Vadodara", East Vadodara,Vadodara,"North Indian,  Chinese,  South Indian",4.5,52,800
Zaika Foods,"Daryaganj, Central Delhi", Central Delhi,Delhi,"North Indian,  Chinese,  Mughlai",4,51,500
Socia L Affaire,"Karol Bagh, Central Delhi", Central Delhi,Delhi,"Multi-Cuisine,  North Indian,  Italian,  European,  Oriental ",3.6,51,1500
The Crypto Door,"Vijay Nagar, North Delhi", North Delhi,Delhi,"Continental,  American,  Italian,  Lebanese,  Fusion",4.7,51,800
Puratan - Family Restaurant & Bar,"Garg Trade Center,Rohini, North Delhi", North Delhi,Delhi,"North Indian,  Chinese,  Fast Food",3.7,51,1500
Fire 'N' Ice,"Pankaj Arcade 2,Dwarka, West Delhi", West Delhi,Delhi,"North Indian,  Chinese",4,51,2100
Jaffer Bhai's Delhi Darbar,"EE Heights,Jogeshwari West, North Western", North Western,Mumbai,"North Indian,  Chinese,  Mughlai,  Seafood",4,51,1500
Veg Planet,"Kharghar, Navi Mumbai", Navi Mumbai,Mumbai,"North Indian,  Fast Food,  Chinese,  South Indian",4.2,51,800
Burnout Cafe,"Infantry Road, Central Bangalore", Central Bangalore,Bangalore,"Continental,  Chinese",3.9,51,600
Aqua,"The Park,Thousand Lights, Central Chennai", Central Chennai,Chennai,"Continental,  Mediterranean,  Finger Food",4.3,51,2000
Broken Bridge Cafe by Radio Room,"Somerset Greenways,MRC Nagar, Central Chennai", Central Chennai,Chennai,"Continental,  North Indian",4.6,51,1200
Mahamudra,"Jubilee Hills, Central West Hyderabad", Central West Hyderabad,Hyderabad,"South Indian,  Health Food,  North Indian",4.5,51,800
Cafe Gluck,"Lingampally, West Hyderabad", West Hyderabad,Hyderabad,"Fast Food,  Health Food",4.6,51,700
The Chocolate Room,"Kothrud, West Pune", West Pune,Pune,"Fast Food,  Italian,  Desserts,  Drinks",4.1,51,900
Wafira,"Ho Chi Minh Sarani, Central Kolkata", Central Kolkata,Kolkata,"North Indian,  Chinese,  Asian,  Continental",4.2,51,2000
Liquid Kitty,"PS Srijan Corporate Park,Salt Lake, East Kolkata", East Kolkata,Kolkata,"North Indian,  Chinese",4.5,51,1400
WTF! - Where's The Food,"Rashbehari Avenue, South Kolkata", South Kolkata,Kolkata,Chinese,4,51,500
1441 Pizzeria,"Gulbai Tekra, West Ahmedabad", West Ahmedabad,Ahmedabad,"Italian,  Pizza,  Fast Food",4.2,51,700
Gamysticafe,"Aeon Complex,Navrangpura, West Ahmedabad", West Ahmedabad,Ahmedabad,"Italian,  Chinese,  Continental,  Fast Food",4.2,51,800
Moca Cabana,"4D Square Mall,Motera, North Ahmedabad", North Ahmedabad,Ahmedabad,"Fast Food,  Coffee,  Tea,  Shakes",4.1,51,700
Captain Sam's,"Sector 9, East Chandigarh", East Chandigarh,Chandigarh,"Pizza,  Italian,  Fast Food",4.3,51,700
Cottage,"Sector 7, East Chandigarh", East Chandigarh,Chandigarh,"Mediterranean,  European",4.4,51,1500
Chawla's 2,"Sector 22, Central Chandigarh", Central Chandigarh,Chandigarh,"North Indian,  Mughlai",3.8,51,1000
The Jungle Bar,"Manimajra, South Chandigarh", South Chandigarh,Chandigarh,"North Indian,  Continental",4,51,1500
Douse Rooftop And Kitchen,"Malviya Nagar, South Jaipur", South Jaipur,Jaipur,"North Indian,  Chinese,  Continental",4.3,51,1300
Coffee King,"Vesu, South Surat", South Surat,Surat,"Coffee,  Tea,  Italian,  Fast Food,  Shakes",4.3,51,800
Dhaba Estd 1986 Delhi,"Connaught Place, Central Delhi", Central Delhi,Delhi,North Indian,4.2,50,1200
Fly Bar,"Rajouri Garden, West Delhi", West Delhi,Delhi,"North Indian,  Chinese,  Continental",3.8,50,800
Chidya Ghar Bar,"Roseate House,Aerocity, South Delhi", South Delhi,Delhi,Modern Indian,4.3,50,4000
FOO,"Vikhroli West, Central Suburbs", Central Suburbs,Mumbai,"Asian,  Chinese,  Japanese,  Sushi",4.7,50,1100
Frozen Bottle,"Hiranandani, Powai", Powai,Mumbai,"Desserts,  Shakes,  Ice Cream",4.7,50,500
Manuhaar – The Taste of Tradition,"Hotel Sahara Star,Vile Parle East, Andheri East", Andheri East,Mumbai,"Gujarati,  Rajasthani",4.6,50,3000
Celini,"Grand Hyatt Mumbai Hotel & Residences,Santacruz East, Bandra", Bandra,Mumbai,Italian,4.3,50,5000
Kath N Ghat,"Panch Pakhadi, Thane", Thane,Mumbai,"Maharashtrian,  North Indian,  Seafood",4.5,50,1500
Empire Restaurant,"Brigade Road, Central Bangalore", Central Bangalore,Bangalore,"North Indian,  Kerala,  South Indian,  Seafood,  Biryani",3.6,50,700
Empire Restaurant,"Seshadripuram, West Bangalore", West Bangalore,Bangalore,"North Indian,  Kerala,  South Indian,  Seafood,  Biryani",3.9,50,700
Anjappar Chettinad,"Indiranagar, East Bangalore", East Bangalore,Bangalore,"South Indian,  Chettinad,  Chinese,  Seafood",4,50,700
California Burrito,"Orion Mall,Malleshwaram, West Bangalore", West Bangalore,Bangalore,"Mexican,  Fast Food",4.5,50,500
Cafe 77 East,"Taj Bangalore,Devanahalli, North Bangalore", North Bangalore,Bangalore,"Multi-Cuisine,  North Indian,  Italian,  Continental,  South Indian,  Mediterranean",4.7,50,2500
Shaack,"Anna Nagar, North Chennai", North Chennai,Chennai,"Multi-Cuisine,  Italian,  Continental,  South Indian,  Seafood,  Asian",3.5,50,1000
Mash Resto Cafe,"Besant Nagar, South Chennai", South Chennai,Chennai,"Italian,  Continental,  Fast Food",4.3,50,800
7 sisters Hitex,"Kondapur, West Hyderabad", West Hyderabad,Hyderabad,"Japanese,  Asian",4.2,50,500
La Prezzo Woodfire Pizza,"Gachibowli, West Hyderabad", West Hyderabad,Hyderabad,"Italian,  Pizza",4.3,50,600
Oliva Veg,"Bavdhan, West Pune", West Pune,Pune,"North Indian,  Italian,  Chinese",4.2,50,800
Amritsari Zaika,"Warje, South Pune", South Pune,Pune,"North Indian,  Chinese,  Mughlai,  Street Food",3.7,50,600
Wow! Momo,"City Centre 1,Salt Lake, East Kolkata", East Kolkata,Kolkata,"Fast Food,  Tibetan",4.1,50,400
Floriana,"Park Street, Central Kolkata", Central Kolkata,Kolkata,"North Indian,  Chinese,  Seafood",3.6,50,1200
Tamarind,"Kalighat, South Kolkata", South Kolkata,Kolkata,"North Indian,  South Indian",4.3,50,1000
Mirch Masala,"Chandan Complex,Navrangpura, West Ahmedabad", West Ahmedabad,Ahmedabad,"North Indian,  Mughlai",4.3,50,1400
Mamu's Infusion,"C Scheme, Central Jaipur", Central Jaipur,Jaipur,"Italian,  North Indian,  Chinese,  Mexican,  Fast Food",4.2,50,700
Apsara Ice Cream,"C Scheme, Central Jaipur", Central Jaipur,Jaipur,"Desserts,  Ice Cream",4.7,50,300
Coffee Culture,"Mahanagar, North Lucknow", North Lucknow,Lucknow,"Italian,  Mexican,  Coffee,  Shakes",4.3,50,1000
Mama Loca,"Vijay Nagar, East Indore", East Indore,Indore,"Lebanese,  Greek,  Italian",4.5,50,1200
Couple Lounge,"Hotel Amar Vilas,Chandra Nagar, North Indore", North Indore,Indore,"North Indian,  Chinese,  Continental",3.6,50,1500
Zhingalala,"Luxuria Trade Hub,Piplod, South Surat", South Surat,Surat,"Indian Cuisine,  Seafood,  Asian",4.4,50,900
Sugar n Spice,"Dawer Chambers,Nanpura, North Surat", North Surat,Surat,"Fast Food,  North Indian,  Chinese",4,50,600
Roche Restaurant,"Sarabha Nagar, West Ludhiana", West Ludhiana,Ludhiana,"Multi-Cuisine,  North Indian,  Continental,  Oriental ",4.5,50,1300
Singla's,"Dwarka, West Delhi", West Delhi,Delhi,"North Indian,  Chinese,  South Indian,  Desserts,  Fast Food",3.6,49,800
Archana Veg Restaurant,"Mulund West, Central Suburbs", Central Suburbs,Mumbai,"North Indian,  Chinese,  South Indian",4.1,49,700
Once Upon A Dine,"Khar West, Bandra", Bandra,Mumbai,"Health Food,  Italian,  European",4.3,49,1000
Beijing Bites,"Sigma Trident Building,Richmond Town, Central Bangalore", Central Bangalore,Bangalore,"Chinese,  Thai,  Seafood",4.3,49,700
Hot Griddle,"Jayanagar, South Bangalore", South Bangalore,Bangalore,"North Indian,  Chinese,  Continental",3.9,49,1100
Gosssip Pub,"Banashankari, South Bangalore", South Bangalore,Bangalore,North Indian,4.4,49,1000
24th Main,"Cross Roads Inn,JP Nagar, South Bangalore", South Bangalore,Bangalore,"North Indian,  Chinese",4.1,49,800
Shout Bar & Cafe,"Ramapuram, West Chennai", West Chennai,Chennai,"North Indian,  Finger Food,  Italian,  Asian",4.2,49,1400
Firdaus,"Taj Krishna Hotel,Banjara Hills, Central East Hyderabad", Central East Hyderabad,Hyderabad,Hyderabadi,4.2,49,3100
The Chocolate Room,"Attapur, South Hyderabad", South Hyderabad,Hyderabad,"Italian,  Continental,  Fast Food,  Desserts",4.2,49,800
Haiku,"Gachibowli, West Hyderabad", West Hyderabad,Hyderabad,"Asian,  Sushi",4.3,49,1500
Top of The World Restaurant,"Tirupathi Reddy Plaza,A S Rao Nagar, Secunderabad", Secunderabad,Hyderabad,"Multi-Cuisine,  North Indian,  Italian,  Chinese,  Continental,  Mexican",3.6,49,1200
Ahoy Resto,"Kompally, Secunderabad", Secunderabad,Hyderabad,"Multi-Cuisine,  North Indian,  Italian,  Continental,  South Indian",4.3,49,900
Taco Bell,"South City Mall,Jadavpur, South Kolkata", South Kolkata,Kolkata,Mexican,4.4,49,500
Just Lobos,"Calangute, North Goa", North Goa,Goa,"Goan,  North Indian,  Continental",4.2,49,600
Daryaganj,"Tagore Garden, West Delhi", West Delhi,Delhi,"North Indian,  Mughlai",4,48,2000
Khanabadosh Tavern,"Kalkaji, South Delhi", South Delhi,Delhi,"Multi-Cuisine,  North Indian,  Italian,  Chinese,  Continental,  American,  Mughlai",3.9,48,800
Nathu's Sweets,"Dubai Mall,Raj Nagar, Ghaziabad", Ghaziabad,Ghaziabad,"Street Food,  Mithai,  North Indian,  Chinese,  Continental,  South Indian",3.9,48,500
Chaayos - Meri Wali Chai,"City Park Building,Powai, Powai", Powai,Mumbai,"Tea,  Street Food",4,48,500
Cafe Istaa,"Sion, Central Suburbs", Central Suburbs,Mumbai,"Fast Food,  Italian,  Desserts",4.5,48,500
Pop Tate's,"Inorbit Mall,Vashi, Navi Mumbai", Navi Mumbai,Mumbai,"Chinese,  Italian,  Continental",4.6,48,2000
Paps Premium Lounge,"Rosa Vista,Thane West, Thane", Thane,Mumbai,"Multi-Cuisine,  North Indian,  Chinese,  European,  Seafood,  Fast Food",4.1,48,2000
California Burrito,"Sigma Central Mall,Vasanth Nagar, Central Bangalore", Central Bangalore,Bangalore,"Mexican,  Fast Food",4.6,48,500
The Bengaluru Brasserie,"Hyatt Centric MG Road Bangalore,Ulsoor, Central Bangalore", Central Bangalore,Bangalore,"North Indian,  Italian,  Continental,  Asian",4.6,48,1600
Hopshaus,"Whitefield, East Bangalore", East Bangalore,Bangalore,Continental,4.4,48,1500
The Lobby Cafe,"Radha Regent Hotel,Electronic City, South Bangalore", South Bangalore,Bangalore,"Multi-Cuisine,  North Indian,  Continental,  American",4.2,48,1500
Palm Jumeira,"Thousand Lights, Central Chennai", Central Chennai,Chennai,"Multi-Cuisine,  North Indian,  Chinese,  Seafood,  Arabian",4.4,48,800
Tatva,"SP Road, Secunderabad", Secunderabad,Hyderabad,"Multi-Cuisine,  North Indian,  Chinese,  Continental,  European,  Mughlai",4.3,48,1500
Platform 65,"Ratna Arcade,Kompally, Secunderabad", Secunderabad,Hyderabad,"North Indian,  Chinese",4.3,48,1200
Oh So Stoned,"The Purple Leaf Hotel,Karkhana, Secunderabad", Secunderabad,Hyderabad,"Ice Cream,  Desserts,  Shakes",4,48,400
Upsouth,"Phoenix Market City,Viman Nagar, East Pune", East Pune,Pune,"South Indian,  Fast Food",3.8,48,400
Don Giovanni's,"Park Street, Central Kolkata", Central Kolkata,Kolkata,"Chinese,  North Indian,  Continental",3.9,48,1200
Wisdom Tree,"Ballygunge, South Kolkata", South Kolkata,Kolkata,"Fast Food,  Tea,  Chinese",4.4,48,500
Spice It,"Rajarhat, 24 Parganas North", 24 Parganas North,Kolkata,"North Indian,  Chinese",3.2,48,1600
The Green House,"The House Of Mg Hotel,Lal Darwaja, Central Ahmedabad", Central Ahmedabad,Ahmedabad,"North Indian,  South Indian,  Continental,  Gujarati",4.4,48,1200
Parosa,"Adalaj Gandhinagar, North Ahmedabad", North Ahmedabad,Ahmedabad,"North Indian,  Chinese,  Continental,  Mexican",4.1,48,800
Elante Social,"Elante Mall,Industrial Area Phase 1, South Chandigarh", South Chandigarh,Chandigarh,"North Indian,  Continental,  American,  Chinese",4.5,48,1400
The Beer Cafe Biggie,"Hazratganj, Central Lucknow", Central Lucknow,Lucknow,"Fast Food,  Pizza,  North Indian",4,48,1100
Cafe Delish,"Radisson Blu,Rajguru Nagar, West Ludhiana", West Ludhiana,Ludhiana,"Multi-Cuisine,  North Indian,  Continental,  Asian,  Health Food",4.4,48,3100
Pind Balluchi,"Udyog Vihar, Gurgaon", Gurgaon,Gurgaon,"North Indian,  Mughlai",4.3,47,1700
The Golden Wok,"Chhadva Apartment,Chembur, Central Suburbs", Central Suburbs,Mumbai,"Chinese,  Seafood",4.2,47,800
Silver Beach Cafe,"Andheri Lokhandwala, Andheri West", Andheri West,Mumbai,"Italian,  European,  Seafood",4.4,47,2000
The Post Office Bistro Bar,"Solitaire Castle,Vasai West, North Western", North Western,Mumbai,"North Indian,  Continental,  Asian",3.9,47,1000
Nandhini Deluxe,"Jayanagar, South Bangalore", South Bangalore,Bangalore,"Multi-Cuisine,  North Indian,  Chinese,  Seafood,  Andhra",4.1,47,900
Beijing Bites,"Royal Plaza,JP Nagar, South Bangalore", South Bangalore,Bangalore,"Chinese,  Thai,  Seafood",4.3,47,700
Potteery Nine Cafe,"Hebbal, North Bangalore", North Bangalore,Bangalore,North Indian,4.3,47,1200
Grand Desi Paratha,"Rajarajeshwari Nagar, West Bangalore", West Bangalore,Bangalore,North Indian,4.2,47,700
Beijing Bites,"Brookefields, East Bangalore", East Bangalore,Bangalore,"Chinese,  Thai,  Seafood",4.4,47,700
NH7 Refuel,"Kempegowda International Airport ,Devanahalli, North Bangalore", North Bangalore,Bangalore,"Continental,  North Indian",3.8,47,600
Ravi Mehra's Delhi Hotel,"Kilpauk, North Chennai", North Chennai,Chennai,"North Indian,  Chinese",4.4,47,800
Palmshore,"Santhome, Central Chennai", Central Chennai,Chennai,"Multi-Cuisine,  North Indian,  Chinese,  Seafood",4.2,47,1000
Double Roti,"Neelankarai, South Chennai", South Chennai,Chennai,"Fast Food,  Italian,  American",4.4,47,1000
Cheesiaano Pizza,"PG Road, Secunderabad", Secunderabad,Hyderabad,"Italian,  Pizza,  Fast Food",4,47,500
Frat House,"SLN Terminus,Gachibowli, West Hyderabad", West Hyderabad,Hyderabad,Finger Food,3.6,47,2200
The Tipsy Duckling,"Kothrud, West Pune", West Pune,Pune,"North Indian,  Continental,  Finger Food",4,47,1400
Icy Fusion,"Sarat Bose Road, South Kolkata", South Kolkata,Kolkata,"Ice Cream,  Desserts",4.5,47,300
Chowman,"Ballygunge, South Kolkata", South Kolkata,Kolkata,"Asian,  Chinese,  Thai,  Seafood,  Oriental ",4.5,47,900
The Burning Coal,"Ballygunge, South Kolkata", South Kolkata,Kolkata,"Italian,  Chinese,  Continental",4.4,47,1000
Drunken Monkey on Juice,"Sarat Bose Road, South Kolkata", South Kolkata,Kolkata,"Health Food,  Juice,  Shakes",4.3,47,500
Sankalp,"Sankalp House,Bodakdev, West Ahmedabad", West Ahmedabad,Ahmedabad,South Indian,4.2,47,500
The Cafe Baraco,"Time Square 2,Bodakdev, West Ahmedabad", West Ahmedabad,Ahmedabad,"Italian,  Chinese,  Continental,  Mexican,  Fast Food,  Pizza,  Shakes",4.1,47,600
Brown Burger Co.,"Celebration City Centre,Bopal, West Ahmedabad", West Ahmedabad,Ahmedabad,Fast Food,4.6,47,500
Vintage Kitchen,"Ambala Road, Zirakpur", Zirakpur,Chandigarh,"North Indian,  Chinese,  Fast Food",4.6,47,1000
Mojo's Irish Pub,"Hotel Ramada,Raja Park, East Jaipur", East Jaipur,Jaipur,"North Indian,  Italian,  Continental,  Chinese",4.3,47,1600
Nainital Momos,"Gomti Nagar, East Lucknow", East Lucknow,Lucknow,"Chinese,  Tibetan",3.8,47,500
Bake N Shake,"Giriraj Grande,Vijay Nagar, East Indore", East Indore,Indore,"Italian,  Fast Food,  Bakery and Confectionary,  Desserts,  Coffee,  Shakes",3.9,47,800
Roofmates,"Anna Ikon Complex,Sikandra, North Agra", North Agra,Agra,"North Indian,  Chinese",4.3,47,1000
Spice Nation,"Makarpura GIDC, South Vadodara", South Vadodara,Vadodara,"North Indian,  Oriental ",4.2,47,700
The Highway Smokehouse,"Wardha Road, South Nagpur", South Nagpur,Nagpur,"North Indian,  Barbecue",4,47,1400
Handi Chhadeyan Di,"Connaught Place, Central Delhi", Central Delhi,Delhi,North Indian,4.3,46,800
Crops And Curries,"Sector 76, Noida", Noida,Noida,"North Indian,  Chinese,  Italian",4.3,46,2000
Qilaa de Vashi,"Vashi, Navi Mumbai", Navi Mumbai,Mumbai,"North Indian,  Italian,  Oriental ",3.7,46,1200
Drunken Barrel SPORTS BAR,"Vashi, Navi Mumbai", Navi Mumbai,Mumbai,"Continental,  North Indian,  Finger Food",3.7,46,1000
Mad Over Donuts,"Shakuntal Building,Dadar West, South Mumbai", South Mumbai,Mumbai,"Desserts,  Doughnuts,  Waffle",4.7,46,450
Tibbs Frankie,"Viviana Mall,Thane West, Thane", Thane,Mumbai,Fast Food,4,46,200
City Forestt Family Restaurant & Bar,"Thane West, Thane", Thane,Mumbai,"North Indian,  Chinese,  Seafood",4.4,46,2000
Mitti Cafe - Enerjuvate,"Koramangala, South Bangalore", South Bangalore,Bangalore,"Continental,  Health Food,  Chaat",4.4,46,800
Taco Bell,"Gopalan Innovation Mall,Bannerghatta Road, South Bangalore", South Bangalore,Bangalore,"Mexican,  Tex Mex",4.5,46,500
Leon Grill,"HSR Layout, South Bangalore", South Bangalore,Bangalore,"Mexican,  Burger,  Fast Food",4.3,46,600
The Shack-Restopub,"Ramamurthy Nagar, East Bangalore", East Bangalore,Bangalore,"North Indian,  Biryani",4.1,46,1000
California Burrito,"Hebbal, North Bangalore", North Bangalore,Bangalore,"Mexican,  Fast Food",4.2,46,500
Beijing Bites,"Rajarajeshwari Nagar, West Bangalore", West Bangalore,Bangalore,"Chinese,  Thai,  Seafood",4.1,46,700
Salt Mango Tree,"Santosh Tower,Whitefield, East Bangalore", East Bangalore,Bangalore,Kerala,4.3,46,800
The Urban Turban,"Sarjapur Road, South Bangalore", South Bangalore,Bangalore,North Indian,3.6,46,600
Cappuccino,"Crowne Plaza Chennai Adyar Park,Alwarpet, Central Chennai", Central Chennai,Chennai,"Multi-Cuisine,  North Indian,  Chinese,  South Indian,  European",4.4,46,1800
Tortilla's,"Next Galleria Mall,Panjagutta, Central East Hyderabad", Central East Hyderabad,Hyderabad,"Mexican,  Fast Food",3.7,46,400
Dakshina Mandapa,"Taj Tristar Hotel,SD Road, Secunderabad", Secunderabad,Hyderabad,"North Indian,  Chinese,  South Indian",4,46,700
Icekraft,"Banjara Hills, Central East Hyderabad", Central East Hyderabad,Hyderabad,"Ice Cream,  Desserts,  Waffle",3.3,46,500
Southern Spice,"Banjara Hills, Central East Hyderabad", Central East Hyderabad,Hyderabad,South Indian,3.9,46,800
Largo Pizzeria,"Wakad, West Pune", West Pune,Pune,"Pizza,  Italian",4.3,46,900
Girija Veg,"Lohegaon, East Pune", East Pune,Pune,"North Indian,  Maharashtrian,  Chinese,  South Indian,  Fast Food",4.2,46,800
Wow! Momo,"Girish Park, North Kolkata", North Kolkata,Kolkata,"Fast Food,  Tibetan",4.1,46,400
Chowman,"Sinthi, North Kolkata", North Kolkata,Kolkata,"Asian,  Chinese,  Thai,  Seafood,  Oriental ",4.1,46,900
Kusum Rolls,"Karnani Mansion,Park Street, Central Kolkata", Central Kolkata,Kolkata,Fast Food,3.7,46,200
Pind Punjabi Dhaba,"Bangur Avenue, 24 Parganas North", 24 Parganas North,Kolkata,North Indian,4,46,700
Shanghai- Flavours Of China Town,"Dumdum, 24 Parganas North", 24 Parganas North,Kolkata,"Chinese,  Seafood",4.3,46,1000
Kake D Hatti,"Bhawanipur, South Kolkata", South Kolkata,Kolkata,North Indian,4.1,46,400
Vishalla,"Vasna, West Ahmedabad", West Ahmedabad,Ahmedabad,Gujarati,4.5,46,1200
Shree Marutinandan,"Motera, North Ahmedabad", North Ahmedabad,Ahmedabad,"Multi-Cuisine,  North Indian,  Chinese,  Gujarati",3.8,46,700
Caldo's Pizza & Cafe,"Sector 35, West Chandigarh", West Chandigarh,Chandigarh,"Pizza,  Fast Food",4.4,46,600
Windmill@Cassia (Rooftop Lounge),"Regenta Central Cassia,Lohgarh, Zirakpur", Zirakpur,Chandigarh,"North Indian,  Italian,  Continental",4.3,46,1500
Vegetrainian,"Vaishali Nagar, West Jaipur", West Jaipur,Jaipur,"North Indian,  Italian,  Chinese",3.7,46,1000
Rominus Pizza and Burger,"Vidhyadhar Nagar, North Jaipur", North Jaipur,Jaipur,"Fast Food,  Pizza",3.8,46,600
D2i Restaurant,"Sapna Sangeeta Road, Central Indore", Central Indore,Indore,"North Indian,  Chinese,  Mughlai",3.7,46,600
Ek Number cafe,"MG Road, Central Agra", Central Agra,Agra,"North Indian,  Fast Food",3.3,46,500
Underdoggs Brewery & Kitchen,"Flamez Mall,Gurdev Nagar, Central Ludhiana", Central Ludhiana,Ludhiana,"Italian,  Mexican,  Multi-Cuisine,  Oriental ,  North Indian,  Continental",4.2,46,2000
Horn Please Resto Cafe,"Hotel Royal Castle Grand,Chittaranjan Park, South Delhi", South Delhi,Delhi,"North Indian,  Mughlai,  Chinese",4.2,45,1000
Taco Bell,"Ambience Mall,DLF Phase - 3, Gurgaon", Gurgaon,Gurgaon,"Mexican,  Tex Mex",4.2,45,500
Fat Butterfly Bakery And Cafe,"Baani Square,Sector 50, Gurgaon", Gurgaon,Gurgaon,"Italian,  Desserts,  Fast Food",4.5,45,1000
Persian Darbar,"Bandra Kurla Complex, Bandra", Bandra,Mumbai,"North Indian,  Chinese,  Mughlai,  Biryani",4.3,45,1500
6th Street Yogurt,"Rachael Building,Bandra West, Bandra", Bandra,Mumbai,"Desserts,  Ice Cream,  Yogurt",4.5,45,300
Dakshin Culture Curry,"Mili CHS,Mahim, South Mumbai", South Mumbai,Mumbai,"South Indian,  Maharashtrian,  Goan,  Seafood,  Chettinad,  Malvani",4.1,45,2000
Pranaam Fine Dine & Bar,"CBD-Belapur, Navi Mumbai", Navi Mumbai,Mumbai,"North Indian,  Chinese,  Seafood,  Biryani",4.2,45,1000
Amar Fast Food & Restaurant,"Tardeo, South Mumbai", South Mumbai,Mumbai,"Fast Food,  Juice,  North Indian,  Chinese,  South Indian",4.3,45,500
The Lantern Bar at Kandeel,"Fort, South Mumbai", South Mumbai,Mumbai,"North Indian,  Chinese,  Italian,  Seafood",3.9,45,1500
Empire Restaurant,"Infantry Road, Central Bangalore", Central Bangalore,Bangalore,"North Indian,  Kerala,  South Indian,  Seafood,  Biryani",4,45,700
Main Street,"The Residency Towers,Thyagaraya Nagar, Central Chennai", Central Chennai,Chennai,"North Indian,  Italian,  South Indian,  Seafood",4.4,45,1700
Cilantro,"Le Royal Meridien Chennai,St. Thomas Mount, West Chennai", West Chennai,Chennai,"North Indian,  Chinese,  Continental",3.8,45,3000
Ghrelin Cafe and Patisserie,"Banjara Hills, Central East Hyderabad", Central East Hyderabad,Hyderabad,"Italian,  Desserts",4.4,45,600
Chandra Haveli Star Restaurant,"Jubilee Hills, Central West Hyderabad", Central West Hyderabad,Hyderabad,"North Indian,  South Indian,  Biryani",4.2,45,800
Ironhill Cafe,"Jubilee Hills, Central West Hyderabad", Central West Hyderabad,Hyderabad,"Italian,  Continental,  Fast Food",4.4,45,900
Pinxx,"Royal Orchid Central,Kalyani Nagar, East Pune", East Pune,Pune,"North Indian,  Chinese,  Continental",4.2,45,2000
Scarlet,"Aauris,Shakespeare Sarani, Central Kolkata", Central Kolkata,Kolkata,"Italian,  American,  Fast Food,  Shakes",4.2,45,1000
I Love Haldiram,"Camac Street, Central Kolkata", Central Kolkata,Kolkata,"Multi-Cuisine,  North Indian,  Chinese,  South Indian,  Mithai",4,45,400
Tyre Patty,"Elgin Road, South Kolkata", South Kolkata,Kolkata,"Finger Food,  North Indian,  Italian,  Chinese,  Continental",4.2,45,1000
Bikanervala,"Satellite, West Ahmedabad", West Ahmedabad,Ahmedabad,"North Indian,  Street Food,  Chinese,  Fast Food",3.7,45,700
The Square,"Novotel Ahmedabad,Satellite, West Ahmedabad", West Ahmedabad,Ahmedabad,"North Indian,  Continental,  Asian",4,45,1500
Shree Marutinandan,"Naranpura, North Ahmedabad", North Ahmedabad,Ahmedabad,"Multi-Cuisine,  North Indian,  Chinese,  Gujarati",4.3,45,700
Shree Sankalp,"Sector 26, East Chandigarh", East Chandigarh,Chandigarh,South Indian,4.3,45,700
Brew 35,"Sector 35, West Chandigarh", West Chandigarh,Chandigarh,"Fast Food,  Italian,  Mexican,  American",3.7,45,1000
Terra,"Sector 5, Panchkula", Panchkula,Chandigarh,"North Indian,  Italian,  Chinese,  European",4.4,45,1200
Navtara,"Panjim, North Goa", North Goa,Goa,"Multi-Cuisine,  North Indian,  South Indian,  Goan",3.9,45,500
Spice Court,"Civil Lines, Central Jaipur", Central Jaipur,Jaipur,"North Indian,  Rajasthani,  Chinese,  Continental",4.2,45,1300
Brown Sugar - Bakery and Cafe,"Malviya Nagar, South Jaipur", South Jaipur,Jaipur,"North Indian,  Italian,  Fast Food,  Drinks",4.2,45,900
The Flying Saucer Cafe,"Rohtas Presidential Arcade,Gomti Nagar, East Lucknow", East Lucknow,Lucknow,"Italian,  Continental,  Chinese",4,45,1700
Indore Baking Company,"Indore Marriott Hotel,Vijay Nagar, East Indore", East Indore,Indore,"North Indian,  Continental,  Bakery and Confectionary,  Coffee,  Tea",4.4,45,1600
Annakoot by ISKCON Bangalore,"Preet Vihar, East Delhi", East Delhi,Delhi,"South Indian,  Street Food,  Mithai",3.6,44,500
Golden Fiesta,"East of Kailash, South Delhi", South Delhi,Delhi,"North Indian,  Fast Food,  Chinese",4,44,900
Garam Dharam,"Mohan Nagar, Ghaziabad", Ghaziabad,Ghaziabad,North Indian,3.6,44,1300
Cafe Reed,"Two Horizon Center,Golf Course Road, Gurgaon", Gurgaon,Gurgaon,"Continental,  Desserts",4.6,44,1000
Dhaba Junction,"Sector 12, Faridabad", Faridabad,Noida,"North Indian,  Chinese,  South Indian,  Fast Food",4,44,1000
The Homemade Cafe & Bar,"Juhu, Andheri West", Andheri West,Mumbai,"Continental,  Italian,  Fast Food",4.5,44,1200
Bombay Baking Company,"JW Marriott Hotel,Juhu, Andheri West", Andheri West,Mumbai,"Bakery and Confectionary,  Coffee",4.4,44,1500
Coconuts Lagoon Coastal Cuisine & Bar,"Dosti Imperia,Thane West, Thane", Thane,Mumbai,"North Indian,  Chinese,  Seafood",4.5,44,1500
Sanchez Taqueria And Cantina,"Indiranagar, East Bangalore", East Bangalore,Bangalore,"Mexican,  Tex Mex",4.5,44,1600
California Burrito,"Embassy Golf Links Business Park,Domlur, East Bangalore", East Bangalore,Bangalore,"Mexican,  Fast Food",4.5,44,500
Cafe Rossini,"Sanjay Nagar, North Bangalore", North Bangalore,Bangalore,"Italian,  Chinese,  Continental",4.2,44,700
Superstar Pizza,"Anna Nagar, North Chennai", North Chennai,Chennai,"Italian,  Pizza,  Fast Food",4.3,44,800
Wow! Momo,"Phoenix Market City,Velachery, South West Chennai", South West Chennai,Chennai,"Chinese,  Tibetan",3.3,44,400
Zafar's Fine Dine,"Yousuf Tekri Complex,Tolichowki, Central Hyderabad", Central Hyderabad,Hyderabad,"Chinese,  Arabian,  North Indian",4,44,900
Cafe Lilliput Bar & Restaurant,"Madhapur, West Hyderabad", West Hyderabad,Hyderabad,"North Indian,  Chinese",3.7,44,1000
Full Moon Multicuisine Restaurant,"Alwal, Secunderabad", Secunderabad,Hyderabad,"North Indian,  Chinese",4,44,700
Azad Hind Dhaba,"Salt Lake, East Kolkata", East Kolkata,Kolkata,North Indian,3.7,44,800
All-Fresco,"The Meridian Building,Baguiati, 24 Parganas North", 24 Parganas North,Kolkata,"North Indian,  Chinese",4,44,1100
95 Degrees Cafe And Bakery,"New Alipore, South Kolkata", South Kolkata,Kolkata,"Drinks,  Continental,  Shakes",4.4,44,600
Nori,"The Westin Kolkata Rajarhat,New Town, 24 Parganas North", 24 Parganas North,Kolkata,"Japanese,  Asian",4.5,44,3300
Mom's Kitchen,"Sector 22, Central Chandigarh", Central Chandigarh,Chandigarh,"North Indian,  Chinese,  Fast Food",3.9,44,500
Kala Ghoda,"Elante Mall,Industrial Area Phase 1, South Chandigarh", South Chandigarh,Chandigarh,"North Indian,  Italian,  Continental",3.1,44,1500
Handi Restaurant,"Hotel Maya Mansion,Mirza Ismail Road, West Jaipur", West Jaipur,Jaipur,"North Indian,  Continental,  Mughlai",4.1,44,1000
Brown Sugar Bistro,"Raja Park, East Jaipur", East Jaipur,Jaipur,"North Indian,  Italian,  Fast Food,  Drinks",4.5,44,900
Dhaba Kulture,"Vaishali Nagar, West Jaipur", West Jaipur,Jaipur,North Indian,4.1,44,800
The Layman-Multicusine,"Malviya Nagar, South Jaipur", South Jaipur,Jaipur,"North Indian,  Continental,  South Indian,  Oriental ,  Mexican,  Drinks",4,44,1000
Kebabs and Curries Company,"Jagatpura, South Jaipur", South Jaipur,Jaipur,"North Indian,  Chinese,  Mughlai",4.3,44,1000
The Sultan's,"Rau, South Indore", South Indore,Indore,"North Indian,  Chinese,  Mughlai",3.3,44,1000
21 - A Rooftop Restaurant,"Alkapuri, Central Vadodara", Central Vadodara,Vadodara,"North Indian,  Chinese,  Continental,  Mexican",3.5,44,800
Barbeque Nation,"Dhanraj Singh Complex,Rajguru Nagar, West Ludhiana", West Ludhiana,Ludhiana,"North Indian,  Mughlai,  Barbecue",4.6,44,2000
Peddler's,"Kartar Bhawan,Ferozepur Road, Central Ludhiana", Central Ludhiana,Ludhiana,"North Indian,  Continental,  Oriental ,  Finger Food",4.3,44,2000
World Of My Bar,"Connaught Place, Central Delhi", Central Delhi,Delhi,"North Indian,  Italian,  Fast Food",4.1,43,2200
Greetoz Cafe,"Hudson Lane, North Delhi", North Delhi,Delhi,"North Indian,  Chinese",4,43,700
Bikkgane Biryani,"Sector 63, Noida", Noida,Noida,"Biryani,  North Indian",4,43,1100
Noon Mirch,"Indirapuram, Ghaziabad", Ghaziabad,Ghaziabad,North Indian,4.1,43,1500
Hemant Oberoi Restaurant,"Godrej Building,Bandra East, Bandra", Bandra,Mumbai,"North Indian,  European,  Asian",4.2,43,2500
The Food Foundry,"Kopar Khairane, Navi Mumbai", Navi Mumbai,Mumbai,"North Indian,  Chinese,  Seafood",4.1,43,1300
Anjappar Chettinad,"Koramangala, South Bangalore", South Bangalore,Bangalore,"South Indian,  Chettinad,  Chinese,  Seafood",4,43,700
"Oyster, Bar and Kitchen","HSR Layout, South Bangalore", South Bangalore,Bangalore,"Multi-Cuisine,  North Indian,  South Indian,  Finger Food",4,43,1200
Huber and Holly,"Mayfair Building,Begumpet, Secunderabad", Secunderabad,Hyderabad,"Ice Cream,  Desserts",4,43,1000
Broccoli Pizza & Pasta,"Lingampally, West Hyderabad", West Hyderabad,Hyderabad,"Italian,  Pizza",4.1,43,600
Satguru's Punjabi Rasoi,"Destination Center,Magarpatta City, East Pune", East Pune,Pune,"North Indian,  Chinese",4.2,43,800
Aqua Java,"Maniktala, North Kolkata", North Kolkata,Kolkata,"Italian,  Continental,  Fast Food,  Coffee",3.7,43,1000
35 Bar N Lounge,"The Samilton Hotel,Sarat Bose Road, South Kolkata", South Kolkata,Kolkata,"North Indian,  Italian,  Continental",4.4,43,1200
Terra,"Bodakdev, West Ahmedabad", West Ahmedabad,Ahmedabad,"Mexican,  Continental,  Mediterranean",4.5,43,1200
Nini's Kitchen,"Chandkheda, North Ahmedabad", North Ahmedabad,Ahmedabad,"North Indian,  Italian,  Continental,  Lebanese,  Shakes",4.5,43,1400
Navtara,"Porvorim, North Goa", North Goa,Goa,"Multi-Cuisine,  North Indian,  South Indian,  Goan",4.1,43,500
Morgan's Place,"Sangolda, North Goa", North Goa,Goa,"Italian,  Continental",4.2,43,900
Chaisa,"Lal Kothi, Central Jaipur", Central Jaipur,Jaipur,"Fast Food,  Tea",4.6,43,800
Draught house bar and grill,"Malviya Nagar, South Jaipur", South Jaipur,Jaipur,"North Indian,  Oriental ,  Italian,  Fast Food",4.1,43,1500
LAMultigrain,"Malviya Nagar, South Jaipur", South Jaipur,Jaipur,"North Indian,  Continental,  South Indian,  Chinese",4.3,43,800
Royal Cafe,"Hotel Royal Inn,Hazratganj, Central Lucknow", Central Lucknow,Lucknow,"North Indian,  Chinese,  Barbecue",4.1,43,1100
Ozone Wine And Dine,"Khajrana, East Indore", East Indore,Indore,"North Indian,  Finger Food",3.6,43,2000
Merry Go Round,"Hotel Pushp Villa,Tajganj, East Agra", East Agra,Agra,"North Indian,  Continental,  Oriental ",3.9,43,2100
Sugar n Spice - Non Veg,"Nanpura, North Surat", North Surat,Surat,"Chinese,  Fast Food,  North Indian",4.2,43,700
The Branch Kitchen & Bar,"South Extension - 2, South Delhi", South Delhi,Delhi,"Multi-Cuisine,  Italian,  Continental,  American",4,42,2200
FatJar Cafe & Market,"Kailash Colony, South Delhi", South Delhi,Delhi,"Italian,  Continental,  Desserts",4.1,42,1700
Threads,"Shahpur Jat, South Delhi", South Delhi,Delhi,"Continental,  Italian,  Fast Food",4.7,42,700
Dada Ji Di Punjabi Rasoi,"Shalimar Bagh, North Delhi", North Delhi,Delhi,"North Indian,  Chinese",3.9,42,800
Krispy Kreme,"Select Citywalk Mall,Saket, South Delhi", South Delhi,Delhi,"Desserts,  Doughnuts",4.5,42,400
TNG Restaurant,"Raj Nagar, Ghaziabad", Ghaziabad,Ghaziabad,"Multi-Cuisine,  North Indian,  Italian,  Chinese,  Mexican,  Oriental ",4,42,1800
Jamie's Pizzeria By Jamie Oliver,"Ardee Mall,Ardee City, Gurgaon", Gurgaon,Gurgaon,"Italian,  Pizza",4.4,42,2000
Fiery Grillss,"Crown Plaza Mall,Sector 15A, Faridabad", Faridabad,Noida,"North Indian,  Chinese,  Continental,  Mughlai",4.4,42,1200
Stir Fry Grill,"Malad West, North Western", North Western,Mumbai,"Chinese,  Thai",4.3,42,1500
Hammer & Song,"World Trade Centre,Cuffe Parade, South Mumbai", South Mumbai,Mumbai,"Continental,  Asian,  Seafood,  Finger Food,  Fast Food",4.7,42,2800
Atlas World Cafe,"Vividus Hotel,Race Course Road, West Bangalore", West Bangalore,Bangalore,"North Indian,  Continental,  Oriental ,  Fast Food",4.2,42,1400
Empire Restaurant,"Vasanth Nagar, Central Bangalore", Central Bangalore,Bangalore,"North Indian,  Kerala,  South Indian,  Seafood,  Biryani",3.7,42,700
California Burrito,"RMZ Infinity,CV Raman Nagar, East Bangalore", East Bangalore,Bangalore,"Mexican,  Fast Food",4.5,42,500
BLIND CH3MISTRY,"Besant Nagar, South Chennai", South Chennai,Chennai,"Italian,  Continental,  Desserts,  Shakes",4.5,42,800
Kangan,"The Westin Hyderabad Mindspace,Hitech City, West Hyderabad", West Hyderabad,Hyderabad,North Indian,4.3,42,2500
Largo Pizzeria,"Salunkhe Vihar, South Pune", South Pune,Pune,"Pizza,  Italian",4.5,42,900
Onesta,"Amanora Town Centre Mall,Hadapsar, East Pune", East Pune,Pune,"Italian,  Fast Food,  Pizza",4.4,42,700
The Loop Cafe,"Kankurgachhi, East Kolkata", East Kolkata,Kolkata,"Italian,  Chinese,  Fast Food,  Seafood",4.4,42,1000
Riviera Restaurant,"Ashram Road, Central Ahmedabad", Central Ahmedabad,Ahmedabad,"North Indian,  Chinese,  Continental",4.3,42,900
Pashtun,"Elante Mall,Industrial Area Phase 1, South Chandigarh", South Chandigarh,Chandigarh,"North Indian,  Mughlai",3.8,42,1200
O Coqueiro,"Alto Porvorim, North Goa", North Goa,Goa,"Goan,  Portuguese,  North Indian,  Seafood,  Asian",4.3,42,1200
WTF Sports Cafe And Bar,"Man Upasana Mall,C Scheme, Central Jaipur", Central Jaipur,Jaipur,"Multi-Cuisine,  North Indian,  Italian,  Oriental ",3.8,42,2000
Kabila Restro - The Family Lounge,"Mahmoodbad Building,Hazratganj, Central Lucknow", Central Lucknow,Lucknow,"North Indian,  Chinese,  Continental",3.4,42,2000
The Story Cafe,"SN Arcade,Vijay Nagar, East Indore", East Indore,Indore,"Fast Food,  Italian,  Chinese,  Mexican",3.5,42,700
Spice Court,"PVR Payal,Naraina, West Delhi", West Delhi,Delhi,"North Indian,  Chinese",4.1,41,1500
Chaskaa,"Anand Vihar, East Delhi", East Delhi,Delhi,"North Indian,  Italian,  Chinese,  Continental,  Mughlai",4,41,900
Gaon,"Malviya Nagar, South Delhi", South Delhi,Delhi,"Rajasthani,  Bihari",4,41,1200
Mad Over Donuts,"Phoenix Marketcity Mall,Kurla West, Central Suburbs", Central Suburbs,Mumbai,"Desserts,  Doughnuts,  Waffle",4.5,41,450
Tibbs Frankie,"Phoenix Marketcity Mall,Kurla West, Central Suburbs", Central Suburbs,Mumbai,Fast Food,4.4,41,200
Mad Over Donuts,"Kamal Building,Bandra West, Bandra", Bandra,Mumbai,"Desserts,  Doughnuts,  Waffle",4.5,41,450
New York Burrito Company,"Kalpitam Society,Bandra West, Bandra", Bandra,Mumbai,"Mexican,  Fast Food",4.5,41,600
Frozen Bottle,"Infiniti Mall,Malad West, North Western", North Western,Mumbai,"Desserts,  Shakes,  Ice Cream",4.1,41,500
Mad Over Donuts,"Profit Centre,Kandivali West, North Western", North Western,Mumbai,"Desserts,  Doughnuts,  Waffle",4.4,41,450
Dinshaw's Xpress Cafe,"Borivali West, North Western", North Western,Mumbai,"Ice Cream,  Desserts,  Fast Food",4.2,41,1500
New York Burrito Company,"Kamala Mills Compound,Lower Parel, South Mumbai", South Mumbai,Mumbai,"Mexican,  Fast Food",4.3,41,600
Soul City,"Oakwood Premier Prestige Bangalore,Vittal Mallya Road, Central Bangalore", Central Bangalore,Bangalore,"Chinese,  Asian,  Italian,  Continental,  Thai,  Seafood",4,41,1800
Salt Mango Tree,"Indiranagar, East Bangalore", East Bangalore,Bangalore,"Kerala,  Seafood",4.5,41,1000
California Burrito,"Manyata Embassy Business Tech Park,Nagawara, North Bangalore", North Bangalore,Bangalore,"Mexican,  Fast Food",4,41,500
Food Exchange,"Novotel Chennai,Nandanam, Central Chennai", Central Chennai,Chennai,"North Indian,  European,  South Indian",4.2,41,2500
Savya Rasa,"Kotturpuram, Central Chennai", Central Chennai,Chennai,"South Indian,  Andhra,  Kerala",4.2,41,1600
Masaledar Urban Rasoi,"Perungudi, South West Chennai", South West Chennai,Chennai,"North Indian,  Chinese",4.2,41,500
Pakka Local Signature,"Banjara Hills, Central East Hyderabad", Central East Hyderabad,Hyderabad,"North Indian,  Chinese,  Andhra,  South Indian",4.3,41,900
Eagles Pizza,"Banjara Hills, Central East Hyderabad", Central East Hyderabad,Hyderabad,"Pizza,  Italian,  Ice Cream,  Fast Food",3.9,41,600
Tarz Creators Studio & Cafe,"Jubilee Hills, Central West Hyderabad", Central West Hyderabad,Hyderabad,"Health Food,  North Indian,  Italian,  Mediterranean",4.4,41,800
Little Island,"Hotel Swagath Grand,Hafeezpet, West Hyderabad", West Hyderabad,Hyderabad,"North Indian,  Chinese",4.2,41,900
Chizzlers,"Echelon Building,Pashan, West Pune", West Pune,Pune,"Chinese,  Sizzlers",3.9,41,700
The Village,"Bramha Majestic Cooperative Housing Society,Kondhwa, South Pune", South Pune,Pune,"North Indian,  Chinese,  Continental",3.9,41,1000
The Royal's Multicuisine Restaurant,"Dhanori, East Pune", East Pune,Pune,"Multi-Cuisine,  North Indian,  Chinese,  Continental,  Oriental ",2.6,41,1000
Taco Bell,"Seasons Mall,Magarpatta City, East Pune", East Pune,Pune,"Mexican,  Fast Food",3.9,41,500
Vedas,"Akurdi, West Pune", West Pune,Pune,"North Indian,  Chinese,  Mughlai,  Maharashtrian",4.3,41,800
Food Station,"College Street, North Kolkata", North Kolkata,Kolkata,"Multi-Cuisine,  North Indian,  Chinese,  Continental,  South Indian,  Oriental ",4.4,41,500
Icy Fusion,"Salt Lake, East Kolkata", East Kolkata,Kolkata,"Ice Cream,  Desserts",4.5,41,300
Coffee World,"Acropolis Mall,Kasba, South Kolkata", South Kolkata,Kolkata,"Coffee,  Fast Food",4.4,41,600
Cafe Patio,"Hotel Binori,Thaltej, West Ahmedabad", West Ahmedabad,Ahmedabad,"Continental,  Italian,  Fast Food",4.3,41,1500
Shree Marutinandan,"Trinity Building,Thaltej, West Ahmedabad", West Ahmedabad,Ahmedabad,"Multi-Cuisine,  North Indian,  Chinese,  Gujarati",4.1,41,700
Massala Theoryy,"Bodakdev, West Ahmedabad", West Ahmedabad,Ahmedabad,"North Indian,  Italian,  Chinese,  Continental,  Mexican,  Indian Cuisine",4.2,41,800
Shree Marutinandan,"Maninagar, East Ahmedabad", East Ahmedabad,Ahmedabad,"Multi-Cuisine,  North Indian,  Chinese,  Gujarati",3.9,41,700
Buddy - The Family Restaurant,"Gota, North Ahmedabad", North Ahmedabad,Ahmedabad,"North Indian,  Continental,  Fast Food",4.1,41,1100
Sky Grill,"Glades Hotel,Sector 55, Mohali", Mohali,Chandigarh,"North Indian,  Continental",4.3,41,800
Qabila Restro Lounge,"Ambala Road, Zirakpur", Zirakpur,Chandigarh,"Multi-Cuisine,  North Indian,  Chinese,  Continental,  Asian",4,41,850
Navtara,"Calangute, North Goa", North Goa,Goa,"Multi-Cuisine,  North Indian,  South Indian,  Goan",4.2,41,500
Dragon House,"Radisson Jaipur City Center,Mirza Ismail Road, West Jaipur", West Jaipur,Jaipur,"Chinese,  Thai",4.4,41,2500
Firewood,"Bapu Nagar, South Jaipur", South Jaipur,Jaipur,"North Indian,  Italian,  Chinese,  South Indian",4.2,41,1000
Bombaye House,"Malviya Nagar, South Jaipur", South Jaipur,Jaipur,"Street Food,  Fast Food,  Chinese,  South Indian",4.3,41,700
Nibs Cafe,"Malviya Nagar, South Jaipur", South Jaipur,Jaipur,"Italian,  Continental",3.8,41,1100
Downtown Cafe,"Hotel Moti Palace,Rakabganj, Central Agra", Central Agra,Agra,"North Indian,  Italian",4.4,41,2200
Jade,"The Claridges,Aurangzeb Road, Central Delhi", Central Delhi,Delhi,"Chinese,  Seafood",4,40,2500
SAZ,"Sundar Nagar, Central Delhi", Central Delhi,Delhi,American,4.2,40,3000
Wow! Momo,"Unity One Mall,Janakpuri, West Delhi", West Delhi,Delhi,"Fast Food,  Tibetan",3.6,40,400
Konfidential,"Kailash Colony, South Delhi", South Delhi,Delhi,"North Indian,  Chinese,  Continental",4.1,40,600
LIT Nuit Club & Bar,"Greater Kailash - 2, South Delhi", South Delhi,Delhi,"Multi-Cuisine,  North Indian,  Italian,  Chinese,  Continental,  Mughlai",3.3,40,2700
Drink N Dine,"Supreme Plaza,Dwarka, West Delhi", West Delhi,Delhi,"North Indian,  Chinese,  Continental,  European",3.5,40,1900
Jamie's Pizzeria By Jamie Oliver,"Vegas Mall,Dwarka, West Delhi", West Delhi,Delhi,"Italian,  Pizza",4.2,40,2000
World Cafe,"Vibe by The Lalit Traveller,Sector 35, Faridabad", Faridabad,Noida,"North Indian,  Chinese,  Continental",4.4,40,900
House of Mandarin,"Delphi Building,Powai, Powai", Powai,Mumbai,"Chinese,  Seafood,  Asian,  Sushi",4.7,40,2000
Tibbs Frankie,"Chembur, Central Suburbs", Central Suburbs,Mumbai,Fast Food,4.7,40,200
Fire Bowl,"Malad West, North Western", North Western,Mumbai,"Chinese,  Seafood",4.4,40,800
Bougainvillea,"Turbhe, Navi Mumbai", Navi Mumbai,Mumbai,"North Indian,  Oriental ,  Chinese,  Continental",4.4,40,1300
Hapi Brewing Co.,"Dahisar East, North Western", North Western,Mumbai,"North Indian,  Oriental ,  Chinese",4.1,40,1200
36 Downtown Restobar,"Kemps Corner, South Mumbai", South Mumbai,Mumbai,"North Indian,  Chinese",4.2,40,1800
Tankstelle Bistro,"Dombivli East, Dombivali", Dombivali,Mumbai,"Multi-Cuisine,  Italian,  Chinese,  Continental,  Mexican",3.9,40,900
Cafe Mandala,"New BEL Road, North Bangalore", North Bangalore,Bangalore,"North Indian,  Fast Food",4.2,40,700
Spice Roots,"Thuraipakkam, South West Chennai", South West Chennai,Chennai,"South Indian,  North Indian",3.6,40,800
WOFL,"Banjara Hills, Central East Hyderabad", Central East Hyderabad,Hyderabad,"Desserts,  Fast Food,  Waffle",4.1,40,600
Eagles Pizza,"Kothapet, East Hyderabad", East Hyderabad,Hyderabad,"Pizza,  Italian,  Ice Cream,  Fast Food",3.4,40,600
Kebab Pavilion,"Ellaa Hotels,Gachibowli, West Hyderabad", West Hyderabad,Hyderabad,"Mughlai,  Hyderabadi",3.8,40,1500
Turque,"Sayaji Hotel,Wakad, West Pune", West Pune,Pune,"Multi-Cuisine,  North Indian,  Chinese,  Continental,  Mediterranean",4.7,40,1500
Ignite,"Courtyard by Marriott,Hinjewadi, West Pune", West Pune,Pune,"Multi-Cuisine,  Continental,  Mediterranean,  American,  Seafood",4.3,40,3000
Tamanna Multi Cuisine Restaurant & Bar,"Executive Tamanna Hotel,Hinjewadi, West Pune", West Pune,Pune,"Multi-Cuisine,  North Indian,  Chinese,  Continental,  South Indian,  Seafood,  Mughlai,  Chaat",4.2,40,1200
Anokha Baghicha,"Park Circus, South Kolkata", South Kolkata,Kolkata,"North Indian,  Chinese",3.5,40,700
Wokies,"Kalighat, South Kolkata", South Kolkata,Kolkata,"Chinese,  Asian",4,40,600
Wow! Momo,"Jadavpur, South Kolkata", South Kolkata,Kolkata,"Fast Food,  Tibetan",3.9,40,400
Three Quarter Indian,"Satellite, West Ahmedabad", West Ahmedabad,Ahmedabad,"North Indian,  Continental,  Thai,  Chinese,  Mexican,  Fast Food",4.4,40,1200
FoodInn Fine Dine,"Ashram Road, Central Ahmedabad", Central Ahmedabad,Ahmedabad,"Multi-Cuisine,  North Indian,  Chinese,  Continental,  Seafood,  Mughlai",4.1,40,1000
William John's Pizza,"Swastik Square,Maninagar, East Ahmedabad", East Ahmedabad,Ahmedabad,"Pizza,  Italian,  Desserts",4.2,40,500
Guru Nanak,"Phase 10, Mohali", Mohali,Chandigarh,"North Indian,  Chinese",3.9,40,600
Soi,"Dona Paula, North Goa", North Goa,Goa,"Goan,  Seafood",4.5,40,900
Pasta Cucina,"C Scheme, Central Jaipur", Central Jaipur,Jaipur,"Italian,  Fast Food",3.9,40,600
Playboy Club,"C Scheme, Central Jaipur", Central Jaipur,Jaipur,"Asian,  North Indian,  Chinese,  Japanese",4,40,2400
Shosha Cafebar,"Vijay Nagar, East Indore", East Indore,Indore,"Multi-Cuisine,  North Indian,  Italian,  Continental,  Mexican,  Asian",3.5,40,2200
Twilight,"Hotel WOW,Vijay Nagar, East Indore", East Indore,Indore,Finger Food,4.5,40,2200
Kochi Express,"Dugri, South Ludhiana", South Ludhiana,Ludhiana,"North Indian,  South Indian",3.9,40,700
Mad Over Donuts,"Oberoi Mall,Goregaon East, North Western", North Western,Mumbai,"Desserts,  Doughnuts,  Waffle",4.5,39,450
D'Crepes Cafe,"Avilla Apartments,Thane West, Thane", Thane,Mumbai,"Fast Food,  Chinese,  Desserts",4.5,39,1000
Saara's Cafe,"Koramangala, South Bangalore", South Bangalore,Bangalore,"Multi-Cuisine,  North Indian,  Chinese,  Continental,  Arabian,  Biryani",3.9,39,1000
Superstar Pizza,"Besant Nagar, South Chennai", South Chennai,Chennai,"Italian,  Pizza",4.2,39,800
IQ Bar,"Mercure Hyderabad KCP,Banjara Hills, Central East Hyderabad", Central East Hyderabad,Hyderabad,"North Indian,  Asian,  Finger Food",4.2,39,2500
Bench Cafe & Restaurant,"Abids, Central Hyderabad", Central Hyderabad,Hyderabad,"Italian,  Chinese",3.9,39,500
De Cafe Studio,"Malakpet, South Hyderabad", South Hyderabad,Hyderabad,"Continental,  Fast Food,  Desserts,  Coffee,  Tea",4.2,39,500
Wow! Momo,"PS Magnum,Kaikhali, 24 Parganas North", 24 Parganas North,Kolkata,"Fast Food,  Tibetan",3.8,39,400
Old Mate's,"Jodhpur Park, South Kolkata", South Kolkata,Kolkata,"Coffee,  Tea",4.1,39,400
Calcutta Bistro,"Jadavpur, South Kolkata", South Kolkata,Kolkata,"North Indian,  Chinese,  Continental",4.6,39,1000
Friends Cafeteria,"Golf Green, South Kolkata", South Kolkata,Kolkata,"Fast Food,  Desserts",4.1,39,900
The Grand Thakar,"Dev Arc Complex,Satellite, West Ahmedabad", West Ahmedabad,Ahmedabad,"North Indian,  Gujarati,  Chinese",4.5,39,800
Doner and Gyros,"Prahlad Nagar, West Ahmedabad", West Ahmedabad,Ahmedabad,"Fast Food,  Mediterranean",4.3,39,600
Shree Marutinandan,"3rd Eye-2,Navrangpura, West Ahmedabad", West Ahmedabad,Ahmedabad,"Multi-Cuisine,  North Indian,  Chinese,  Gujarati",4.1,39,700
Twisted Roots,"Bopal, West Ahmedabad", West Ahmedabad,Ahmedabad,"North Indian,  Italian,  Chinese,  Thai,  Mexican",4.1,39,1200
The Grand Vinayak Hotel,"Odhav, East Ahmedabad", East Ahmedabad,Ahmedabad,"Multi-Cuisine,  North Indian,  Italian,  Chinese,  Continental,  South Indian,  Fast Food",4.5,39,800
Daddy Waffle,"Sector 9, East Chandigarh", East Chandigarh,Chandigarh,"Desserts,  Fast Food",4.2,39,300
Patiala Shahi Tandoori Night,"Piplod, South Surat", South Surat,Surat,"North Indian,  Mughlai,  Seafood",4.2,39,800
Daryaganj,"Regal Cinema Complex,Connaught Place, Central Delhi", Central Delhi,Delhi,"North Indian,  Mughlai",4.1,38,2000
Wow! Momo,"Kamla Nagar, North Delhi", North Delhi,Delhi,"Fast Food,  Tibetan",3.3,38,400
Gung The Palace,"Green Park, South Delhi", South Delhi,Delhi,"Korean,  Seafood",4.7,38,2500
Oriental Fusion,"DLF Phase - 4, Gurgaon", Gurgaon,Gurgaon,"Oriental ,  Chinese,  Thai",4.6,38,1000
The Calcutta Club,"Near Andheri West Station, Andheri West", Andheri West,Mumbai,"Bengali,  North Indian,  Seafood",4,38,1000
Naans n Noodles,"Hotel Yogi Midtown,Turbhe, Navi Mumbai", Navi Mumbai,Mumbai,"North Indian,  Chinese",3.9,38,1000
Sammy Sosa,"Raj Infinia,Malad West, North Western", North Western,Mumbai,"Italian,  Continental,  Mexican,  Asian,  Fast Food",4.3,38,2200
Chinese Wok (Wok Express),"Viviana Mall,Thane West, Thane", Thane,Mumbai,"Chinese,  Thai,  Asian",3.6,38,800
Arab Restaurant,"Sewri, South Mumbai", South Mumbai,Mumbai,"North Indian,  Chinese,  Mughlai",3.9,38,700
Malhaar Lunch Home,"Blossom Arcade,Mira Road, North Western", North Western,Mumbai,"Seafood,  Goan,  North Indian,  Chinese",4.4,38,800
Gokul Veg,"GR Plaza,Basavanagudi, South Bangalore", South Bangalore,Bangalore,"North Indian,  Chinese",4.2,38,500
Beijing Bites,"RR Image Building,Bannerghatta Road, South Bangalore", South Bangalore,Bangalore,"Chinese,  Thai,  Seafood",4.2,38,700
Copper Kitchen,"Kotturpuram, Central Chennai", Central Chennai,Chennai,"North Indian,  Chinese,  Seafood",4.1,38,1100
Eagles Pizza,"Ohud Building,Somajiguda, Central East Hyderabad", Central East Hyderabad,Hyderabad,"Pizza,  Italian,  Ice Cream,  Fast Food",3.9,38,600
Cheesiaano Pizza,"Himayath Nagar, Central Hyderabad", Central Hyderabad,Hyderabad,"Italian,  Pizza",4.2,38,700
Seven Treats family Restaurant & Bar,"Mundhwa, East Pune", East Pune,Pune,"North Indian,  Chinese,  Seafood",4.4,38,1000
Wow! Momo,"New Empire Cinema,New Market, Central Kolkata", Central Kolkata,Kolkata,"Fast Food,  Tibetan",3.9,38,400
Wow! Momo,"Howrah, Howrah", Howrah,Kolkata,"Fast Food,  Tibetan",3.5,38,400
WTF! - Where's The Food,"Dumdum, 24 Parganas North", 24 Parganas North,Kolkata,Chinese,4.1,38,500
Roll It Out,"RDB Boulevard,Salt Lake, East Kolkata", East Kolkata,Kolkata,"Chinese,  Fast Food,  Shakes",4,38,300
BARishh,"South City Mall,Jadavpur, South Kolkata", South Kolkata,Kolkata,Modern Indian,4.1,38,800
Just Live Restaurant,"Maharaja Complex,Navrangpura, West Ahmedabad", West Ahmedabad,Ahmedabad,"Multi-Cuisine,  North Indian,  Italian,  Chinese,  Mexican",4.4,38,1200
Upsouth,"Drive in Road, West Ahmedabad", West Ahmedabad,Ahmedabad,South Indian,3.3,38,500
No Great Shakes,"Rivera Arcade,Prahlad Nagar, West Ahmedabad", West Ahmedabad,Ahmedabad,"Shakes,  Ice Cream,  Fast Food",4.3,38,500
Palms Kitchen,"Fairfield by Marriott,Usmanpura, Central Ahmedabad", Central Ahmedabad,Ahmedabad,"North Indian,  Oriental ,  Chinese,  South Indian",4.1,38,1500
Puffizza,"Campus Corner 1,Prahlad Nagar, West Ahmedabad", West Ahmedabad,Ahmedabad,"Pizza,  Italian",4,38,700
Shree Marutinandan,"Subhash Bridge, North Ahmedabad", North Ahmedabad,Ahmedabad,"Multi-Cuisine,  North Indian,  Chinese,  Gujarati",4.3,38,700
Mirch Masala,"Prime Square,Maninagar, East Ahmedabad", East Ahmedabad,Ahmedabad,"North Indian,  Mughlai",4.4,38,1400
William John's Pizza,"Motera, North Ahmedabad", North Ahmedabad,Ahmedabad,"Pizza,  Fast Food,  Drinks",3.7,38,500
Marky Momos,"Sparsh Arcade,Chandkheda, North Ahmedabad", North Ahmedabad,Ahmedabad,"Chinese,  Fast Food,  Pizza,  Burger,  Shakes",4.1,38,900
Jullundur Restaurant,"Jullundur Hotel,Sector 22, Central Chandigarh", Central Chandigarh,Chandigarh,"North Indian,  Chinese",4,38,1500
Topaz SkyDeck and FineDine,"Hotel Natraj,Mirza Ismail Road, West Jaipur", West Jaipur,Jaipur,"North Indian,  Chinese,  Continental,  Fast Food",4.5,38,800
Satva,"Grand Uniara Hotel,Narayan Singh Circle, East Jaipur", East Jaipur,Jaipur,"North Indian,  Chinese,  South Indian",4,38,1400
Town Coffee,"Malviya Nagar, South Jaipur", South Jaipur,Jaipur,"Italian,  Continental,  Coffee",4.8,38,1500
Singh Sahab,"Sapna Sangeeta Mall,Navlakha, Central Indore", Central Indore,Indore,"North Indian,  Chinese",3.1,38,800
Kyro,"Fortune Aura Rooftop,Bhanwar Kuan, South Indore", South Indore,Indore,"North Indian,  Chinese,  Mughlai",3,38,2000
Desi Videsi,"Fortune The Shopping Island,Pal Gam, West Surat", West Surat,Surat,"Fast Food,  Coffee",4.2,38,500
Hot Breads,"Kipps Market,Sarabha Nagar, West Ludhiana", West Ludhiana,Ludhiana,"Chinese,  Fast Food,  Italian,  South Indian",4.1,38,800
Taco Bell,"Connaught Place, Central Delhi", Central Delhi,Delhi,"Mexican,  Tex Mex",4,37,500
Gola Sizzlers,"Khan Market, Central Delhi", Central Delhi,Delhi,"Sizzlers,  North Indian,  Chinese",4,37,1200
Wow! Momo,"Hauz Khas Village, South Delhi", South Delhi,Delhi,"Fast Food,  Tibetan",4.1,37,400
Kesar,"Aggarwal Chambers,Pitampura, North Delhi", North Delhi,Delhi,"North Indian,  Chinese,  Fast Food",4.6,37,800
Pling,"Hotel Pullman New Delhi Aerocity,Aerocity, South Delhi", South Delhi,Delhi,"Finger Food,  North Indian,  Continental",4.1,37,3000
Rogan Tadka ​,"Goregaon East, North Western", North Western,Mumbai,"Multi-Cuisine,  North Indian,  Chinese,  Mughlai,  Fast Food",4.3,37,700
All Elements,"Khar West, Bandra", Bandra,Mumbai,"Fast Food,  Finger Food,  Desserts",4.2,37,1400
Tibbs Frankie,"Dadar West, South Mumbai", South Mumbai,Mumbai,Fast Food,4.3,37,200
Royal Rasoi,"Hawares Centurion Mall,Seawoods, Navi Mumbai", Navi Mumbai,Mumbai,"North Indian,  Chinese,  Seafood",4.5,37,1000
Dhaba Cafe,"Mariam Mansion,Lower Parel, South Mumbai", South Mumbai,Mumbai,"Street Food,  Fast Food,  Pizza",4.7,37,600
Cheelizza,"Thane West, Thane", Thane,Mumbai,"Pizza,  Fast Food",4.1,37,600
Urban Tadka,"Kalyan West, Dombivali", Dombivali,Mumbai,"North Indian,  Mughlai",4.5,37,1600
1947,"Rajajinagar, West Bangalore", West Bangalore,Bangalore,"North Indian,  Chinese",3.9,37,800
Paakashala,"JP Nagar, South Bangalore", South Bangalore,Bangalore,"North Indian,  South Indian,  Chinese,  Drinks",4.4,37,600
The Board Room,"Mylapore, Central Chennai", Central Chennai,Chennai,"Fast Food,  Italian",4.2,37,500
Reason's,"Jubilee Hills, Central West Hyderabad", Central West Hyderabad,Hyderabad,"North Indian,  Chinese",4.5,37,1800
Onesta,"Mariplex Mall,Kalyani Nagar, East Pune", East Pune,Pune,"Italian,  Fast Food,  Pizza",4.3,37,700
Ilish Truly Bong Restaurant,"Park Street, Central Kolkata", Central Kolkata,Kolkata,Bengali,4.2,37,1200
Ciel Cafe and Diner,"Salt Lake, East Kolkata", East Kolkata,Kolkata,"Multi-Cuisine,  Chinese,  Continental,  Indian Cuisine",3.9,37,700
I Love Haldiram,"Ballygunge, South Kolkata", South Kolkata,Kolkata,"Multi-Cuisine,  North Indian,  Chinese,  South Indian,  Mithai",4.4,37,400
Shree Marutinandan,"Ghodasar, East Ahmedabad", East Ahmedabad,Ahmedabad,"Multi-Cuisine,  North Indian,  Chinese,  Gujarati",3.7,37,700
Wooddy Jhones Pizza,"Shyam Shikhar Complex,Bapunagar, East Ahmedabad", East Ahmedabad,Ahmedabad,"Pizza,  Italian,  Fast Food",4.3,37,600
Dosawala,"Adalaj Gandhinagar, North Ahmedabad", North Ahmedabad,Ahmedabad,South Indian,4,37,500
Urban Cafe,"Hyatt Regency,Industrial Area Phase 1, South Chandigarh", South Chandigarh,Chandigarh,"North Indian,  Continental",4,37,1800
Navtara,"Margao, South Goa", South Goa,Goa,"Multi-Cuisine,  North Indian,  South Indian,  Goan",3.7,37,500
Zoya,"Fort,Malviya Nagar, South Jaipur", South Jaipur,Jaipur,"North Indian,  Chinese,  Continental,  Asian",4.2,37,1800
Dosa Planet,"Aliganj, North Lucknow", North Lucknow,Lucknow,"North Indian,  Chinese,  South Indian",3.9,37,800
Mama Loca,"New Palasia, Central Indore", Central Indore,Indore,"Lebanese,  Greek,  Italian",4,37,1200
TK's Oriental Grill,"Hyatt Regency Delhi,Bhikaji Cama Place, South Delhi", South Delhi,Delhi,"Thai,  Japanese,  Oriental ,  Indonesian,  Asian,  Sushi",4.5,36,4000
Rababi Food Studio,"Janakpuri, West Delhi", West Delhi,Delhi,"Chinese,  Fast Food,  Waffle",4.4,36,600
La Kababiyaa,"Dwarka, West Delhi", West Delhi,Delhi,"North Indian,  Chinese",4.5,36,900
Black Brown Coffee,"Ambience Mall,DLF Phase - 3, Gurgaon", Gurgaon,Gurgaon,"Coffee,  Italian,  Continental,  Fast Food,  Sushi",4.6,36,1100
Nisarga - South Coast Hotel,"Ghansoli, Navi Mumbai", Navi Mumbai,Mumbai,"North Indian,  Chinese,  Seafood",4.4,36,900
Beijing Bites,"Jeevan Bhima Nagar, East Bangalore", East Bangalore,Bangalore,"Chinese,  Thai,  Seafood",4,36,700
Ayur Square Veg Restaurant,"Velachery, South West Chennai", South West Chennai,Chennai,"North Indian,  Fast Food,  Chaat",4.7,36,1000
That Waffle Place,"Anna Nagar, North Chennai", North Chennai,Chennai,"Desserts,  Waffle",4.2,36,300
The Punjabis Swag,"Gachibowli, West Hyderabad", West Hyderabad,Hyderabad,"North Indian,  Chinese",4.3,36,800
Aroma Multicusine Restaurant,"Gachibowli, West Hyderabad", West Hyderabad,Hyderabad,"Multi-Cuisine,  North Indian,  Chinese,  South Indian",3.9,36,1100
The Bengal Lounge,"B B D Bagh, Central Kolkata", Central Kolkata,Kolkata,"North Indian,  Chinese,  Bengali,  Seafood",4.3,36,1200
Krazzy for Waffle,"Salt Lake, East Kolkata", East Kolkata,Kolkata,"Desserts,  Waffle,  Shakes",4.1,36,400
Azad Hind Dhaba,"Bhawanipur, South Kolkata", South Kolkata,Kolkata,North Indian,3.8,36,800
Red Bamboo Shoot,"Kasba, South Kolkata", South Kolkata,Kolkata,"Chinese,  Oriental ,  Seafood",4.2,36,800
The Chocolate Room,"Shree Vardhman Complex,Paldi, Central Ahmedabad", Central Ahmedabad,Ahmedabad,"Desserts,  Coffee,  Ice Cream,  Fast Food,  Shakes",4,36,500
City Cabana,"Hotel City Heart Premium,Sector 17, Central Chandigarh", Central Chandigarh,Chandigarh,"Multi-Cuisine,  North Indian,  Chinese,  Continental",3.7,36,1500
Midnight Vegas,"Malviya Nagar, South Jaipur", South Jaipur,Jaipur,"Multi-Cuisine,  North Indian,  Italian,  Chinese,  Continental",4.2,36,1600
Cafe Bake Well,"Hotel Crown Palace,South Tukoganj, East Indore", East Indore,Indore,"North Indian,  Chinese,  Fast Food,  Italian,  Desserts",4.2,36,600
The Beer Cafe,"BCM Heights,Vijay Nagar, East Indore", East Indore,Indore,"Finger Food,  North Indian,  Italian",3.8,36,1600
The Barbeque Delight,"Vijay Nagar, East Indore", East Indore,Indore,"North Indian,  Barbecue",4.6,36,1100
Wonders Of World,"Vayu Sena, West Nagpur", West Nagpur,Nagpur,"North Indian,  Chinese,  Continental",3.7,36,900
The Yellow Chilli,"Sarabha Nagar, West Ludhiana", West Ludhiana,Ludhiana,"North Indian,  Mughlai,  Chinese",3.9,36,1600
Sampan,"The Suryaa New Delhi,New Friends Colony, South Delhi", South Delhi,Delhi,"Asian,  Chinese,  Thai,  Japanese",4.2,35,3500
Monsoon by Cafe Lota,"Worldmark 1,Aerocity, South Delhi", South Delhi,Delhi,Indian Cuisine,4.5,35,2200
Kap’s Restro Bar & Cafe,"Vasant Square Mall,Vasant Kunj, South Delhi", South Delhi,Delhi,"North Indian,  Chinese,  Continental",4.3,35,1200
Urban Street Cafe,"Bhavya Plaza,Khar West, Bandra", Bandra,Mumbai,"Fast Food,  North Indian,  Italian,  Asian",4.3,35,600
Phelia Lounge,"Goregaon West, North Western", North Western,Mumbai,"Multi-Cuisine,  North Indian,  Oriental ,  Fast Food,  Modern Indian",4,35,2000
Matsuri,"The Chancery Hotel,Lavelle Road, Central Bangalore", Central Bangalore,Bangalore,Japanese,4.4,35,1800
Sharief Bhai,"Frazer Town, North Bangalore", North Bangalore,Bangalore,"North Indian,  Mughlai",4.2,35,600
Vembanad,"The Paul Bangalore,Domlur, East Bangalore", East Bangalore,Bangalore,"Kerala,  Seafood",4.5,35,2000
La Pino'z,"Shankar Plaza,Koramangala, South Bangalore", South Bangalore,Bangalore,"Pizza,  Fast Food",3.8,35,600
Kenzai,"New BEL Road, North Bangalore", North Bangalore,Bangalore,"Chinese,  Japanese,  Korean",3.3,35,1500
Onesta,"Rajarajeshwari Nagar, West Bangalore", West Bangalore,Bangalore,"Italian,  Fast Food,  Pizza",3.9,35,700
THE BEL ST.,"Sahakara Nagar, North Bangalore", North Bangalore,Bangalore,"American,  Italian,  Continental",4.3,35,1000
Andhra Vindu,"Yelahanka, North Bangalore", North Bangalore,Bangalore,"Multi-Cuisine,  North Indian,  Chinese,  Seafood,  Andhra,  Biryani",3.7,35,800
Tangerine,"Alwarpet, Central Chennai", Central Chennai,Chennai,"Continental,  Sizzlers",4.4,35,1500
Palmshore,"Medavakkam, South West Chennai", South West Chennai,Chennai,"Multi-Cuisine,  North Indian,  Chinese,  Seafood",4.4,35,1000
Dindigul Thalappakatti,"Vandalur, South West Chennai", South West Chennai,Chennai,"Multi-Cuisine,  North Indian,  Chinese,  South Indian,  Biryani",4.1,35,700
Waters Edge Cafe,"Radisson Blu Resort Temple Bay Mamallapuram,Mahabalipuram, South Chennai", South Chennai,Chennai,"Multi-Cuisine,  North Indian,  South Indian,  Mediterranean",4.2,35,3000
Cream Stone,"SP Road, Secunderabad", Secunderabad,Hyderabad,"Desserts,  Ice Cream,  Shakes",4.3,35,400
Kebab E Bahar,"Taj Banjara Hotel,Banjara Hills, Central East Hyderabad", Central East Hyderabad,Hyderabad,"Mughlai,  Hyderabadi",4,35,3200
The Old Madras Baking Company,"Gachibowli, West Hyderabad", West Hyderabad,Hyderabad,"Bakery and Confectionary,  Desserts,  Fast Food,  Coffee",3.9,35,800
Tulip Elite Bar,"Tulip Grand,Uppal, East Hyderabad", East Hyderabad,Hyderabad,"North Indian,  Chinese,  Seafood",4.2,35,1500
Ankapur Village Hotel,"Vanasthalipuram, East Hyderabad", East Hyderabad,Hyderabad,"North Indian,  Andhra",4.4,35,1100
Appetite,"7 Apple Hotel,Pimpri, West Pune", West Pune,Pune,"Multi-Cuisine,  North Indian,  Chinese,  Continental,  Fast Food",4,35,800
Raaga Thali and Pure Veg Restaurant,"Chinchwad, West Pune", West Pune,Pune,"North Indian,  Chinese,  South Indian,  Fast Food",4,35,1000
La Macario Cafe,"Camac Street, Central Kolkata", Central Kolkata,Kolkata,"Italian,  Continental,  Tea",4.4,35,600
Wow! Momo,"SDF Buliding,Salt Lake, East Kolkata", East Kolkata,Kolkata,"Fast Food,  Tibetan",4.5,35,400
Cheeni Kum,"Hotel Narayani Enclave,Kasba, South Kolkata", South Kolkata,Kolkata,"Multi-Cuisine,  North Indian,  Chinese,  Seafood,  Bengali",4.1,35,2400
Crossroad Cafe,"Tollygunge, South Kolkata", South Kolkata,Kolkata,"American,  Italian,  Continental",4.2,35,800
Red Bamboo Shoot,"Garia, South Kolkata", South Kolkata,Kolkata,"Chinese,  Oriental ,  North Indian",4,35,800
Shakti - The Sandwich Shop,"Aryan Work Spaces,Navrangpura, West Ahmedabad", West Ahmedabad,Ahmedabad,Fast Food,4.3,35,400
Havmor Restaurant,"Stadium Complex,Navrangpura, West Ahmedabad", West Ahmedabad,Ahmedabad,"North Indian,  Italian,  Chinese,  Desserts",4.5,35,800
R Kitchen,"Renaissance,Sola, North Ahmedabad", North Ahmedabad,Ahmedabad,"North Indian,  Continental,  Asian",4.4,35,1800
Spice Affair,"Hotel German Palace,Gandhinagar, North Ahmedabad", North Ahmedabad,Ahmedabad,"Multi-Cuisine,  Fast Food,  North Indian,  Italian,  Continental,  Asian",4,35,800
IL Forno Magico,"Phase 3, Mohali", Mohali,Chandigarh,"Chinese,  Fast Food,  Desserts",4.1,35,600
Aqua Blue,"Hotel KC Cross Road,Sector 10, Panchkula", Panchkula,Chandigarh,"Multi-Cuisine,  North Indian,  Italian,  Continental,  Oriental ",4.2,35,2500
Tirupati's Dosa Factory,"Civil Lines, North Agra", North Agra,Agra,South Indian,4.1,35,600
M's Repose Restro Lounge,"Shriram Tower,Sadar, West Nagpur", West Nagpur,Nagpur,"North Indian,  Chinese",3.3,35,1400
Biryani Blues,"Corner Market,Malviya Nagar, South Delhi", South Delhi,Delhi,"Biryani,  Hyderabadi",4.3,34,1200
Chaayos,"Pacific Mall,Tagore Garden, West Delhi", West Delhi,Delhi,"Street Food,  Tea,  Fast Food",4.3,34,500
Zooby's Kitchen,"Jasola, South Delhi", South Delhi,Delhi,"North Indian,  Chinese",4.4,34,800
The Chocolate Room,"Dwarka, West Delhi", West Delhi,Delhi,"Desserts,  Italian,  Mexican",3.8,34,1000
Barista,"Starling Mall,Sector 104, Noida", Noida,Noida,"Coffee,  Italian,  Continental,  Desserts",4.3,34,600
Victoria,"Kopar Khairane, Navi Mumbai", Navi Mumbai,Mumbai,"Chinese,  Thai",3.8,34,800
Sorrentina by Foodhall,"Santacruz West, Bandra", Bandra,Mumbai,"Italian,  Seafood",4.6,34,2500
Aqua,"The Park Hotel,MG Road, Central Bangalore", Central Bangalore,Bangalore,"North Indian,  Continental,  Seafood",3.8,34,3000
White Fog,"Koramangala, South Bangalore", South Bangalore,Bangalore,"Italian,  Fast Food,  Drinks",4.5,34,800
Two Friends Cauldron,"Disha,JP Nagar, South Bangalore", South Bangalore,Bangalore,"Italian,  Continental",4.4,34,700
B'Veg Cafe,"Gopalapuram, Central Chennai", Central Chennai,Chennai,"North Indian,  Chinese",4.6,34,500
Thaligai,"Mylapore, Central Chennai", Central Chennai,Chennai,"South Indian,  Drinks",3.5,34,500
Spice Trail,"Egmore, North Chennai", North Chennai,Chennai,"Andhra,  North Indian,  South Indian",4.1,34,800
Chidambaram New Moorthy Cafe,"Anna Nagar, North Chennai", North Chennai,Chennai,"North Indian,  South Indian,  Chinese,  Seafood",3.6,34,600
Guru Mess,"Pallikaranai, South West Chennai", South West Chennai,Chennai,South Indian,3.7,34,500
Orange Wok,"Chromepet, South West Chennai", South West Chennai,Chennai,"Asian,  Chinese,  Thai,  Seafood,  Malaysian",4.2,34,1000
Golden Dragon,"Taj Krishna Hotel,Banjara Hills, Central East Hyderabad", Central East Hyderabad,Hyderabad,Chinese,4.1,34,3500
Curry Pot,"PG Road, Secunderabad", Secunderabad,Hyderabad,"North Indian,  Chinese",4.4,34,700
Altitude Lounge Bar,"Hyderabad Marriott Hotel and Convention Centre,Tank Bund, Central Hyderabad", Central Hyderabad,Hyderabad,Continental,4.1,34,3000
Scotchman,"Royalton Hotel,Abids, Central Hyderabad", Central Hyderabad,Hyderabad,"Multi-Cuisine,  North Indian,  Chinese,  Continental,  South Indian",4.2,34,2500
Eagles Pizza,"Saroor Nagar West, East Hyderabad", East Hyderabad,Hyderabad,"Pizza,  Italian,  Ice Cream,  Fast Food",3.6,34,600
Kumbhakaran Restaurant,"A S Rao Nagar, Secunderabad", Secunderabad,Hyderabad,"North Indian,  Chinese,  Andhra",3.9,34,900
Frangipani,"Ambrosia Resort and Spa,Bavdhan, West Pune", West Pune,Pune,"North Indian,  Seafood,  Chinese,  Continental",4,34,1500
Raj Restaurant,"Howrah, Howrah", Howrah,Kolkata,"South Indian,  Street Food",4.1,34,300
Earthen Oven,"Fortune Landmark Hotel,Ashram Road, Central Ahmedabad", Central Ahmedabad,Ahmedabad,"North Indian,  Mughlai",4.4,34,1700
Back To Source - Organic Restaurant,"Sector 17, Central Chandigarh", Central Chandigarh,Chandigarh,"North Indian,  Continental,  Bakery and Confectionary",4.4,34,1200
Malt & Co,"The Piccadily Hotel,Sector 22, Central Chandigarh", Central Chandigarh,Chandigarh,"North Indian,  Italian,  American",4.2,34,1800
Mosaic,"Country Inn And Suites by Radisson Zirakpur,Ambala Road, Zirakpur", Zirakpur,Chandigarh,"North Indian,  Chinese,  Continental",4.5,34,2000
Cafe Metanoia- Grand Uniara,"Grand Uniara Hotel,Narayan Singh Circle, East Jaipur", East Jaipur,Jaipur,"Italian,  Fast Food",4.5,34,1500
Burj,"Grand Uniara Hotel,Narayan Singh Circle, East Jaipur", East Jaipur,Jaipur,Finger Food,3.2,34,2000
Love over Coffee,"Tonk Road, South Jaipur", South Jaipur,Jaipur,"Italian,  Fast Food",4.6,34,600
Socorro,"Crowne Plaza Jaipur,Tonk Road, South Jaipur", South Jaipur,Jaipur,"North Indian,  Continental,  Italian",4.6,34,2000
The Cherry Tree Cafe,"Hazratganj, Central Lucknow", Central Lucknow,Lucknow,"North Indian,  Italian,  Chinese,  Fast Food",3.3,34,1500
Cheese Factory,"Manik Bagh Road, South Indore", South Indore,Indore,Fast Food,3.9,34,400
Courtyard,"Crescent Spa And Resort,Indore By Pass Road, East Indore", East Indore,Indore,"North Indian,  Chinese",4.6,34,2100
Barbeque Nation,"Bhuwana, West Udaipur", West Udaipur,Udaipur,"North Indian,  Mughlai,  Barbecue,  Chinese",4.3,34,1300
Berco's,"Civil Lines, North Agra", North Agra,Agra,"Chinese,  Thai",4.3,34,1300
Young Wild Free Cafe,"Satya Niketan, South Delhi", South Delhi,Delhi,"Fast Food,  Italian,  Biryani",4,33,800
Nimtho,"Greater Kailash - 1, South Delhi", South Delhi,Delhi,"Nepalese,  Asian",4.3,33,1200
Kabooze,"Greater Kailash - 2, South Delhi", South Delhi,Delhi,"North Indian,  Chinese,  Fast Food",3.5,33,2200
Krispy Kreme,"DLF Mall of India,Sector 18, Noida", Noida,Noida,"Desserts,  Doughnuts,  Shakes",3.4,33,400
Jen & Cha’s,"Starling Mall,Sector 104, Noida", Noida,Noida,Fast Food,4.5,33,800
The Beer Cafe,"Advant Navis Business Park,Sector 142, Noida", Noida,Noida,"Italian,  Finger Food,  North Indian",3.7,33,1200
Mad Over Donuts,"Inorbit Mall,Vashi, Navi Mumbai", Navi Mumbai,Mumbai,"Desserts,  Doughnuts,  Waffle",4.3,33,450
Quarter Flip,"Kenilworth Shopping Arcade,Bandra West, Bandra", Bandra,Mumbai,"North Indian,  Continental,  Seafood",3.6,33,1200
Arbab,"Bandra West, Bandra", Bandra,Mumbai,"Lebanese,  Arabian",4,33,900
Fire Bowl,"Mangal Orchid CHS,Near Andheri West Station, Andheri West", Andheri West,Mumbai,"Chinese,  Continental,  Thai,  Seafood",4.3,33,800
Frozen Bottle,"Prabhadevi, South Mumbai", South Mumbai,Mumbai,"Desserts,  Shakes,  Ice Cream",4.4,33,500
Desi Curry,"Fort, South Mumbai", South Mumbai,Mumbai,"Maharashtrian,  Seafood,  Street Food",4.3,33,800
Cafe Mondo,"Basavanagudi, South Bangalore", South Bangalore,Bangalore,"Italian,  Desserts,  Coffee",4.1,33,500
Dhuaan,"Koramangala, South Bangalore", South Bangalore,Bangalore,"Fast Food,  Chinese,  Continental",4,33,700
Beijing Bites,"RT Nagar, North Bangalore", North Bangalore,Bangalore,"Chinese,  Thai,  Seafood",4.2,33,700
Based On A True Story - Bistro,"Kalyan Nagar, North Bangalore", North Bangalore,Bangalore,"Continental,  Italian,  Desserts,  Coffee,  Drinks",4.5,33,900
Punjab Grill,"Express Avenue,Royapettah, Central Chennai", Central Chennai,Chennai,"North Indian,  Mughlai",4.2,33,1800
Taco Bell,"VR Mall,Anna Nagar, North Chennai", North Chennai,Chennai,"Mexican,  Tex Mex",4.4,33,500
Cafe Litt,"Vepery, North Chennai", North Chennai,Chennai,"Continental,  Italian,  Chinese",4.4,33,1000
Apsara Ice Creams,"Himayath Nagar, Central Hyderabad", Central Hyderabad,Hyderabad,"Ice Cream,  Desserts",4.3,33,300
Belgian Waffle Factory,"Kukatpally, West Hyderabad", West Hyderabad,Hyderabad,"Desserts,  Waffle",4.2,33,400
Frozen Bottle,"Sterling Center,Camp, East Pune", East Pune,Pune,"Shakes,  Ice Cream",4.4,33,400
George Restaurant,"Camp, East Pune", East Pune,Pune,"North Indian,  Chinese",3.7,33,1000
Rangla Punjab,"Wakad, West Pune", West Pune,Pune,"North Indian,  Chinese,  Mughlai",3.7,33,1100
Shruti Restaurant & Bar,"Hotel Ratnalok,Akurdi, West Pune", West Pune,Pune,"Multi-Cuisine,  North Indian,  Chinese,  Continental,  Seafood",4.7,33,1500
"The Swig - Raajkutir, Swabhumi","Kankurgachhi, East Kolkata", East Kolkata,Kolkata,Finger Food,3.7,33,1200
Magnolia,"Park Street, Central Kolkata", Central Kolkata,Kolkata,"Continental,  North Indian,  Chinese",3.9,33,1200
Apna Dhaba,"Bhawanipur, South Kolkata", South Kolkata,Kolkata,North Indian,3.9,33,500
Chowman,"Golf Green, South Kolkata", South Kolkata,Kolkata,"Asian,  Chinese,  Thai,  Seafood,  Oriental ",4.4,33,900
The Royal Bengal Tiger Cafe,"Tollygunge, South Kolkata", South Kolkata,Kolkata,"Fast Food,  Continental,  Bengali,  Coffee",4.1,33,600
Sonamati Restaurant,"Behala, South Kolkata", South Kolkata,Kolkata,"North Indian,  Chinese,  Seafood,  Fast Food",3.9,33,700
Wokaholic,"Jadavpur, South Kolkata", South Kolkata,Kolkata,"Asian,  Chinese",3.8,33,500
Eleven 11 Restro Cafe,"Silver Radiance,Bodakdev, West Ahmedabad", West Ahmedabad,Ahmedabad,"North Indian,  Italian",3.8,33,700
The Chocolate Room,"Pavillion Mall,Naroda, North Ahmedabad", North Ahmedabad,Ahmedabad,"Desserts,  Coffee,  Ice Cream,  Fast Food,  Shakes",3.6,33,500
Orchid by Fortune Inn Haveli,"Fortune Inn Haveli,Gandhinagar, North Ahmedabad", North Ahmedabad,Ahmedabad,"North Indian,  Continental,  Oriental ",4.3,33,1000
Navtara,"Patto Centre,Panjim, North Goa", North Goa,Goa,"Multi-Cuisine,  North Indian,  South Indian,  Goan",3.9,33,500
Jail - The InDorii Cafe,"Navlakha, Central Indore", Central Indore,Indore,Fast Food,4.7,33,600
Tea'se Me - Rooftop Tea Boutique,"Tajganj, East Agra", East Agra,Agra,"Multi-Cuisine,  North Indian,  Italian,  Chinese,  Continental,  Tea",4.1,33,1400
Gypsy Grand,"Makarpura, South Vadodara", South Vadodara,Vadodara,"North Indian,  Chinese,  Italian,  South Indian",3.6,33,700
Dayro - Multi Cuisine Restaurant,"Vesu, South Surat", South Surat,Surat,"North Indian,  Gujarati,  Chinese",4.2,33,500
The Blue Parrot Cafe,"The Orion Plaza,Kalkaji, South Delhi", South Delhi,Delhi,"North Indian,  Thai,  Asian,  Continental",4,32,1300
Berco's,"North Eye Mall,Sector 72, Noida", Noida,Noida,"Chinese,  Thai",4.3,32,1300
Taco Bell,"Ardee Mall,Ardee City, Gurgaon", Gurgaon,Gurgaon,"Mexican,  Tex Mex,  Tex Mex",4.2,32,500
Cafe Grub Up,"Sector 15, Faridabad", Faridabad,Noida,"Fast Food,  Italian,  Chinese,  Thai,  Mexican,  American",4,32,600
1441 Pizzeria,"Chembur, Central Suburbs", Central Suburbs,Mumbai,"Pizza,  Italian",4.3,32,1200
It's Mirchi,"Ramee Guestline Hotel,Juhu, Andheri West", Andheri West,Mumbai,"North Indian,  Italian,  Continental",4,32,1900
Heng Bok,"Suburbia Mall,Bandra West, Bandra", Bandra,Mumbai,"Korean,  Seafood",4.5,32,2500
Mad Over Donuts,"Inorbit Mall,Malad West, North Western", North Western,Mumbai,"Desserts,  Doughnuts,  Waffle",4.3,32,450
The Bombay Cartel,"Kamala Mills Compound,Lower Parel, South Mumbai", South Mumbai,Mumbai,"North Indian,  Italian,  Chinese,  Continental",4.2,32,1800
Tea Trails,"Brigade Road, Central Bangalore", Central Bangalore,Bangalore,"Street Food,  Tea",4.2,32,600
R Bar,"Renaissance Hotel,Race Course Road, West Bangalore", West Bangalore,Bangalore,"Continental,  North Indian",4.3,32,1500
Paakashala,"Malleshwaram, West Bangalore", West Bangalore,Bangalore,"North Indian,  Chinese",4.3,32,600
Nazaara,"Courtyard By Marriott Hebbal,Hebbal, North Bangalore", North Bangalore,Bangalore,North Indian,4.5,32,2600
Onesta,"Yelahanka, North Bangalore", North Bangalore,Bangalore,"Italian,  Fast Food,  Pizza",3.9,32,700
Dindigul Thalappakatti,"Nungambakkam, Central Chennai", Central Chennai,Chennai,"Multi-Cuisine,  North Indian,  Chinese,  South Indian,  Biryani",4.1,32,700
Abid's,"Chetpet, Central Chennai", Central Chennai,Chennai,"Seafood,  Chinese,  Arabian,  Hyderabadi",4.4,32,800
Palmshore,"Egmore, North Chennai", North Chennai,Chennai,"Multi-Cuisine,  North Indian,  Chinese,  Seafood",4.6,32,1000
Dindigul Thalappakatti,"Ramapuram, West Chennai", West Chennai,Chennai,"Multi-Cuisine,  North Indian,  Chinese,  South Indian,  Biryani",3.9,32,700
Seven Spices,"Somajiguda, Central East Hyderabad", Central East Hyderabad,Hyderabad,"Andhra,  North Indian,  Biryani",4.2,32,900
Cream Stone,"South India Shopping Mall,Kukatpally, West Hyderabad", West Hyderabad,Hyderabad,"Desserts,  Ice Cream,  Shakes",4.5,32,400
Galaxy,"Hotel Orbett,Deccan Gymkhana, West Pune", West Pune,Pune,"North Indian,  Oriental ",3.6,32,1200
Community Cafe,"Kothrud, West Pune", West Pune,Pune,"Fast Food,  North Indian,  Italian,  Mexican",4,32,700
The Doner Company,"Koregaon Park, East Pune", East Pune,Pune,"Fast Food,  Health Food,  Coffee",4.5,32,800
Cafe Buddy's Espresso,"Konark Epitome,Viman Nagar, East Pune", East Pune,Pune,"Fast Food,  Coffee",4.4,32,600
Green Court Resto N Bar,"Wanowrie, South Pune", South Pune,Pune,"North Indian,  Continental,  South Indian",3.5,32,1000
Monginis,"Girish Park, North Kolkata", North Kolkata,Kolkata,"Desserts,  Bakery and Confectionary,  Fast Food",4.3,32,200
The Coffee Bean & Tea Leaf,"Quest Mall,Ballygunge, South Kolkata", South Kolkata,Kolkata,"Coffee,  Fast Food",4.2,32,500
Skai Restaurant and Lounge,"Quest Mall,Ballygunge, South Kolkata", South Kolkata,Kolkata,"European,  Asian",4.6,32,2500
The Green House,"Gariahat, South Kolkata", South Kolkata,Kolkata,"Italian,  Continental",4.6,32,1000
Vault,"Desapriya Park, South Kolkata", South Kolkata,Kolkata,"Finger Food,  Fast Food",4.2,32,1500
Wow! Momo,"Tollygunge, South Kolkata", South Kolkata,Kolkata,"Fast Food,  Tibetan",4.1,32,400
Punjabiyat,"Time Square 2,Bodakdev, West Ahmedabad", West Ahmedabad,Ahmedabad,North Indian,4.5,32,1300
Shree Marutinandan,"Gota, North Ahmedabad", North Ahmedabad,Ahmedabad,"Multi-Cuisine,  North Indian,  Chinese,  Gujarati",3.9,32,700
Palacio,"7 Wonders Hotel,Gandhinagar, North Ahmedabad", North Ahmedabad,Ahmedabad,"North Indian,  Chinese,  Continental,  Italian,  Mexican,  Barbecue,  Sizzlers",4.5,32,1000
Cinnabon,"Elante Mall,Industrial Area Phase 1, South Chandigarh", South Chandigarh,Chandigarh,"Bakery and Confectionary,  Desserts,  Fast Food",4.5,32,500
Yo! China,"Sector 59, Mohali", Mohali,Chandigarh,Chinese,4.2,32,1300
Serenade,"The Bella Vista Hotel,Sector 5, Panchkula", Panchkula,Chandigarh,"Multi-Cuisine,  North Indian,  Italian,  Continental,  Oriental ",3.7,32,1200
Chai Kaapi,"Indore By Pass Road, East Indore", East Indore,Indore,"Fast Food,  Tea",2.6,32,400
Cafe Blue Turtle,"Indore By Pass Road, East Indore", East Indore,Indore,"North Indian,  Fast Food,  Italian",4.3,32,1500
The Chai Story,"Naraina, West Delhi", West Delhi,Delhi,"Fast Food,  Tea",4.3,31,400
LIT Ultrabar,"Sector 18, Noida", Noida,Noida,"Finger Food,  North Indian,  Chinese,  Continental,  American",3.9,31,1500
Resto Yaaar,"Sector 63, Noida", Noida,Noida,"North Indian,  Chinese,  Fast Food",4.4,31,1200
Fabcafe by Fabindia,"Sector 29, Gurgaon", Gurgaon,Gurgaon,"Health Food,  Modern Indian,  North Indian,  Continental",4.4,31,1200
Cafe Amigos,"Sunrise Shopping Center,Thane West, Thane", Thane,Mumbai,"Fast Food,  Italian,  Continental",4.2,31,1000
The Nawaabs,"Kharghar, Navi Mumbai", Navi Mumbai,Mumbai,"North Indian,  Mughlai",4.3,31,800
Beijing Bites,"Vidyaranyapura, North Bangalore", North Bangalore,Bangalore,"Chinese,  Thai,  Seafood",4.1,31,700
Kapoor's Cafe,"Electronic City, South Bangalore", South Bangalore,Bangalore,North Indian,4.1,31,700
Dindigul Thalappakatti,"Thyagaraya Nagar, Central Chennai", Central Chennai,Chennai,"Multi-Cuisine,  North Indian,  Chinese,  South Indian,  Biryani",4,31,700
The Funnel Hill Creamery,"Jubilee Hills, Central West Hyderabad", Central West Hyderabad,Hyderabad,"Desserts,  Fast Food",4,31,1000
Theory Cafe & Dessert Bar,"Jubilee Hills, Central West Hyderabad", Central West Hyderabad,Hyderabad,"Continental,  Fast Food,  Shakes",3.9,31,1200
Cafe Avail,"Indu Arcade,Sainikpuri, Secunderabad", Secunderabad,Hyderabad,"Continental,  Fast Food",4.3,31,500
Cream Stone,"Satyanarayana Arcade,Gachibowli, West Hyderabad", West Hyderabad,Hyderabad,"Desserts,  Ice Cream,  Shakes",4.3,31,400
Parathas & More,"Kondapur, West Hyderabad", West Hyderabad,Hyderabad,"North Indian,  Street Food",4.3,31,600
Kinara Grand,"A S Rao Nagar, Secunderabad", Secunderabad,Hyderabad,"North Indian,  Chinese",4.1,31,1000
Kulture Sports Bar,"Hoysala inn,Kompally, Secunderabad", Secunderabad,Hyderabad,"North Indian,  Chinese,  South Indian",3.4,31,1500
Santosh Klub,"Lingampally, West Hyderabad", West Hyderabad,Hyderabad,"North Indian,  Chinese",4.6,31,800
Akshay Pure Veg Family Restaurant,"Balewadi, West Pune", West Pune,Pune,"North Indian,  Chinese,  South Indian",4.1,31,600
Amrita Pure Veg,"Baner, West Pune", West Pune,Pune,"North Indian,  Chinese,  South Indian,  Fast Food",4.4,31,600
Sanjha Chulha,"Park Circus, South Kolkata", South Kolkata,Kolkata,"North Indian,  Chinese,  Mughlai",4,31,500
Mugs And Shots,"Taltala, Central Kolkata", Central Kolkata,Kolkata,"North Indian,  Italian,  Chinese",3.9,31,1000
The Food Storey,"Kalighat, South Kolkata", South Kolkata,Kolkata,"Continental,  Asian",4.3,31,1000
Captain's Deck Bar and Grill,"Southern Avenue, South Kolkata", South Kolkata,Kolkata,"Multi-Cuisine,  North Indian,  Chinese,  Continental,  Seafood",3.8,31,1500
Chopstick,"Kalighat, South Kolkata", South Kolkata,Kolkata,"Multi-Cuisine,  North Indian,  Chinese,  Continental,  Mexican,  Sizzlers",3.8,31,700
Krazzy for Waffle,"Prince Anwar Shah Road, South Kolkata", South Kolkata,Kolkata,"Desserts,  Waffle",4,31,400
FryDe Cafe,"Belgharia, 24 Parganas North", 24 Parganas North,Kolkata,"Italian,  Fast Food",4.3,31,500
Azad Hind Dhaba,"Pecon Tower,Rajarhat, 24 Parganas North", 24 Parganas North,Kolkata,"North Indian,  Chinese",3.7,31,800
The Village,"Club Eco Vista,Rajarhat, 24 Parganas North", 24 Parganas North,Kolkata,"North Indian,  Chinese",4,31,1100
Mleko,"Navrangpura, West Ahmedabad", West Ahmedabad,Ahmedabad,"Desserts,  Shakes,  Fast Food",4.6,31,700
Ambrosia The Multicuisine Restaurant,"Atithi The Hotel,Ellis Bridge, Central Ahmedabad", Central Ahmedabad,Ahmedabad,"Multi-Cuisine,  North Indian,  Chinese,  Continental,  South Indian",4.3,31,800
Cafe Upper Crust,"Shubham Complex,Vastrapur, West Ahmedabad", West Ahmedabad,Ahmedabad,"Italian,  European,  Multi-Cuisine,  Chinese,  Continental",4.7,31,1000
Cheers,"One World Capital,Bodakdev, West Ahmedabad", West Ahmedabad,Ahmedabad,"Ice Cream,  Shakes,  Desserts,  Coffee",4.5,31,400
Sankalp,"Lakhani Chambers,Bapunagar, East Ahmedabad", East Ahmedabad,Ahmedabad,"South Indian,  Desserts,  Biryani",4,31,500
Ranu's Kitchen,"Gota, North Ahmedabad", North Ahmedabad,Ahmedabad,"North Indian,  Italian,  Continental,  Oriental ,  Chinese",4.9,31,1100
President Lounge,"Gandhinagar, North Ahmedabad", North Ahmedabad,Ahmedabad,Italian,4.3,31,1000
French Press Cafe,"Sector 16, Central Chandigarh", Central Chandigarh,Chandigarh,"Italian,  Fast Food",4.2,31,1400
The Snobb Cafe & Bar,"Sector 26, East Chandigarh", East Chandigarh,Chandigarh,"North Indian,  Finger Food",4.5,31,1200
Pint House,"Sodala, West Jaipur", West Jaipur,Jaipur,"Multi-Cuisine,  North Indian,  Italian,  Chinese,  Lebanese",4.1,31,1100
Retro Bistro,"Vadiwadi, Central Vadodara", Central Vadodara,Vadodara,"North Indian,  Chinese,  Continental,  Bakery and Confectionary,  Coffee,  Shakes",4.6,31,1300
Pizza Da Dhaba,"Kendranagar, East Vadodara", East Vadodara,Vadodara,"Pizza,  Fast Food",4.2,31,500
Kafe B2,"Krutika Society,City Light, South Surat", South Surat,Surat,Fast Food,4.5,31,400
Unplugged Cafe N Bar,"Kipps Market,Sarabha Nagar, West Ludhiana", West Ludhiana,Ludhiana,"North Indian,  Continental,  Oriental ,  Italian",4,31,1900
Rustic Cafe,"Satya Niketan, South Delhi", South Delhi,Delhi,"Fast Food,  Italian,  Chinese,  Continental",3.9,30,800
Chaayos,"Epicuria Food Mall,Nehru Place, South Delhi", South Delhi,Delhi,"Street Food,  Tea,  Fast Food",4.3,30,500
The Aravali Story,"Sector 43, Faridabad", Faridabad,Noida,"North Indian,  Fast Food",3.9,30,900
Silbuttah Story,"Sector 12, Faridabad", Faridabad,Noida,"North Indian,  Oriental ,  Fast Food",4.2,30,1800
Shakey Wakey,"Oshiwara, North Western", North Western,Mumbai,"Juice,  Shakes,  Fast Food",4.7,30,300
Dinshaw's Xpress Cafe,"Oshiwara, North Western", North Western,Mumbai,"Ice Cream,  Italian,  Continental,  Parsi,  Desserts",4.5,30,1500
Spice It,"Ibis Hotel,Turbhe, Navi Mumbai", Navi Mumbai,Mumbai,"Continental,  European,  North Indian,  Chinese",4.1,30,1200
Soul Fry,"Silver Croft Building,Bandra West, Bandra", Bandra,Mumbai,"Seafood,  Goan",3.9,30,1000
Meraki,"Bandra West, Bandra", Bandra,Mumbai,"Chinese,  Thai,  Burmese",4.2,30,600
Banana Leaf,"Korum Mall,Thane West, Thane", Thane,Mumbai,"South Indian,  Street Food",4.3,30,1000
Bareerah Multicuisine Restaurant,"Vasanth Nagar, Central Bangalore", Central Bangalore,Bangalore,"Chinese,  Continental,  Arabian,  North Indian",4.1,30,500
Flavours,"Shravanthi Sarovar Portico,JP Nagar, South Bangalore", South Bangalore,Bangalore,"Continental,  North Indian,  South Indian",3.6,30,1000
Avista Wine Bar & Pizzeria,"Sahakara Nagar, North Bangalore", North Bangalore,Bangalore,Italian,4.1,30,800
D Kitchen 54,"Rajarajeshwari Nagar, West Bangalore", West Bangalore,Bangalore,"North Indian,  Italian,  Chinese",3.6,30,900
Flavors of India,"Bellandur, South Bangalore", South Bangalore,Bangalore,"North Indian,  South Indian",4.1,30,1300
Kaaraikudi,"VR Mall,Anna Nagar, North Chennai", North Chennai,Chennai,"Chettinad,  South Indian",3.6,30,900
Saudi Arabian Restaurant,"Ameerpet, Central East Hyderabad", Central East Hyderabad,Hyderabad,"Arabian,  Mughlai",4.1,30,700
Sofrehh Persian Bistro,"Jubilee Hills, Central West Hyderabad", Central West Hyderabad,Hyderabad,"Persian,  Fast Food",4.1,30,600
Apsara Ice Creams,"Kukatpally, West Hyderabad", West Hyderabad,Hyderabad,"Ice Cream,  Desserts",4.4,30,300
Artistry,"Novotel,Kothaguda, West Hyderabad", West Hyderabad,Hyderabad,"Italian,  Indian Cuisine,  Finger Food",4.1,30,2000
Cream Stone,"Chanda Nagar, West Hyderabad", West Hyderabad,Hyderabad,"Desserts,  Ice Cream",4.3,30,400
Chafa Cafe And Studio,"Koregaon Park, East Pune", East Pune,Pune,"Health Food,  Italian,  Continental",4.8,30,1000
Cafe Peter,"Waman Ganesh Complex,Bavdhan, West Pune", West Pune,Pune,"Italian,  Japanese,  Korean,  Desserts,  Coffee,  Waffle",4.1,30,900
Hotel Saudagar,"Pimple Saudagar, West Pune", West Pune,Pune,"North Indian,  Chinese,  Seafood",4.2,30,1200
Red Kitchen and Lounge,"Jessore Road, 24 Parganas North", 24 Parganas North,Kolkata,"North Indian,  Chinese",4.4,30,900
The Chaiwala,"Hindustan Park, South Kolkata", South Kolkata,Kolkata,"Fast Food,  Tea",4.5,30,600
Wind & Water,"Fortune Landmark Hotel,Ashram Road, Central Ahmedabad", Central Ahmedabad,Ahmedabad,Continental,4.5,30,1500
South Leaf,"Shapath IV,Prahlad Nagar, West Ahmedabad", West Ahmedabad,Ahmedabad,South Indian,4.1,30,800
Prelude,"Bodakdev, West Ahmedabad", West Ahmedabad,Ahmedabad,"Italian,  Pizza,  Mexican",4.4,30,900
Hibachi,"Hotel Icon,Sector 8, East Chandigarh", East Chandigarh,Chandigarh,"Asian,  Chinese,  Thai,  Japanese,  Seafood,  Sushi",4.4,30,2000
Saffron,"JW Marriott Hotel,Sector 35, West Chandigarh", West Chandigarh,Chandigarh,"North Indian,  North West Frontier,  Seafood",4.4,30,2400
Forest Hill Resort’s Green Emerald,"Naya Gaon, North Chandigarh", North Chandigarh,Chandigarh,"North Indian,  Chinese",4.1,30,2700
Cremeux,"Panjim, North Goa", North Goa,Goa,"Italian,  Fast Food,  Desserts",4.3,30,800
Yaki Zushi,"Sangolda, North Goa", North Goa,Goa,"Asian,  Chinese,  Thai,  Japanese,  Seafood",4.1,30,1600
Shikaar Bagh,"Hotel Narain Niwas Palace,Narayan Singh Circle, East Jaipur", East Jaipur,Jaipur,Multi-Cuisine,4.4,30,2000
The Messy Door,"Shastri Nagar, North Jaipur", North Jaipur,Jaipur,"Italian,  Shakes,  Waffle",4.5,30,700
Baradari,"Pink CIty, Central Jaipur", Central Jaipur,Jaipur,"North Indian,  Italian,  Continental",4.4,30,2400
Apsara Ice Cream,"Vaishali Nagar, West Jaipur", West Jaipur,Jaipur,"Desserts,  Ice Cream",4.4,30,300
My French Bistro,"Malviya Nagar, South Jaipur", South Jaipur,Jaipur,"Fast Food,  Italian,  Chinese,  Pizza,  Tea,  Drinks,  Waffle",4,30,700
Rominus Pizza and Burger,"Mansarovar, South Jaipur", South Jaipur,Jaipur,"Fast Food,  Pizza",3.9,30,600
Hooked,"Hotel Royal Empire,Malviya Nagar, South Jaipur", South Jaipur,Jaipur,Finger Food,3.7,30,1000
Split Bean,"Vijay Nagar, East Indore", East Indore,Indore,"North Indian,  Italian,  Chinese",3.1,30,1000
BeingFit Kitchen & Cafe,"Panchwati, Central Udaipur", Central Udaipur,Udaipur,"Italian,  Continental,  Mexican",4.3,30,400
Chaska Restaurant,"Kamla Nagar, North Agra", North Agra,Agra,"North Indian,  Chinese,  Fast Food,  South Indian",3.9,30,900
Laxmi Film City Garden Restaurant,"Sayajipura, East Vadodara", East Vadodara,Vadodara,"North Indian,  South Indian",4.2,30,600
Coffee King,"Adajan Gam, West Surat", West Surat,Surat,"Coffee,  Tea,  Italian,  Fast Food,  Shakes",4.3,30,800
Indian Summer,"Industrial Area, South Ludhiana", South Ludhiana,Ludhiana,"North Indian,  Chinese",4.6,30,2500
Kaafila Rest 'O' Bar,"Karkardooma Community Center,Karkardooma, East Delhi", East Delhi,Delhi,"North Indian,  Chinese,  Continental,  Mughlai",3.5,29,1700
Dilli Darbar,"Janak Place District Centre,Janakpuri, West Delhi", West Delhi,Delhi,"North Indian,  Chinese,  Mughlai",3.9,29,1500
Tequila Express,"Vikaspuri, West Delhi", West Delhi,Delhi,"North Indian,  Chinese",4.3,29,1600
Dev's Restaurant & Bar,"TOT Mall,Sector 62, Noida", Noida,Noida,"North Indian,  Chinese,  Asian,  Mughlai",4.1,29,1800
Pind Balluchi,"Raj Nagar, Ghaziabad", Ghaziabad,Ghaziabad,"North Indian,  Mughlai",3.9,29,1800
Zosse,"Crown Plaza Mall,Sector 15A, Faridabad", Faridabad,Noida,"North Indian,  Chinese,  Fast Food",4.5,29,2500
Qebab Quisine,"Radisson MIDC,Near Andheri East Station, Andheri East", Andheri East,Mumbai,"North Indian,  Mughlai",4.1,29,2800
Atithi Family Restaurant,"Mulund West, Central Suburbs", Central Suburbs,Mumbai,"North Indian,  Chinese,  Seafood,  Mughlai",4.3,29,1800
Lord Forklore,"Sul Building,Airoli, Navi Mumbai", Navi Mumbai,Mumbai,"Multi-Cuisine,  North Indian,  Italian,  Chinese,  Continental,  Mexican",4.4,29,1000
Bruciato Food Factory,"Near Andheri West Station, Andheri West", Andheri West,Mumbai,"Italian,  Fast Food",3.9,29,1000
Sky Dhaba,"Kalyan West, Dombivali", Dombivali,Mumbai,"North Indian,  Chinese",3.3,29,1100
Leon Grill,"House Of Lord Complex,St. Marks Road, Central Bangalore", Central Bangalore,Bangalore,"Mexican,  Burger,  Fast Food",4.3,29,600
Urban Solace,"Ulsoor, Central Bangalore", Central Bangalore,Bangalore,"Continental,  American,  Coffee",4.3,29,800
Pin Me Down,"BTM Layout, South Bangalore", South Bangalore,Bangalore,"Italian,  Mexican,  Continental,  Street Food",4.3,29,700
Nandhini Deluxe,"Koramangala, South Bangalore", South Bangalore,Bangalore,"Multi-Cuisine,  North Indian,  Chinese,  Seafood,  Andhra",3.8,29,1300
Nandhini Deluxe,"Jaykar Complex,New BEL Road, North Bangalore", North Bangalore,Bangalore,"Multi-Cuisine,  North Indian,  Chinese,  Seafood,  Andhra",3.5,29,1300
Barbeque Delight,"MBR Complex,Sarjapur Road, South Bangalore", South Bangalore,Bangalore,"Multi-Cuisine,  North Indian,  Chinese,  Kerala",4,29,700
Cuppa Redifined,"HSR Layout, South Bangalore", South Bangalore,Bangalore,"Continental,  Health Food",3.9,29,700
Empire Restaurant,"Brookefields, East Bangalore", East Bangalore,Bangalore,"North Indian,  Kerala,  South Indian,  Seafood,  Biryani",4.3,29,700
Brownie Heaven,"Royapettah, Central Chennai", Central Chennai,Chennai,"Desserts,  Bakery and Confectionary",4.3,29,400
The Eatery,"Four Points by Sheraton Chennai OMR,Sholinganallur, South West Chennai", South West Chennai,Chennai,"North Indian,  Continental,  Oriental ",3.7,29,1600
Tre-Forni,"Park Hyatt Hotel,Banjara Hills, Central East Hyderabad", Central East Hyderabad,Hyderabad,Italian,4.3,29,3000
Eaterniaa,"Park Street, Central Kolkata", Central Kolkata,Kolkata,"Chinese,  Continental,  Seafood",4.6,29,600
On The Way,"Topsia, East Kolkata", East Kolkata,Kolkata,"Continental,  Finger Food,  Fast Food",4.2,29,1400
Raya Bar & Lounge,"Pipal Tree Hotel,New Town, 24 Parganas North", 24 Parganas North,Kolkata,Finger Food,4.2,29,1500
Silver Leaf,"Cama Hotel,Khanpur, Central Ahmedabad", Central Ahmedabad,Ahmedabad,"Multi-Cuisine,  North Indian,  Continental,  Mexican,  European,  Oriental ",4,29,1200
Shree Marutinandan,"Bodakdev, West Ahmedabad", West Ahmedabad,Ahmedabad,"Multi-Cuisine,  North Indian,  Chinese,  Gujarati",4.2,29,700
Captain Sam's,"Sector 70, Mohali", Mohali,Chandigarh,"Pizza,  Fast Food",3.7,29,700
The Grand Dine,"Ramada Plaza,Ambala Road, Zirakpur", Zirakpur,Chandigarh,"North Indian,  Chinese,  Continental",4.1,29,1600
Taco Bell,"V. R Mall,Phase 1, Mohali", Mohali,Chandigarh,"Mexican,  Tex Mex",4.4,29,500
Laranja,"Cidade De Goa,Panjim, North Goa", North Goa,Goa,"Seafood,  Goan,  North Indian,  Mediterranean",4.1,29,1000
Kanha,"C Scheme, Central Jaipur", Central Jaipur,Jaipur,"North Indian,  Fast Food,  Chinese,  South Indian",4.6,29,500
Mamu's Infusion,"Vaishali Nagar, West Jaipur", West Jaipur,Jaipur,"Italian,  North Indian,  Chinese,  Mexican,  Fast Food",4.4,29,700
Kanha,"Malviya Nagar, South Jaipur", South Jaipur,Jaipur,"North Indian,  Fast Food,  Chinese,  South Indian",4,29,500
The ICF Lounge,"Sudama Nagar, South Indore", South Indore,Indore,"North Indian,  Fast Food,  Chinese",3.7,29,600
The Veg Factory,"Adajan Gam, West Surat", West Surat,Surat,"North Indian,  Chinese,  Continental,  Fast Food",4.2,29,800
Chaayos,"DLF Mall of India,Sector 18, Noida", Noida,Noida,"Street Food,  Tea,  Fast Food",4.2,28,500
Kaffiiaa,"Sector 18, Noida", Noida,Noida,"Italian,  Fast Food,  Continental,  Seafood",4.1,28,1500
Oriental Fusion,"Baani Square,Sector 50, Gurgaon", Gurgaon,Gurgaon,"Oriental ,  Chinese,  Thai",4.3,28,1000
Yoko Sizzlers,"Viviana Mall,Thane West, Thane", Thane,Mumbai,"Fast Food,  Sizzlers,  Seafood",3.9,28,2400
Mad Over Donuts,"Bhattad Towers,Borivali West, North Western", North Western,Mumbai,"Desserts,  Doughnuts,  Waffle",4.4,28,450
Smoor,"Koramangala, South Bangalore", South Bangalore,Bangalore,"Italian,  Asian,  Desserts,  Drinks",4.5,28,1600
Dr. Sheesha,"Rajajinagar, West Bangalore", West Bangalore,Bangalore,"Italian,  North Indian,  Chinese",4.3,28,600
Go Native,"HSR Layout, South Bangalore", South Bangalore,Bangalore,"Health Food,  Modern Indian,  South Indian,  Desserts",4.4,28,800
Sikori,"Kalyan Nagar, North Bangalore", North Bangalore,Bangalore,"North Indian,  Chinese,  Street Food,  Mithai",3.8,28,600
AJ-125,"Marathahalli, East Bangalore", East Bangalore,Bangalore,"North Indian,  Chinese",4.5,28,800
Waf Bites,"KK Nagar, West Chennai", West Chennai,Chennai,"Desserts,  Waffle",4.5,28,300
That Madras Place,"Adyar, South Chennai", South Chennai,Chennai,"Italian,  European,  Drinks",4.1,28,800
Dindigul Thalappakatti,"Medavakkam, South West Chennai", South West Chennai,Chennai,"Multi-Cuisine,  North Indian,  Chinese,  South Indian,  Biryani",4.3,28,700
Waterside Cafe,"Taj Banjara Hotel,Banjara Hills, Central East Hyderabad", Central East Hyderabad,Hyderabad,"North Indian,  Continental",3.8,28,3000
London Bubble Co.,"Dilsukh Nagar, East Hyderabad", East Hyderabad,Hyderabad,"Desserts,  Waffle",3.5,28,500
Grandiose,"Kukatpally, West Hyderabad", West Hyderabad,Hyderabad,"North Indian,  Chinese,  Arabian",3.5,28,800
Driven Cafe,"Kapil Towers,Gachibowli, West Hyderabad", West Hyderabad,Hyderabad,"Coffee,  Fast Food",4.3,28,600
Over The Flow,"Hotel Swagath Grand,Hafeezpet, West Hyderabad", West Hyderabad,Hyderabad,Fusion,3.9,28,1200
Samruddhi Pure Veg,"Vishrantwadi, East Pune", East Pune,Pune,"North Indian,  Chinese",4.2,28,600
Grub Jars,"Nine Hills Plaza,NIBM Road, South Pune", South Pune,Pune,"Fast Food,  Health Food",4.3,28,800
Upsouth,"Undri City Center,NIBM Road, South Pune", South Pune,Pune,"South Indian,  North Indian",3.5,28,400
The London Shakes,"Phool Bagan, North Kolkata", North Kolkata,Kolkata,"Fast Food,  Shakes",4.2,28,500
C.I.T. Cafe,"Entally, Central Kolkata", Central Kolkata,Kolkata,"Chinese,  Seafood",3.8,28,1000
WTF! - Where's The Food,"Salt Lake, East Kolkata", East Kolkata,Kolkata,Chinese,4.6,28,500
Calcutta Bistro,"DLF Galleria,New Town, 24 Parganas North", 24 Parganas North,Kolkata,"North Indian,  Chinese,  Continental",4.5,28,1000
Hatari,"Garia, South Kolkata", South Kolkata,Kolkata,"Chinese,  North Indian,  Seafood",3.9,28,1000
Wow! Momo,"Sodepur, 24 Parganas North", 24 Parganas North,Kolkata,"Fast Food,  Tibetan",3.6,28,400
Fozzie's Pizzaiolo,"Navrangpura, West Ahmedabad", West Ahmedabad,Ahmedabad,"Italian,  Fast Food,  Continental,  Mexican,  Pizza",4.5,28,1000
William John's Pizza,"Super Plaza,Vastrapur, West Ahmedabad", West Ahmedabad,Ahmedabad,"Pizza,  Italian",3.5,28,500
Havmor Restaurant,"Shivalik Arcade,Prahlad Nagar, West Ahmedabad", West Ahmedabad,Ahmedabad,"North Indian,  Chinese,  Continental,  World Cuisine",4.6,28,800
The Chocolate Room,"Sector 59, Mohali", Mohali,Chandigarh,"Italian,  Mexican,  Desserts,  Fast Food",4.7,28,800
The Barbeque Paradise,"Ambala Road, Zirakpur", Zirakpur,Chandigarh,"North Indian,  Chinese",4.1,28,1200
Fat Rabbit,"Bani Park, Central Jaipur", Central Jaipur,Jaipur,"North Indian,  Continental,  Oriental ,  Sushi",4.5,28,1500
Handi Fusion,"Hotel Maya Mansion,Mirza Ismail Road, West Jaipur", West Jaipur,Jaipur,"North Indian,  Italian,  Chinese",4.1,28,1600
Queens Hub,"Malviya Nagar, South Jaipur", South Jaipur,Jaipur,"Fast Food,  North Indian,  Continental,  Asian,  Drinks",3.8,28,2500
Cafe Quane,"Hotel Ramada,Junab Ganj, South Lucknow", South Lucknow,Lucknow,"North Indian,  Continental,  Oriental ,  Awadhi",4.7,28,1400
Riddhi Siddhi,"Vijay Nagar, East Indore", East Indore,Indore,"North Indian,  South Indian",3.1,28,700
Shamiana  Restaurant,"Ambamata, West Udaipur", West Udaipur,Udaipur,"North Indian,  Continental",3.9,28,500
Cafe Pluto,"Alkapuri, Central Vadodara", Central Vadodara,Vadodara,"Fast Food,  Pizza",4.3,28,400
Megu,"The Leela Palace,Chanakyapuri, South Delhi", South Delhi,Delhi,"Japanese,  Seafood",4.3,27,5000
Mad Over Donuts,"Lajpat Nagar - 2, South Delhi", South Delhi,Delhi,"Desserts,  Doughnuts",4,27,400
Chaayos,"Greater Kailash - 2, South Delhi", South Delhi,Delhi,"Street Food,  Tea,  Fast Food",4.3,27,500
Krispy Kreme,"Worldmark 1,Aerocity, South Delhi", South Delhi,Delhi,"Desserts,  Doughnuts",3.9,27,400
Le Chef Resto Bar,"Sector 37, Faridabad", Faridabad,Noida,"North Indian,  Chinese,  Continental",4,27,1500
Chattynadu,"Sushant Lok, Gurgaon", Gurgaon,Gurgaon,"South Indian,  Kerala",4.6,27,800
Ladera,"Clarens Hotel,Sector 29, Gurgaon", Gurgaon,Gurgaon,"Multi-Cuisine,  Italian,  Continental,  Mediterranean,  Greek",4.6,27,4000
Chaayos,"Good Earth City Centre Mall,Sector 50, Gurgaon", Gurgaon,Gurgaon,"Street Food,  Tea,  Fast Food",4,27,500
Mad Over Donuts,"R City Mall,Ghatkopar West, Central Suburbs", Central Suburbs,Mumbai,"Desserts,  Doughnuts,  Waffle",4.6,27,450
Ottoman Cafe,"Versova, Andheri West", Andheri West,Mumbai,"North Indian,  Chinese,  Continental,  Mughlai",4.3,27,1500
Tibbs Frankie,"Infiniti Mall,Malad West, North Western", North Western,Mumbai,Fast Food,3.9,27,200
Hotel Rishi,"Shinde Estate,Dadar East, South Mumbai", South Mumbai,Mumbai,"North Indian,  Chinese,  Seafood",4.2,27,1200
Banjara Dhaba,"Kandivali East, North Western", North Western,Mumbai,North Indian,3.5,27,500
San Marzano Pizzeria & Grill,"Kandivali West, North Western", North Western,Mumbai,"Pizza,  Italian,  Mexican",4.7,27,500
GupShup - Redefining Food,"Raghuvanshi Mills Compound,Lower Parel, South Mumbai", South Mumbai,Mumbai,"North Indian,  Fast Food,  South Indian,  Street Food",4.2,27,1200
Ikka,"Pallavi Avida,Kalamboli, Navi Mumbai", Navi Mumbai,Mumbai,"North Indian,  Chinese,  Continental",4.2,27,1000
Bo Tai,"JW Marriott Hotel,Vittal Mallya Road, Central Bangalore", Central Bangalore,Bangalore,"Chinese,  Thai",4.1,27,3100
Le Bistro,"Oakwood Premier Prestige Bangalore,Vittal Mallya Road, Central Bangalore", Central Bangalore,Bangalore,"Italian,  Fast Food",4.2,27,1000
The Royal Corner,"Pai Viceroy Hotel,Jayanagar, South Bangalore", South Bangalore,Bangalore,"North Indian,  Chinese,  Barbecue",4.3,27,900
Bamey's Restro Cafe,"Koramangala, South Bangalore", South Bangalore,Bangalore,"Asian,  Nepalese",4.3,27,800
Raaga,"Indiranagar, East Bangalore", East Bangalore,Bangalore,"North Indian,  Chinese,  Continental,  Mughlai",3.9,27,1000
Kund Indian Barbeque,"Ashok Terrace,Indiranagar, East Bangalore", East Bangalore,Bangalore,"North Indian,  Mughlai",3.8,27,1200
Jeff's,"Hotel Royal Orchid,Old Airport Road, East Bangalore", East Bangalore,Bangalore,Continental,4.2,27,2500
Jeff's,"Hotel Royal Orchid,Old Airport Road, East Bangalore", East Bangalore,Bangalore,Continental,4.2,27,2500
Kalm Downn Bistro & Lounge,"Nagarbhavi, West Bangalore", West Bangalore,Bangalore,"Multi-Cuisine,  North Indian,  Italian,  Chinese,  Continental",3.9,27,800
California Burrito,"Marathahalli, East Bangalore", East Bangalore,Bangalore,"Mexican,  Fast Food",4.6,27,500
Oak Leaf,"Oakwood Residence Prestige,Whitefield, East Bangalore", East Bangalore,Bangalore,"Continental,  North Indian,  Italian,  European",4.3,27,2000
Dindigul Thalappakatti,"Ashok Nagar, West Chennai", West Chennai,Chennai,"Multi-Cuisine,  North Indian,  Chinese,  South Indian,  Biryani",4.2,27,700
Mezze,"Alwarpet, Central Chennai", Central Chennai,Chennai,Middle Eastern,4.4,27,700
Olive And Basil,"Egmore, North Chennai", North Chennai,Chennai,"Asian,  Oriental ",3.6,27,1000
Dindigul Thalappakatti,"Anna Nagar, North Chennai", North Chennai,Chennai,"Multi-Cuisine,  North Indian,  Chinese,  South Indian,  Biryani",4.2,27,700
Copper Kitchen,"Porur, West Chennai", West Chennai,Chennai,"North Indian,  Chinese,  Seafood",4,27,1100
Dindigul Thalappakatti,"Velachery, South West Chennai", South West Chennai,Chennai,"Multi-Cuisine,  North Indian,  Chinese,  South Indian,  Biryani",3.6,27,700
Maguro,"Jubilee Hills, Central West Hyderabad", Central West Hyderabad,Hyderabad,"Japanese,  Sushi,  Asian",4.4,27,1400
The Bar Tales,"Bavdhan, West Pune", West Pune,Pune,"North Indian,  American,  Chinese",4.4,27,1400
Swiss Bakes,"Destination Center,Magarpatta City, East Pune", East Pune,Pune,"Bakery and Confectionary,  Desserts",4,27,400
Sangrilla,"Ravet, West Pune", West Pune,Pune,"North Indian,  Chinese",4.6,27,900
Wow! Momo,"Hati Bagan, North Kolkata", North Kolkata,Kolkata,"Fast Food,  Tibetan",3.4,27,400
Baker's Nest,"Salt Lake, East Kolkata", East Kolkata,Kolkata,"Continental,  Fast Food",4,27,800
BLU - Bistro & Bar,"Aauris,Shakespeare Sarani, Central Kolkata", Central Kolkata,Kolkata,"North Indian,  Continental,  Asian,  South Indian",4.1,27,1500
The Rouge,"Hindustan Park, South Kolkata", South Kolkata,Kolkata,"Desserts,  Bakery and Confectionary",4.5,27,400
Seasonings,"Jadavpur, South Kolkata", South Kolkata,Kolkata,"Continental,  Fast Food",4.3,27,500
Jalaram Restaurant,"Maurya Time Square,Sola, North Ahmedabad", North Ahmedabad,Ahmedabad,"North Indian,  Gujarati,  Chinese,  South Indian",4.1,27,600
City Buzz Reloaded,"The First Hotel,Sector 43, West Chandigarh", West Chandigarh,Chandigarh,"North Indian,  Chinese,  Mughlai",4,27,1500
Nibs Experia,"C Scheme, Central Jaipur", Central Jaipur,Jaipur,"Italian,  Continental,  Desserts,  Fast Food",3.7,27,800
Chum Bakk Cafe,"Shyam Nagar, West Jaipur", West Jaipur,Jaipur,"Fast Food,  North Indian,  Italian",4.4,27,1100
The High Garden,"Old Palasia, Central Indore", Central Indore,Indore,"Fast Food,  Health Food",3.6,27,600
Notomoro,"The Fern Residency,Hiran Magri, South Udaipur", South Udaipur,Udaipur,Continental,3.9,27,1200
F Bar Brewery and Lounge,"Pavillion Mall,Civil Lines, Central Ludhiana", Central Ludhiana,Ludhiana,"Multi-Cuisine,  North Indian,  Continental,  Mexican,  Oriental ,  Finger Food",3.5,27,1200
Food Sixteen,"Azadpur, North Delhi", North Delhi,Delhi,"North Indian,  Chinese",4.4,26,600
Laidback Bar,"Salcon RasVilas Mall,Saket, South Delhi", South Delhi,Delhi,"Multi-Cuisine,  North Indian,  Italian,  Mediterranean,  Asian",4.8,26,2000
Chaayos,"Galaxy IT Park,Sector 62, Noida", Noida,Noida,"Street Food,  Tea,  Fast Food",4.5,26,500
Chaayos,"DLF Cyber Greens,DLF Cyber City, Gurgaon", Gurgaon,Gurgaon,"Street Food,  Tea,  Fast Food",4.5,26,500
Spicy Tadka,"Sector 10, Faridabad", Faridabad,Noida,"North Indian,  Chinese,  Mughlai",4.5,26,800
Malhar Tribes,"Marol, Andheri East", Andheri East,Mumbai,"Chinese,  Seafood,  Goan,  Biryani",4.4,26,2000
House of Asia,"Chakala, Andheri East", Andheri East,Mumbai,"Multi-Cuisine,  North Indian,  Chinese,  Oriental ",4.2,26,2500
Twistie's,"Sunrise Shopping Center,Thane West, Thane", Thane,Mumbai,"Italian,  Pizza,  Fast Food",4.4,26,800
Masque,"Laxmi Woolen Mills,Mahalaxmi, South Mumbai", South Mumbai,Mumbai,"European,  Modern Indian",4.6,26,8000
Wowfillss,"Charni Road, South Mumbai", South Mumbai,Mumbai,"Bakery and Confectionary,  Waffle,  Desserts,  Shakes",4.5,26,500
Chin Lung Bar & Restaurant,"Residency Road, Central Bangalore", Central Bangalore,Bangalore,"Continental,  North Indian",4.1,26,1200
Aubree,"Sadashiva Nagar, North Bangalore", North Bangalore,Bangalore,"Bakery and Confectionary,  Desserts",3.6,26,800
Candy Cloud Factory,"Koramangala, South Bangalore", South Bangalore,Bangalore,"Desserts,  Fast Food,  Waffle",4.4,26,400
The Kitchen,"The Raintree,Teynampet, Central Chennai", Central Chennai,Chennai,"Multi-Cuisine,  North Indian,  Italian,  Continental,  Asian",4.1,26,2500
The Pedreno's,"Mylapore, Central Chennai", Central Chennai,Chennai,"Continental,  Mexican,  Pizza",4.6,26,1200
MKC - Madras Kitchen Company,"The Westin Chennai,Velachery, South West Chennai", South West Chennai,Chennai,"North Indian,  South Indian,  Asian",4.1,26,1200
Guru Mess,"Adyar, South Chennai", South Chennai,Chennai,"South Indian,  Chinese,  Chettinad",4,26,500
Dindigul Thalappakatti,"DLF IT Park,Ramapuram, West Chennai", West Chennai,Chennai,"Multi-Cuisine,  North Indian,  Chinese,  South Indian,  Biryani",4.5,26,700
Sandwich Eatery,"Kompally, Secunderabad", Secunderabad,Hyderabad,"Fast Food,  Shakes",4.2,26,500
Sandwich Eatery,"Kukatpally, West Hyderabad", West Hyderabad,Hyderabad,"Fast Food,  Shakes",4.6,26,500
Cafe Peter,"Dhole Patil Road, East Pune", East Pune,Pune,"Italian,  Japanese,  Korean,  Desserts,  Coffee,  Waffle",4,26,900
The Street,"The Park Hotel,Park Street, Central Kolkata", Central Kolkata,Kolkata,"Chinese,  Finger Food",3.8,26,1200
Wow! Momo,"Jessore Road, 24 Parganas North", 24 Parganas North,Kolkata,"Fast Food,  Tibetan",3.3,26,400
Arhaam Rasoi,"Uniworld Downtown Mall,New Town, 24 Parganas North", 24 Parganas North,Kolkata,"North Indian,  Chinese,  Bengali,  Biryani",3.9,26,800
Babumashai  (The Last Metro),"Garia, South Kolkata", South Kolkata,Kolkata,"North Indian,  Chinese,  Mughlai",4.3,26,900
Wow! China by Wow! Momo,"Sodepur, 24 Parganas North", 24 Parganas North,Kolkata,Chinese,4.1,26,500
Sankalp,"Gokul Complex,Gurukul, West Ahmedabad", West Ahmedabad,Ahmedabad,South Indian,4.3,26,500
Khana Khazana,"Hotel Inder Residency,Ellis Bridge, Central Ahmedabad", Central Ahmedabad,Ahmedabad,"North Indian,  Italian,  Continental,  Asian",3.6,26,1200
Kunal Restaurant,"Ashram Road, Central Ahmedabad", Central Ahmedabad,Ahmedabad,"North Indian,  Chinese,  Continental",4.2,26,700
1944 The HOCCO Kitchen,"Amrapali Complex,Bopal, West Ahmedabad", West Ahmedabad,Ahmedabad,"North Indian,  Continental,  Desserts",4.3,26,800
Shree Annapurna Snacks,"Maninagar, East Ahmedabad", East Ahmedabad,Ahmedabad,"Fast Food,  Chinese",4.5,26,400
Yaara Da Dhaba,"Sobo Centre,Bopal, West Ahmedabad", West Ahmedabad,Ahmedabad,"North Indian,  Chinese",4,26,800
Dinner Post Restaurant,"Siddhi Vinayak Complex,Odhav, East Ahmedabad", East Ahmedabad,Ahmedabad,"North Indian,  Chinese,  Continental",4.1,26,500
Subway,"Inner Market,Sector 8, East Chandigarh", East Chandigarh,Chandigarh,Health Food,4.6,26,500
Highway Rasoi,"Kharar road, Mohali", Mohali,Chandigarh,"North Indian,  Chinese,  South Indian",4.3,26,600
Park Prime Rooftop,"Park Prime Goa,Panjim, North Goa", North Goa,Goa,"North Indian,  Goan,  Continental,  Seafood",3.5,26,1000
Mosaic,"Radisson Jaipur City Center,Mirza Ismail Road, West Jaipur", West Jaipur,Jaipur,"Asian,  North Indian,  Italian,  Continental,  European",4.4,26,2200
August House,"Vaishali Nagar, West Jaipur", West Jaipur,Jaipur,"Italian,  Mexican,  Continental",4.5,26,1300
Handi Restaurant,"Vaishali Nagar, West Jaipur", West Jaipur,Jaipur,"North Indian,  Chinese,  Continental",3.9,26,1500
The Gilla Cafe,"Aliganj, North Lucknow", North Lucknow,Lucknow,Fast Food,4.4,26,500
Sassy House - All Day Cafe,"Vijay Nagar, East Indore", East Indore,Indore,"Fast Food,  North Indian",3.9,26,800
Wanna Puff,"Rau, South Indore", South Indore,Indore,"North Indian,  Fast Food",3.7,26,700
Kafe B2,"E Space Complex,Vesu, South Surat", South Surat,Surat,Fast Food,3.9,26,400
Kylin Experience,"Gurdev Nagar, Central Ludhiana", Central Ludhiana,Ludhiana,"Asian,  Oriental ,  Chinese",4.3,26,1600
Fat Lulu's,"Khan Market, Central Delhi", Central Delhi,Delhi,"Italian,  Pizza,  Fast Food",4.5,25,1500
BFF (Beer Food Feast) Restro Bar,"Karol Bagh, Central Delhi", Central Delhi,Delhi,"North Indian,  Continental,  Oriental ,  Finger Food",4.1,25,2000
Le Cirque,"The Leela Palace,Chanakyapuri, South Delhi", South Delhi,Delhi,"Italian,  Continental,  French",4.4,25,5000
Mughal Darbar Restaurant,"Punjabi Bagh, West Delhi", West Delhi,Delhi,"Mughlai,  North Indian",4.2,25,1000
Wow! Momo,"Fun City Mall,Prashant Vihar, North Delhi", North Delhi,Delhi,"Fast Food,  Tibetan",3.8,25,400
Satu Shree Veg Restaurant & Fast Food,"Vashi, Navi Mumbai", Navi Mumbai,Mumbai,"Multi-Cuisine,  North Indian,  Italian,  Chinese,  South Indian,  Street Food,  Desserts",4.2,25,1000
Mad Over Donuts,"Shubham Housing Society,Versova, Andheri West", Andheri West,Mumbai,"Desserts,  Doughnuts,  Waffle",4.4,25,450
Dwarka Restaurant,"Nerul, Navi Mumbai", Navi Mumbai,Mumbai,"North Indian,  South Indian",3.7,25,700
Hugs & Mugs,"Bhoomi Towers,Kharghar, Navi Mumbai", Navi Mumbai,Mumbai,"Fast Food,  Health Food",4.5,25,700
Frozen Bottle,"Sai Swar CHS,Kharghar, Navi Mumbai", Navi Mumbai,Mumbai,"Desserts,  Shakes,  Ice Cream",4.6,25,500
Bollywood Canteen,"Dombivli East, Dombivali", Dombivali,Mumbai,"Chinese,  Italian,  Asian",4.2,25,800
Zodiac,"Fortune Select JP Cosmos,Vasanth Nagar, Central Bangalore", Central Bangalore,Bangalore,"North Indian,  American",3.8,25,1500
Slo' Food Co 2,"Radisson Bengaluru City Center,Ulsoor, Central Bangalore", Central Bangalore,Bangalore,"Continental,  North Indian,  Fast Food",4.8,25,2000
Nandhini Deluxe,"JC Road, South Bangalore", South Bangalore,Bangalore,"Multi-Cuisine,  North Indian,  Chinese,  Seafood,  Andhra",3.5,25,900
Clean Slate Cafe,"Malleshwaram, West Bangalore", West Bangalore,Bangalore,"Italian,  Fast Food",4.3,25,600
Mani's Dum Biryani,"Trijal Commerspace,Whitefield, East Bangalore", East Bangalore,Bangalore,Biryani,4,25,700
Hotel Virudhunagar,"Thyagaraya Nagar, Central Chennai", Central Chennai,Chennai,"North Indian,  Chinese,  Seafood",2.6,25,800
Dindigul Thalappakatti,"Porur, West Chennai", West Chennai,Chennai,"Multi-Cuisine,  North Indian,  Chinese,  South Indian,  Biryani",4.4,25,700
Dindigul Thalappakatti,"Selaiyur, South Chennai", South Chennai,Chennai,"Multi-Cuisine,  North Indian,  Chinese,  South Indian,  Biryani",4.1,25,700
Spice It,"Ibis Hotel,Hitech City, West Hyderabad", West Hyderabad,Hyderabad,"North Indian,  Italian,  Hyderabadi",3.4,25,1400
32 Country Road Bar & Grill,"Gachibowli, West Hyderabad", West Hyderabad,Hyderabad,"North Indian,  Continental,  Mexican,  Italian,  Chinese,  Asian",3.7,25,1600
Code 32,"Gachibowli, West Hyderabad", West Hyderabad,Hyderabad,"North Indian,  Chinese,  Finger Food",4.3,25,1500
Milkshake Buffin,"Vanasthalipuram, East Hyderabad", East Hyderabad,Hyderabad,Shakes,4.2,25,300
The Crunch Affair,"Viman Nagar, East Pune", East Pune,Pune,"Fast Food,  Desserts",4.5,25,500
Elahi Luxury Dining,"Park Circus, South Kolkata", South Kolkata,Kolkata,"Mughlai,  Awadhi,  North Indian",4.3,25,900
Chowman,"Sodepur, 24 Parganas North", 24 Parganas North,Kolkata,"Asian,  Chinese,  Thai,  Seafood,  Oriental ",4.1,25,900
The Mondo Kitchen,"Vastrapur, West Ahmedabad", West Ahmedabad,Ahmedabad,"North Indian,  Chinese,  Italian,  Continental,  Thai,  Mexican",4.5,25,900
The Hideout Cafe,"Ambawadi, West Ahmedabad", West Ahmedabad,Ahmedabad,"Italian,  Fast Food",3.6,25,500
Rio Restaurant & Banquet,"Brahmkshtriya Society,Ellis Bridge, Central Ahmedabad", Central Ahmedabad,Ahmedabad,"North Indian,  Chinese,  Continental",4.4,25,600
Sankalp,"Shapath Hexa,Sola, North Ahmedabad", North Ahmedabad,Ahmedabad,South Indian,4.5,25,500
Ghazal,"Sector 17, Central Chandigarh", Central Chandigarh,Chandigarh,"North Indian,  Chinese,  Continental",4.3,25,1500
SHANGZ,"Phase 10, Mohali", Mohali,Chandigarh,"Chinese,  Asian,  Oriental ",3.8,25,500
Woodies,"Hotel Vijay Paradise,Khurram Nagar, North Lucknow", North Lucknow,Lucknow,Multi-Cuisine,4.1,25,1000
Ranjeet's Kitchen,"Sudama Nagar, South Indore", South Indore,Indore,"North Indian,  Chinese",3.6,25,400
Tandoori Darbar Family Restaurant,"Old Palasia, Central Indore", Central Indore,Indore,"North Indian,  Fast Food",3.2,25,400
Kamats by Purplebeds,"Tajganj, East Agra", East Agra,Agra,"North Indian,  South Indian,  Fast Food",3.6,25,1000
Hyderabadi's,"Fatehgunj, North Vadodara", North Vadodara,Vadodara,"North Indian,  Biryani",4.6,25,500
Marwari Food Corner,"Karelibagh, North Vadodara", North Vadodara,Vadodara,"North Indian,  South Indian,  Chinese,  Fast Food",4.2,25,400
Zaika The Emperors Kitchen,"Gurdev Nagar, Central Ludhiana", Central Ludhiana,Ludhiana,"Multi-Cuisine,  North Indian,  Italian,  Chinese,  Continental,  Mughlai",4.2,25,1400
Chaayos,"DLF Promenade Mall,Vasant Kunj, South Delhi", South Delhi,Delhi,"Street Food,  Tea,  Fast Food",4.5,24,500
The Tummy Section,"Jail Road, West Delhi", West Delhi,Delhi,"Fast Food,  Chinese",3,24,600
Krispy Kreme,"Cyber Hub,DLF Cyber City, Gurgaon", Gurgaon,Gurgaon,"Desserts,  Doughnuts",3.6,24,400
Taco Bell,"R City Mall,Ghatkopar West, Central Suburbs", Central Suburbs,Mumbai,"Fast Food,  Mexican,  American",4,24,500
Frozen Bottle,"Near Andheri West Station, Andheri West", Andheri West,Mumbai,"Desserts,  Shakes,  Ice Cream",4.6,24,500
Punjab Grill,"Nerul, Navi Mumbai", Navi Mumbai,Mumbai,"North Indian,  Mughlai",4.2,24,3000
Bayroute,"High Street Phoenix Mall,Lower Parel, South Mumbai", South Mumbai,Mumbai,"Lebanese,  Turkish,  Moroccan,  Greek",4.3,24,3000
Cheelizza,"Kharghar, Navi Mumbai", Navi Mumbai,Mumbai,"Pizza,  Italian",4.2,24,600
Kokani Katta,"Mira Road, North Western", North Western,Mumbai,"North Indian,  Seafood,  Maharashtrian,  Malvani",3.9,24,1000
Nandhini Deluxe,"Frazer Town, North Bangalore", North Bangalore,Bangalore,"Multi-Cuisine,  North Indian,  Chinese,  Seafood,  Andhra",4,24,900
Leon Grill,"Koramangala, South Bangalore", South Bangalore,Bangalore,"Mexican,  Burger,  Fast Food",4.3,24,600
Paakashala,"Vidyaranyapura, North Bangalore", North Bangalore,Bangalore,"North Indian,  Chinese",3.6,24,600
Chef Baker's,"Brookefields, East Bangalore", East Bangalore,Bangalore,"Bakery and Confectionary,  Desserts,  Fast Food",3.7,24,600
Wow! Momo,"The Forum Value Mall,Whitefield, East Bangalore", East Bangalore,Bangalore,"Tibetan,  Chinese",3.8,24,400
Sandy's Chocolate Laboratory,"Teynampet, Central Chennai", Central Chennai,Chennai,"Continental,  European,  Desserts",4.5,24,1200
Taco Bell,"Express Avenue,Royapettah, Central Chennai", Central Chennai,Chennai,"Mexican,  Tex Mex",3.8,24,500
Dindigul Thalappakatti,"Tambaram West, South West Chennai", South West Chennai,Chennai,"Multi-Cuisine,  North Indian,  Chinese,  South Indian,  Biryani",3.7,24,700
Comic Social,"Jubilee Hills, Central West Hyderabad", Central West Hyderabad,Hyderabad,"Italian,  Fast Food,  Coffee,  Tea",4.5,24,1000
Cream Stone,"Tolichowki, Central Hyderabad", Central Hyderabad,Hyderabad,"Desserts,  Ice Cream,  Shakes",3.8,24,400
Burger Mischief,"Jubilee Hills, Central West Hyderabad", Central West Hyderabad,Hyderabad,"Fast Food,  American,  Burger",4.5,24,500
Taste of India,"Habsiguda, East Hyderabad", East Hyderabad,Hyderabad,"North Indian,  Chinese,  Mughlai",3.5,24,1000
Taco Bell,"GSM Mall,Chanda Nagar, West Hyderabad", West Hyderabad,Hyderabad,"Mexican,  Tex Mex",4,24,500
Watervibe Restaurant,"Baner, West Pune", West Pune,Pune,"North Indian,  Finger Food",4.1,24,1200
KK'S Kitchen,"Wagholi, East Pune", East Pune,Pune,"North Indian,  Chinese",4,24,800
Monginis,"Kankurgachhi, East Kolkata", East Kolkata,Kolkata,"Desserts,  Bakery and Confectionary,  Fast Food",4.5,24,200
Zero Lounge,"B B D Bagh, Central Kolkata", Central Kolkata,Kolkata,"North Indian,  Chinese,  Mughlai",4.4,24,1500
Port 15,"Salt Lake, East Kolkata", East Kolkata,Kolkata,"North Indian,  Chinese,  Continental,  Italian,  Kerala,  Oriental ",4.1,24,1600
Kasturi Restaurant,"Gariahat, South Kolkata", South Kolkata,Kolkata,Bengali,3.8,24,700
Calcutta Pi,"Jodhpur Park, South Kolkata", South Kolkata,Kolkata,Bengali,4.2,24,1000
Hao Chi,"Behala, South Kolkata", South Kolkata,Kolkata,Chinese,4.1,24,500
Cafe Latte,"Behala, South Kolkata", South Kolkata,Kolkata,"Chinese,  Fast Food,  Continental",4.3,24,900
Azad Hind Dhaba,"Tollygunge, South Kolkata", South Kolkata,Kolkata,North Indian,3.1,24,800
Sizzling Pizza,"Vastrapur, West Ahmedabad", West Ahmedabad,Ahmedabad,"Pizza,  Fast Food",4.3,24,500
Caffix - The Tech Cafe,"Advait Mall,Vastrapur, West Ahmedabad", West Ahmedabad,Ahmedabad,"Multi-Cuisine,  Italian,  Chinese,  Continental,  Thai,  Mexican",4.2,24,900
Marky Momos,"Neelkanth Palace,Prahlad Nagar, West Ahmedabad", West Ahmedabad,Ahmedabad,"Chinese,  Fast Food",4.2,24,900
Tinello,"Hyatt Regency,Usmanpura, Central Ahmedabad", Central Ahmedabad,Ahmedabad,"Italian,  Asian,  Indian Cuisine",4.4,24,2300
Kitchen Story,"Sola, North Ahmedabad", North Ahmedabad,Ahmedabad,"North Indian,  Fast Food,  Chinese",4,24,1000
Eat Punjab,"Celebration City Centre,Bopal, West Ahmedabad", West Ahmedabad,Ahmedabad,"North Indian,  Chinese,  Thai,  Mexican,  Seafood,  Mughlai",4.4,24,800
Masala Kitchen,"The Cloud Hotel,Maninagar, East Ahmedabad", East Ahmedabad,Ahmedabad,"Multi-Cuisine,  North Indian,  Chinese,  Continental,  South Indian,  Thai,  Seafood",4.2,24,800
Super Donuts,"Inner Market,Sector 8, East Chandigarh", East Chandigarh,Chandigarh,"Fast Food,  Doughnuts,  Desserts,  Coffee",4.5,24,500
Peggy Ice cream,"Coal Depot Complex,Sector 10, North Chandigarh", North Chandigarh,Chandigarh,"Ice Cream,  Coffee,  Desserts,  Fast Food",4.5,24,600
Nineteenth May,"Sector 67, Mohali", Mohali,Chandigarh,"Italian,  Fast Food",4.6,24,600
Route 66,"Panjim, North Goa", North Goa,Goa,"American,  Barbecue,  European",3.4,24,1500
#BC,"WelcomHeritage Traditional Haveli,Bani Park, Central Jaipur", Central Jaipur,Jaipur,North Indian,4,24,2000
Richie Rich Cafe and Restaurant,"Vaishali Nagar, West Jaipur", West Jaipur,Jaipur,"North Indian,  Chinese,  Italian,  Fast Food",4.3,24,500
Rominus Pizza and Burger,"Ajmer Road, West Jaipur", West Jaipur,Jaipur,"Fast Food,  Pizza",3.7,24,600
The Eatery,"Four Points By Sheraton Hotel,Tonk Road, South Jaipur", South Jaipur,Jaipur,"North Indian,  Continental,  Italian,  Oriental ",4.1,24,1500
Yo! China,"World Trade Park,Malviya Nagar, South Jaipur", South Jaipur,Jaipur,Chinese,4.1,24,800
Okra,"Jaipur Marriott Hotel,Tonk Road, South Jaipur", South Jaipur,Jaipur,"Multi-Cuisine,  North Indian,  Italian,  Continental,  Asian",4,24,2400
Urban Turban,"Metropolitan Club,Gomti Nagar, East Lucknow", East Lucknow,Lucknow,"North Indian,  Chinese,  Mughlai,  Continental,  Fast Food",4.5,24,3000
Golden Treat,"Hotel Crown Palace,South Tukoganj, East Indore", East Indore,Indore,"North Indian,  Chinese,  Continental",4.7,24,1800
Four More Shots,"New Palasia, Central Indore", Central Indore,Indore,"North Indian,  Mughlai,  Finger Food",3.5,24,1600
Shadows - A Food Republic,"Dharampeth, West Nagpur", West Nagpur,Nagpur,"Continental,  Fast Food",4.6,24,1200
The Imperial Cafe,"Connaught Place, Central Delhi", Central Delhi,Delhi,"Multi-Cuisine,  North Indian,  Italian,  Chinese,  Continental,  European",4.4,23,2500
The Connaught Bar,"Radisson Blu Marina,Connaught Place, Central Delhi", Central Delhi,Delhi,Finger Food,3.7,23,2200
Sidewalk,"Hyatt Regency Delhi,Bhikaji Cama Place, South Delhi", South Delhi,Delhi,Bakery and Confectionary,4.5,23,1000
Punjabi By Nature,"Vasant Kunj, South Delhi", South Delhi,Delhi,"North Indian,  Mughlai",4.2,23,2000
Krispy Kreme,"DLF Promenade Mall,Vasant Kunj, South Delhi", South Delhi,Delhi,"Desserts,  Doughnuts,  Coffee,  Shakes",3.7,23,400
Deli Belly Cafe & Bar,"DLF Building,Jasola, South Delhi", South Delhi,Delhi,"North Indian,  Continental",4.3,23,1600
Chanson Mela,"Vikaspuri, West Delhi", West Delhi,Delhi,"North Indian,  Chinese",3.4,23,1200
Mystery Of Bar,"Sector 29, Gurgaon", Gurgaon,Gurgaon,"Italian,  Chinese,  North Indian,  Continental,  Asian",3.6,23,1500
Chaayos,"Central Plaza Mall,Golf Course Road, Gurgaon", Gurgaon,Gurgaon,"Street Food,  Tea,  Fast Food",4.3,23,500
King Chilli,"Koteshwar Palace Building,Near Andheri East Station, Andheri East", Andheri East,Mumbai,"Chinese,  Thai,  Asian",4.2,23,800
PizzAah! District,"Goregaon West, North Western", North Western,Mumbai,"Italian,  Pizza",3.9,23,600
Kakori House,"Shiv Sagar CHS,Mahim, South Mumbai", South Mumbai,Mumbai,"Mughlai,  Awadhi",4.2,23,1500
Mad Over Donuts,"Growel's 101 Mall,Kandivali East, North Western", North Western,Mumbai,"Desserts,  Doughnuts,  Waffle",4.6,23,450
Paakashala,"Vijay Nagar, West Bangalore", West Bangalore,Bangalore,"North Indian,  South Indian,  Chinese,  Drinks",4.4,23,600
Spice Darbar,"The Iris Inn Hotel,Mahadevapura, East Bangalore", East Bangalore,Bangalore,"North Indian,  Chinese,  Continental",3.3,23,1200
The Scoop Bar,"Anna Nagar, North Chennai", North Chennai,Chennai,"Desserts,  Ice Cream,  Fast Food",3.7,23,600
Dindigul Thalappakatti,"Varna Towers,Triplicane, North Chennai", North Chennai,Chennai,"Multi-Cuisine,  North Indian,  Chinese,  South Indian,  Biryani",4.7,23,700
Score - The Sports Bar & Grill,"Holiday Inn,Thiruvanmiyur, South Chennai", South Chennai,Chennai,Finger Food,4.6,23,1800
The Square,"Novotel Chennai Sipcot Hotel,Egattur, South West Chennai", South West Chennai,Chennai,"Continental,  North Indian,  Asian",4.1,23,2500
High Spirits Bar,"The Central Court Hotel,Lakdi-Ka-Pul, Central Hyderabad", Central Hyderabad,Hyderabad,Finger Food,3.8,23,1100
Captain Egg,"Jubilee Hills, Central West Hyderabad", Central West Hyderabad,Hyderabad,Fast Food,4.2,23,1000
Ironhill Hyderabad,"Kukatpally, West Hyderabad", West Hyderabad,Hyderabad,"North Indian,  Continental,  Italian",4.1,23,1200
Thinespo,"Kompally, Secunderabad", Secunderabad,Hyderabad,"Italian,  Continental",4.3,23,900
Hawte,"Kukatpally, West Hyderabad", West Hyderabad,Hyderabad,"Desserts,  Ice Cream,  Shakes",4.3,23,400
Punjabi Affair,"Nanakramguda, West Hyderabad", West Hyderabad,Hyderabad,"North Indian,  Chinese",3.1,23,800
Chaats and Wraps,"Clover Corner,Viman Nagar, East Pune", East Pune,Pune,"Street Food,  Italian,  Mexican",4.6,23,400
Hooked,"Pimple Saudagar, West Pune", West Pune,Pune,"North Indian,  Seafood",3.7,23,1200
Madhuban Family Restaurant & Bar,"Hinjewadi, West Pune", West Pune,Pune,"North Indian,  Chinese",4,23,1500
Nalin Chandra Das & Sons,"Kalighat, South Kolkata", South Kolkata,Kolkata,Mithai,4.6,23,200
Club 21,"Meena Tower,Rajarhat, 24 Parganas North", 24 Parganas North,Kolkata,"Italian,  Chinese",3.9,23,900
Wow! China by Wow! Momo,"Jadavpur, South Kolkata", South Kolkata,Kolkata,Chinese,4.4,23,500
The Chaiwala,"Tollygunge, South Kolkata", South Kolkata,Kolkata,"Fast Food,  Tea",4.1,23,600
Vibes the cafe,"Navrangpura, West Ahmedabad", West Ahmedabad,Ahmedabad,"Italian,  Mexican",3.8,23,700
Gardenia,"Fortune Park,Ellis Bridge, Central Ahmedabad", Central Ahmedabad,Ahmedabad,"Multi-Cuisine,  North Indian,  Chinese,  Continental,  Seafood",4.3,23,2000
Sam's Pizza,"Maple Trade Center,Thaltej, West Ahmedabad", West Ahmedabad,Ahmedabad,"Pizza,  Italian,  Fast Food",4,23,600
William John's Pizza,"JBR Arcade,Sola, North Ahmedabad", North Ahmedabad,Ahmedabad,"Pizza,  Italian,  Fast Food",4.2,23,500
The Chocolate Room,"Ozone Solitaire,Sola, North Ahmedabad", North Ahmedabad,Ahmedabad,"Desserts,  Coffee,  Ice Cream,  Fast Food,  Shakes",4,23,500
The Chocolate Room,"Krishna Heights,Gota, North Ahmedabad", North Ahmedabad,Ahmedabad,"Desserts,  Coffee,  Ice Cream,  Fast Food,  Shakes",4.2,23,500
Puffizza,"Chandkheda, North Ahmedabad", North Ahmedabad,Ahmedabad,"Pizza,  Italian",3.9,23,700
KCB 8,"Sector 8, East Chandigarh", East Chandigarh,Chandigarh,"North Indian,  Mughlai,  Chinese",3.4,23,700
Binnys Kitchen,"Sector 10, North Chandigarh", North Chandigarh,Chandigarh,"North Indian,  Continental,  Chinese,  Fast Food",4.6,23,800
Prashadam Sweets & Restaurant,"Sector 7, Panchkula", Panchkula,Chandigarh,"North Indian,  Chinese,  Fast Food,  Mithai",4.4,23,700
Ten Twisters,"C Scheme, Central Jaipur", Central Jaipur,Jaipur,"North Indian,  Barbecue,  Mughlai",4,23,1500
Fusion Restro,"Lal Kothi, Central Jaipur", Central Jaipur,Jaipur,"Multi-Cuisine,  North Indian,  Italian,  Chinese,  Continental",3.9,23,900
Kanha,"Shastri Nagar, North Jaipur", North Jaipur,Jaipur,"North Indian,  Fast Food,  Chinese,  South Indian",3.4,23,500
Brown Sugar Bistro,"Mansarovar, South Jaipur", South Jaipur,Jaipur,"Italian,  Fast Food,  Bakery and Confectionary,  Drinks",4.6,23,700
3Ds Restro Lounge,"Malviya Nagar, South Jaipur", South Jaipur,Jaipur,"North Indian,  Italian,  Chinese,  Continental",3.4,23,1700
Hashtag WTF,"Alambagh, South Lucknow", South Lucknow,Lucknow,"North Indian,  Chinese,  Fast Food",3.4,23,700
The Square,"Hotel Novotel Lucknow,Gomti Nagar, East Lucknow", East Lucknow,Lucknow,"North Indian,  Asian",4.4,23,2100
Gyaniji Ka Khalsa Dhaba,"Bhanwar Kuan, South Indore", South Indore,Indore,"North Indian,  Chinese",4.1,23,400
Chai Kaapi,"Old Palasia, Central Indore", Central Indore,Indore,"Fast Food,  Tea",2.9,23,400
Raj Rasoi,"Sanjay Place, Central Agra", Central Agra,Agra,"North Indian,  Chinese,  Fast Food",4.3,23,1200
Sumac,"Hotel Royal Regent,Tajganj, East Agra", East Agra,Agra,"Multi-Cuisine,  North Indian,  Oriental ,  Western",4.4,23,1700
Freakk De Bistro,"Hotel Centre Point,Ramdaspeth, West Nagpur", West Nagpur,Nagpur,"Finger Food,  Fast Food",4.1,23,1800
The Brew Haus,"Kipps Market,Sarabha Nagar, West Ludhiana", West Ludhiana,Ludhiana,"North Indian,  Continental,  Oriental ",3.8,23,1800
Sixtynine.ml,"Aggar Nagar, West Ludhiana", West Ludhiana,Ludhiana,"Multi-Cuisine,  North Indian,  Continental,  Asian,  Sizzlers",3.9,23,1200
Perbacco,"The Lodhi,Lodhi Road, South Delhi", South Delhi,Delhi,Italian,4,22,3000
Daawat Restaurant,"Krishna Nagar, East Delhi", East Delhi,Delhi,"North Indian,  Chinese,  South Indian",4,22,600
4th Street Cafe,"Preet Vihar, East Delhi", East Delhi,Delhi,"Fast Food,  Shakes",4.4,22,500
Mad Over Donuts,"Greater Kailash - 1, South Delhi", South Delhi,Delhi,"Desserts,  Doughnuts",4.2,22,400
Greenr Cafe,"Vasant Vihar, South Delhi", South Delhi,Delhi,"Continental,  Health Food",4.8,22,1400
Typsy Crow,"SDA Market,SDA, South Delhi", South Delhi,Delhi,"Multi-Cuisine,  North Indian,  Italian,  Chinese,  Continental",4.1,22,1400
The Tandoor,"Rajouri Garden, West Delhi", West Delhi,Delhi,"North Indian,  Chinese,  Fast Food",3.6,22,1500
Mesa Wine Bistro,"Aerocity, South Delhi", South Delhi,Delhi,European,4,22,1800
Roasted,"Roseate House,Aerocity, South Delhi", South Delhi,Delhi,"Bakery and Confectionary,  Coffee,  Tea",4.3,22,2400
Vatika,"Charmwood Village, Faridabad", Faridabad,Noida,"North Indian,  Chinese",3.8,22,1100
World Trail,"Assotech Business Cresterra,Sector 135, Noida", Noida,Noida,Fast Food,4.5,22,700
Chaayos - Meri Wali Chai,"Runwal Greens,Mulund West, Central Suburbs", Central Suburbs,Mumbai,Tea,4.2,22,500
Mad Over Donuts,"Fair Lawn CHS,Chembur, Central Suburbs", Central Suburbs,Mumbai,"Desserts,  Doughnuts,  Waffle",4.6,22,450
Mad Over Donuts,"Nerul, Navi Mumbai", Navi Mumbai,Mumbai,"Desserts,  Doughnuts,  Waffle",4.4,22,450
Nav Chaitanya,"Versova, Andheri West", Andheri West,Mumbai,"Seafood,  Maharashtrian",4.3,22,900
The Trinity Square,"TAJ MG Road Bengaluru,MG Road, Central Bangalore", Central Bangalore,Bangalore,"North Indian,  Italian,  South Indian",4.3,22,3000
Northwest Kebab and Curyhouse,"ARD Complex,Koramangala, South Bangalore", South Bangalore,Bangalore,"North Indian,  Mughlai",4.2,22,1200
Punjabi Swag,"BTM Layout, South Bangalore", South Bangalore,Bangalore,North Indian,3.9,22,700
Mint Magic,"Vijay Nagar, West Bangalore", West Bangalore,Bangalore,Multi-Cuisine,3.7,22,500
Imperio Restaurant,"Kalyan Nagar, North Bangalore", North Bangalore,Bangalore,"South Indian,  Biryani,  North Indian,  Seafood",3.7,22,700
Anjappar Chettinad,"BDA Complex,HSR Layout, South Bangalore", South Bangalore,Bangalore,"South Indian,  Chettinad,  Chinese,  Seafood",3.7,22,700
RR Vatika,"Rajarajeshwari Nagar, West Bangalore", West Bangalore,Bangalore,"North Indian,  Chinese,  Fast Food",4.1,22,600
Dr Sheesha,"Banashankari, South Bangalore", South Bangalore,Bangalore,"Italian,  Continental,  Chinese,  Coffee",4.2,22,800
Empire Restaurant,"VV Mohalla, North Mysore", North Mysore,Bangalore,"North Indian,  Kerala,  South Indian,  Seafood,  Biryani",3.9,22,700
Steam & Whistles,"Grand by GRT Hotels,Thyagaraya Nagar, Central Chennai", Central Chennai,Chennai,Finger Food,4.2,22,2000
Prems Graama Bhojanam,"Adyar, South Chennai", South Chennai,Chennai,South Indian,4.6,22,300
Chop N Stix,"Porur, West Chennai", West Chennai,Chennai,Chinese,4.4,22,500
Hotel M Grand,"Vanasthalipuram, East Hyderabad", East Hyderabad,Hyderabad,"North Indian,  Chinese,  Seafood,  Mughlai",4,22,1000
Aaoji Khhaoji,"Khadki, East Pune", East Pune,Pune,North Indian,4.1,22,500
Status Family Rest -O- Bar,"Parmar Chambers,Camp, East Pune", East Pune,Pune,"North Indian,  Chinese,  Seafood",4,22,1400
7 Days,"Salt Lake, East Kolkata", East Kolkata,Kolkata,North Indian,4.5,22,400
Indigo Delicatessen,"Quest Mall,Ballygunge, South Kolkata", South Kolkata,Kolkata,"European,  American,  Coffee",4.6,22,1800
Belgian Waffle Junction,"Arihant Benchmark,Topsia, East Kolkata", East Kolkata,Kolkata,"Waffle,  Desserts,  Ice Cream",4.2,22,600
Chopstick,"Ballygunge, South Kolkata", South Kolkata,Kolkata,"Chinese,  Seafood",3.4,22,500
Truly Publik,"Southern Avenue, South Kolkata", South Kolkata,Kolkata,"North Indian,  Continental,  Italian,  Chinese",4.3,22,1200
The Quince Restaurant cum Bar Club,"Behala, South Kolkata", South Kolkata,Kolkata,"North Indian,  Chinese",4.2,22,1000
Buddha Bites,"Ajoy Nagar, South Kolkata", South Kolkata,Kolkata,"Chinese,  Asian",3.1,22,1000
Monginis,"Behala, South Kolkata", South Kolkata,Kolkata,"Desserts,  Bakery and Confectionary,  Fast Food",3.8,22,200
Momo And Adda,"Garia, South Kolkata", South Kolkata,Kolkata,"Chinese,  Tibetan",3.9,22,300
Saffron,"Silver Radiance,Bodakdev, West Ahmedabad", West Ahmedabad,Ahmedabad,North Indian,3.9,22,800
Jamanvaar,"Sundaram Arcade,Sola, North Ahmedabad", North Ahmedabad,Ahmedabad,Gujarati,3.6,22,300
Wooddy Jhones Pizza,"Devpreet Complex,Chandkheda, North Ahmedabad", North Ahmedabad,Ahmedabad,"Pizza,  Italian,  Fast Food",3.9,22,600
Super Donuts,"Phase 3, Mohali", Mohali,Chandigarh,"Fast Food,  Doughnuts,  Desserts,  Coffee",4.7,22,500
Pro Brew Republic,"Sector 20, Panchkula", Panchkula,Chandigarh,"North Indian,  Chinese,  Continental,  Mexican,  American",3.5,22,1400
Cafe Azul,"Cidade De Goa,Panjim, North Goa", North Goa,Goa,"Multi-Cuisine,  North Indian,  Italian,  European,  Seafood,  Goan",4.4,22,2900
Jamun,"Assagao, North Goa", North Goa,Goa,"North Indian,  Goan",4.6,22,1800
Brown Sugar Bistro,"Axis Mall,C Scheme, Central Jaipur", Central Jaipur,Jaipur,"North Indian,  Italian,  Fast Food,  Drinks",3.9,22,900
Henry's The Pub,"Hotel Park Prime,C Scheme, Central Jaipur", Central Jaipur,Jaipur,"Multi-Cuisine,  North Indian,  Continental,  European",3.6,22,1500
Negchar Bagh Restaurant And Banquet,"Vidhyadhar Nagar, North Jaipur", North Jaipur,Jaipur,"North Indian,  Chinese,  Continental",3.6,22,800
Aabshaar,"Hotel Ranbirs,Gomti Nagar, East Lucknow", East Lucknow,Lucknow,"North Indian,  Chinese",4.3,22,1600
Gordhan Thal,"C21 Mall,Vijay Nagar, East Indore", East Indore,Indore,North Indian,3.9,22,700
Good Old Days - Bar,"Hotel Effotel,Vijay Nagar, East Indore", East Indore,Indore,"North Indian,  Mediterranean,  Oriental ",4.2,22,1500
Drool- The Highway Shack,"Indore By Pass Road, East Indore", East Indore,Indore,"North Indian,  Chinese,  Fast Food",4.1,22,1000
Malt,"The Sheraton Grand,Indore By Pass Road, East Indore", East Indore,Indore,Finger Food,4,22,2000
Inder Prakash,"Fateh Sagar, West Udaipur", West Udaipur,Udaipur,"North Indian,  Chinese,  Continental",4.3,22,1400
Leonardo Italian Mediterranean Dining,"Piplod, South Surat", South Surat,Surat,"Italian,  Mediterranean,  Mexican",4.1,22,800
Pizza Zone,"Pal Gam, West Surat", West Surat,Surat,"Pizza,  Italian,  Fast Food",3.6,22,500
Penthouse,"Surya Commercial Complex,Sarabha Nagar, West Ludhiana", West Ludhiana,Ludhiana,"North Indian,  European,  Asian,  Finger Food",3.7,22,2100
Bottle House,"Satya Niketan, South Delhi", South Delhi,Delhi,"Multi-Cuisine,  North Indian,  Chinese,  Continental",4.1,21,1100
Big Fat Sandwich and Pizza,"Greater Kailash - 2, South Delhi", South Delhi,Delhi,"Italian,  American,  Fast Food",4.7,21,900
The Joint Cafe,"DLF Galleria Market,DLF Phase - 4, Gurgaon", Gurgaon,Gurgaon,"American,  Burger,  Italian,  Continental",3.9,21,2100
Gung The Palace,"Sector 29, Gurgaon", Gurgaon,Gurgaon,"Korean,  Seafood",4.4,21,2500
Mad Over Donuts,"Maitreya Business Park,Vile Parle East, Andheri East", Andheri East,Mumbai,"Desserts,  Doughnuts,  Waffle",4.1,21,450
Mad Over Donuts,"Mulund West, Central Suburbs", Central Suburbs,Mumbai,"Desserts,  Doughnuts,  Waffle",4.2,21,450
JLWA,"Veera Desai, Andheri West", Andheri West,Mumbai,"European,  Pizza",3.7,21,2100
Chaayos - Meri Wali Chai,"Near Andheri West Station, Andheri West", Andheri West,Mumbai,Tea,4.5,21,500
Ottoman Cafe,"Andheri Lokhandwala, Andheri West", Andheri West,Mumbai,"North Indian,  Chinese,  Continental,  Mughlai",3,21,1000
Alfredo's,"Pleasant Park,Malad West, North Western", North Western,Mumbai,"Italian,  Fast Food",4,21,1200
Aromas Cafe,"Seawoods, Navi Mumbai", Navi Mumbai,Mumbai,"Italian,  Fast Food,  Desserts,  Coffee,  Tea",4.2,21,1000
Maple Restro Bar,"Agarwal Arcade,Thane West, Thane", Thane,Mumbai,"North Indian,  Chinese,  Seafood,  Mughlai",4.1,21,1000
Chaai Centre,"CBD-Belapur, Navi Mumbai", Navi Mumbai,Mumbai,"Fast Food,  Coffee,  Tea",4.3,21,500
Desi Videshi Cafe,"Rosa Vista,Thane West, Thane", Thane,Mumbai,"Italian,  Fast Food,  Shakes",3.7,21,800
Rasta,"Church Street, Central Bangalore", Central Bangalore,Bangalore,"Continental,  Coffee",4.3,21,1000
Paakashala,"MG Road, Central Bangalore", Central Bangalore,Bangalore,"North Indian,  Chinese",4,21,600
Tiffany's Restaurant & Bar,"Hotel Grand Pavilion,Shanti Nagar, Central Bangalore", Central Bangalore,Bangalore,"Multi-Cuisine,  North Indian,  Italian,  Continental",3.9,21,1000
Maharaja Biryani House,"Koramangala, South Bangalore", South Bangalore,Bangalore,"North Indian,  Andhra,  Seafood",4,21,600
Gam's Delicacy,"Koramangala, South Bangalore", South Bangalore,Bangalore,"Multi-Cuisine,  North Indian,  Chinese,  Assamese",4.6,21,800
Leon Grill,"Indiranagar, East Bangalore", East Bangalore,Bangalore,"Arabian,  Fast Food",4,21,600
Mad Over Donuts,"HSR Layout, South Bangalore", South Bangalore,Bangalore,"Doughnuts,  Desserts",4.4,21,300
IHA,"Nagarbhavi, West Bangalore", West Bangalore,Bangalore,South Indian,4.6,21,300
California Burrito,"Bagmane Constellation Business Park - Virgo Building,Marathahalli, East Bangalore", East Bangalore,Bangalore,"Mexican,  Fast Food",4.1,21,500
Dindigul Thalappakatti,"Anna Nagar, North Chennai", North Chennai,Chennai,"Multi-Cuisine,  North Indian,  Chinese,  South Indian,  Biryani",3.9,21,700
Spectra,"The Leela Palace,MRC Nagar, Central Chennai", Central Chennai,Chennai,"Multi-Cuisine,  North Indian,  Continental,  Thai,  Japanese,  Asian",4.7,21,5000
Kholani's Dine in Barbeque,"Tolichowki, Central Hyderabad", Central Hyderabad,Hyderabad,"North Indian,  Barbecue,  Chinese,  Mughlai",3.3,21,1000
Taco Bell,"Inorbit Mall,Madhapur, West Hyderabad", West Hyderabad,Hyderabad,"Mexican,  Tex Mex,  Tex Mex",4.4,21,500
Coco Cafe,"A S Rao Nagar, Secunderabad", Secunderabad,Hyderabad,"Pizza,  Burger,  Fast Food",3.6,21,700
Eagles Pizza,"Uppal, East Hyderabad", East Hyderabad,Hyderabad,"Pizza,  Italian,  Ice Cream,  Fast Food",3.2,21,600
Shangri-La,"Erandwane, West Pune", West Pune,Pune,"North Indian,  Chinese,  Continental",3.8,21,1200
Cafe Eastwood,"Chintamani Pride Building,Kothrud, West Pune", West Pune,Pune,"North Indian,  Italian",4.3,21,1000
I Love Haldiram,"Russel Street, South Kolkata", South Kolkata,Kolkata,"Multi-Cuisine,  North Indian,  Chinese,  South Indian,  Mithai",4.3,21,400
Belgian Waffle Junction,"Elgin Road, South Kolkata", South Kolkata,Kolkata,"Waffle,  Desserts,  Ice Cream",4.6,21,600
Wow! Momo,"Kasba, South Kolkata", South Kolkata,Kolkata,"Fast Food,  Tibetan",3.3,21,400
Cafe Na-Ru-Meg,"Southern Avenue, South Kolkata", South Kolkata,Kolkata,"Chinese,  Continental,  Fast Food",4.6,21,500
Wow! Momo,"Sodepur, 24 Parganas North", 24 Parganas North,Kolkata,"Fast Food,  Tibetan",4.4,21,400
Blue Coriander,"Navrangpura, West Ahmedabad", West Ahmedabad,Ahmedabad,"North Indian,  Continental,  Chinese",3.3,21,800
The Chocolate Room,"Vraj Complex,Satellite, West Ahmedabad", West Ahmedabad,Ahmedabad,"Desserts,  Coffee,  Ice Cream,  Fast Food,  Shakes",3.5,21,500
Balista,"Bodakdev, West Ahmedabad", West Ahmedabad,Ahmedabad,"Italian,  Fast Food",4.7,21,600
Desi Mood,"Satellite, West Ahmedabad", West Ahmedabad,Ahmedabad,"North Indian,  Chinese,  Mughlai,  Maharashtrian",4.1,21,700
Southern Grub - The Taste of South,"Sola, North Ahmedabad", North Ahmedabad,Ahmedabad,"South Indian,  Fast Food,  Pizza",4,21,500
Palatine Restaurant,"Thaltej, West Ahmedabad", West Ahmedabad,Ahmedabad,"Multi-Cuisine,  North Indian,  Italian,  Chinese,  Continental,  South Indian,  Thai,  Mexican,  Oriental ",4.3,21,800
William John's Pizza,"Odhav, East Ahmedabad", East Ahmedabad,Ahmedabad,"Pizza,  Italian",3,21,500
Lezzetli,"Kharar road, Mohali", Mohali,Chandigarh,"Multi-Cuisine,  North Indian,  Italian,  Chinese,  Continental,  South Indian",4.2,21,1300
Navtara,"Reliance Magnum,Majorda, South Goa", South Goa,Goa,"Multi-Cuisine,  North Indian,  South Indian,  Goan",4.3,21,500
Ziggy's by Fame,"Majorda, South Goa", South Goa,Goa,"North Indian,  Goan,  Italian",4.7,21,1000
Wan Hao,"Goa Marriott Resort and Spa,Panjim, North Goa", North Goa,Goa,"Asian,  Chinese,  Thai",4.5,21,2300
Grand Indiana,"Mirza Ismail Road, West Jaipur", West Jaipur,Jaipur,"North Indian,  Mughlai,  Chinese",4.3,21,900
DND Bar And Lounge,"Hotel Maharani Prime,Sindhi Camp, Central Jaipur", Central Jaipur,Jaipur,"North Indian,  Fast Food",4.6,21,1600
Saffron Kitchen,"Gomti Nagar, East Lucknow", East Lucknow,Lucknow,North Indian,3.8,21,800
Veg Bites,"Snehnagar, East Indore", East Indore,Indore,"Fast Food,  Chinese",3.2,21,600
The Baking Room,"New Palasia, Central Indore", Central Indore,Indore,"Desserts,  Bakery and Confectionary",4.4,21,300
Sizzling Treat,"Hotel Crown Palace,South Tukoganj, East Indore", East Indore,Indore,"North Indian,  Continental,  Oriental ",4.4,21,1500
Royal Cuisine By Chunda Palace,"Haridas Ji Ki Magri, South Udaipur", South Udaipur,Udaipur,"North Indian,  Rajasthani",4.6,21,1500
The Glass House,"Eastin Residences Vadodara,Alkapuri, Central Vadodara", Central Vadodara,Vadodara,"North Indian,  Continental,  Asian",3.8,21,1200
Sankalp,"New Sama, North Vadodara", North Vadodara,Vadodara,South Indian,4.4,21,700
TDS Restro Lounge,"Milestone Building,Ramdaspeth, West Nagpur", West Nagpur,Nagpur,"North Indian,  Chinese,  Continental,  Seafood",4.4,21,2300
Food Links,"VCA Stadium Complex,Civil Lines, West Nagpur", West Nagpur,Nagpur,Fast Food,4.3,21,500
Crostino,"Pratap Nagar, South Nagpur", South Nagpur,Nagpur,Fast Food,4.4,21,500
BIG B,"BRS Nagar, West Ludhiana", West Ludhiana,Ludhiana,"Multi-Cuisine,  North Indian,  Continental,  Oriental ",4.4,21,1200
Kapurthala Kitchen,"Connaught Place, Central Delhi", Central Delhi,Delhi,"North Indian,  Chinese,  Continental",2.9,20,1200
Cafe Platonic,"Satya Niketan, South Delhi", South Delhi,Delhi,"North Indian,  Chinese,  Continental,  South Indian",3.9,20,1000
Stupid Bar & Kitchen,"Lajpat Nagar - 2, South Delhi", South Delhi,Delhi,"North Indian,  Chinese,  Seafood",3.9,20,1000
Theos,"Sangam Courtyard,RK Puram, South Delhi", South Delhi,Delhi,"Desserts,  Bakery and Confectionary,  Fast Food",4.4,20,900
SGF - Spice Grill Flame,"Community Centre,Ashok Vihar Phase - 2, North Delhi", North Delhi,Delhi,"North Indian,  Chinese,  Fast Food",3.5,20,700
Vinayak Restaurant,"Rohini, North Delhi", North Delhi,Delhi,"Pizza,  Fast Food",3.8,20,1000
Krispy Kreme,"Ardee Mall,Ardee City, Gurgaon", Gurgaon,Gurgaon,"Desserts,  Doughnuts",4.1,20,400
Shaolin,"Galleria Shopping Centre,Powai, Powai", Powai,Mumbai,"North Indian,  Chinese,  Seafood",3.7,20,800
Tibbs Frankie,"R-Mall,Mulund West, Central Suburbs", Central Suburbs,Mumbai,Fast Food,3.7,20,200
Bachelorr's,"Kosamda,Bandra West, Bandra", Bandra,Mumbai,"Juice,  Street Food,  Desserts,  Fast Food",4.2,20,300
The Momo Factory,"Hari Niwas,Dadar West, South Mumbai", South Mumbai,Mumbai,"Tibetan,  Fast Food",3.5,20,400
Balaji Idli House,"Panchsheel Heights,Kandivali West, North Western", North Western,Mumbai,"South Indian,  North Indian,  Chinese",4.2,20,800
Tibbs Frankie,"Tardeo, South Mumbai", South Mumbai,Mumbai,Fast Food,3.2,20,200
Board 4 Bored,"Basavanagudi, South Bangalore", South Bangalore,Bangalore,"Continental,  Fast Food",4,20,500
Aubree,"Koramangala, South Bangalore", South Bangalore,Bangalore,"Bakery and Confectionary,  Desserts",4.7,20,800
Beijing Bites,"Banashankari, South Bangalore", South Bangalore,Bangalore,"Chinese,  Thai,  Seafood",3.8,20,700
Thanco's Natural Ice Cream,"BTM Layout, South Bangalore", South Bangalore,Bangalore,"Ice Cream,  Desserts",4,20,400
Rusty's,"Kalyan Nagar, North Bangalore", North Bangalore,Bangalore,"Continental,  Italian,  American",4.5,20,1100
Copper Kitchen,"HSR Layout, South Bangalore", South Bangalore,Bangalore,"North Indian,  Chinese,  Seafood,  Arabian",4.1,20,900
Skytouch Le Cafe,"JP Nagar, South Bangalore", South Bangalore,Bangalore,"Chinese,  North Indian,  Italian",3.6,20,600
Mani's Dum Biryani,"Bellandur, South Bangalore", South Bangalore,Bangalore,Biryani,4.2,20,700
Vasanta Bhavan,"Adyar, South Chennai", South Chennai,Chennai,"South Indian,  North Indian,  Chinese",3.2,20,500
Sandwich Square,"Besant Nagar, South Chennai", South Chennai,Chennai,Fast Food,3.6,20,500
Dindigul Thalappakatti,"Vettuvankeni, South Chennai", South Chennai,Chennai,"Multi-Cuisine,  North Indian,  Chinese,  South Indian,  Biryani",4.2,20,700
Kokommo,"Mahabalipuram, South Chennai", South Chennai,Chennai,Finger Food,4.4,20,2500
Moonrakers,"Mahabalipuram, South Chennai", South Chennai,Chennai,"North Indian,  Chinese,  Continental,  Seafood",2.7,20,700
Sync Restro Bar,"Best Western Ashoka,Lakdi-Ka-Pul, Central Hyderabad", Central Hyderabad,Hyderabad,"North Indian,  Chinese,  Andhra",4.3,20,1600
Since 2016 Cafe,"Salt Lake, East Kolkata", East Kolkata,Kolkata,"Italian,  Chinese,  Continental",3.2,20,900
Unwine,"The Sonnet Hotel,Salt Lake, East Kolkata", East Kolkata,Kolkata,"North Indian,  Finger Food",3.7,20,1800
Rasna Buzz,"Chowringhee, Central Kolkata", Central Kolkata,Kolkata,"Fast Food,  Shakes,  Desserts",4.8,20,300
Subway,"FMC Fortuna Building,AJC Bose Road, South Kolkata", South Kolkata,Kolkata,"Health Food,  Fast Food",4.5,20,400
Bedouin - Sher E Bengal,"Rashbehari Avenue, South Kolkata", South Kolkata,Kolkata,"North Indian,  Chinese,  Bengali,  Mughlai",3.8,20,800
Wow! Momo,"Rashbehari Avenue, South Kolkata", South Kolkata,Kolkata,"Fast Food,  Tibetan",3.5,20,400
Aaheli Axis,"Axis Mall,Rajarhat, 24 Parganas North", 24 Parganas North,Kolkata,"Bengali,  Seafood",3.7,20,2500
Wow! China by Wow! Momo,"New Town, 24 Parganas North", 24 Parganas North,Kolkata,Chinese,4,20,500
Wow! Momo,"Behala, South Kolkata", South Kolkata,Kolkata,"Fast Food,  Tibetan",3.7,20,400
Sankalp,"Embassy Market,Navrangpura, West Ahmedabad", West Ahmedabad,Ahmedabad,South Indian,4.3,20,500
Leaf Restaurant,"Riverview Hotel,Ashram Road, Central Ahmedabad", Central Ahmedabad,Ahmedabad,"Multi-Cuisine,  North Indian,  Chinese,  Continental,  Fast Food",3.4,20,1300
Sankalp,"Hariom Complex,Maninagar, East Ahmedabad", East Ahmedabad,Ahmedabad,South Indian,4.1,20,500
Pomo's Pizza,"Maninagar, East Ahmedabad", East Ahmedabad,Ahmedabad,"Italian,  Pizza",3.6,20,600
Brew Waves,"VR Punjab Mall,Kharar road, Mohali", Mohali,Chandigarh,"North Indian,  Chinese,  Continental",4.3,20,1800
Pinxx,"Regenta Central Cassia,Lohgarh, Zirakpur", Zirakpur,Chandigarh,"North Indian,  Chinese,  Continental",4.6,20,2100
Chaisa,"C Scheme, Central Jaipur", Central Jaipur,Jaipur,"Fast Food,  Tea",3.6,20,800
Brassica Grill & Platters,"Vaishali Nagar, West Jaipur", West Jaipur,Jaipur,"North Indian,  Mughlai,  Chettinad",4.4,20,1300
Rominus Pizza and Burger,"Raja Park, East Jaipur", East Jaipur,Jaipur,"Fast Food,  Pizza",3.2,20,600
Cappuccino Blast,"Alambagh, South Lucknow", South Lucknow,Lucknow,"Chinese,  Fast Food",4.1,20,1700
Amritsar 0km,"Alambagh, South Lucknow", South Lucknow,Lucknow,North Indian,4.4,20,1000
Maharaja Chaap,"Aliganj, North Lucknow", North Lucknow,Lucknow,"North Indian,  Fast Food",3.9,20,800
Saffron,"Kings Park Hotel,Bhanwar Kuan, South Indore", South Indore,Indore,"North Indian,  Chinese,  Continental",2.8,20,1200
Oladar Village Restaurant and Cafe,"Pichola, South Udaipur", South Udaipur,Udaipur,"North Indian,  Italian,  Fast Food",4.1,20,1400
Rolls Nation,"Sanjay Place, Central Agra", Central Agra,Agra,Fast Food,4.6,20,300
North 27,"Double Tree By Hilton Hotel Agra,Tajganj, East Agra", East Agra,Agra,"North Indian,  Italian,  Continental,  Asian",4.4,20,2500
Rasa,"Four Points by Sheraton,Fatehgunj, North Vadodara", North Vadodara,Vadodara,"North Indian,  Continental,  South Indian",4.4,20,800
Blue Coriander,"Revival Lords Inn,Sayajiganj, Central Vadodara", Central Vadodara,Vadodara,"North Indian,  Chinese,  Continental",4.3,20,1000
The Ludhianvi,"Gurdev Nagar, Central Ludhiana", Central Ludhiana,Ludhiana,"North Indian,  Mughlai",4.4,20,1900
Shree Rathnam,"Wave Mall,BRS Nagar, West Ludhiana", West Ludhiana,Ludhiana,South Indian,4.1,20,600
Cinnabon,"Shivaji Stadium Metro Station,Connaught Place, Central Delhi", Central Delhi,Delhi,"Desserts,  Bakery and Confectionary,  Coffee",3.8,19,500
Only Bar,"Bhikaji Cama Place, South Delhi", South Delhi,Delhi,"North Indian,  Chinese",4.1,19,1000
Taco Bell,"Select Citywalk Mall,Saket, South Delhi", South Delhi,Delhi,"Mexican,  Tex Mex",4.4,19,500
Spinns Family Resto Bar,"PVR Complex,Vikaspuri, West Delhi", West Delhi,Delhi,"North Indian,  Chinese,  Mughlai",3.9,19,2000
Val Hal La,"Indirapuram, Ghaziabad", Ghaziabad,Ghaziabad,"North Indian,  Finger Food",4.3,19,1800
Cafe More Life,"Dwarka, West Delhi", West Delhi,Delhi,"Fast Food,  North Indian,  Chinese",3.4,19,600
Urban Pind Restaurant,"NIT, Faridabad", Faridabad,Noida,North Indian,3.9,19,500
Frozen Bottle,"Mazgaon, South Mumbai", South Mumbai,Mumbai,"Desserts,  Shakes,  Ice Cream",4.5,19,500
Wanton House,"Shams Palace,Bandra West, Bandra", Bandra,Mumbai,"North Indian,  Asian,  Seafood,  Fast Food",4,19,900
The Burrow Cafe,"Malad West, North Western", North Western,Mumbai,"Continental,  American",4.1,19,500
Dusk,"The Park Navi Mumbai,CBD-Belapur, Navi Mumbai", Navi Mumbai,Mumbai,Finger Food,3.5,19,2500
Thanco's Natural Ice Cream,"VC Plaza,Basavanagudi, South Bangalore", South Bangalore,Bangalore,"Ice Cream,  Desserts",4.1,19,400
Trois Pub,"Koramangala, South Bangalore", South Bangalore,Bangalore,"Continental,  Finger Food,  North Indian,  Seafood,  Asian,  Coastal",4,19,1500
Cafe Mondo,"HSR Layout, South Bangalore", South Bangalore,Bangalore,"Italian,  Chinese,  Fast Food",4.2,19,800
Masaledaar Dhaba,"Saligramam, West Chennai", West Chennai,Chennai,North Indian,4.4,19,600
WelcomCafe Marina,"WelcomHotel Chennai,Gopalapuram, Central Chennai", Central Chennai,Chennai,"Multi-Cuisine,  North Indian,  Chinese,  Continental,  South Indian",4.2,19,1500
Curly Cravings,"Kilpauk, North Chennai", North Chennai,Chennai,"Chinese,  Italian,  Fast Food,  Shakes",4,19,500
Dindigul Thalappakatti,"Besant Nagar, South Chennai", South Chennai,Chennai,"Multi-Cuisine,  North Indian,  Chinese,  South Indian,  Biryani",4.2,19,700
La Chocolate,"Thiruvanmiyur, South Chennai", South Chennai,Chennai,"Desserts,  Bakery and Confectionary,  Fast Food",3.9,19,700
Eagle Restaurant & Bar,"Shree Venkateshwara Hotel,Lakdi-Ka-Pul, Central Hyderabad", Central Hyderabad,Hyderabad,"North Indian,  Chinese,  South Indian",3.6,19,1400
Harley's Fine Baking,"SPG Grand,Kompally, Secunderabad", Secunderabad,Hyderabad,"Continental,  Desserts,  Shakes",4.3,19,500
Circle Of Crust,"Baner, West Pune", West Pune,Pune,"Italian,  Pizza",4.4,19,900
Kimling,"Kondhwa, South Pune", South Pune,Pune,Chinese,3.6,19,800
Aswad Gomantak,"Echoing Green,Wakad, West Pune", West Pune,Pune,"North Indian,  Seafood,  Konkani",4.1,19,700
Kankurgachi Dhaba,"Kankurgachhi, East Kolkata", East Kolkata,Kolkata,"North Indian,  Chinese",2.4,19,400
Wow! Momo,"Lake Town, East Kolkata", East Kolkata,Kolkata,"Fast Food,  Tibetan",4.3,19,400
Wow! Momo,"Camac Street, Central Kolkata", Central Kolkata,Kolkata,"Fast Food,  Tibetan",3.4,19,400
Wow! Momo,"Ballygunge, South Kolkata", South Kolkata,Kolkata,"Fast Food,  Tibetan",3.7,19,400
Sharma Dhaba,"Ballygunge, South Kolkata", South Kolkata,Kolkata,"North Indian,  Chinese,  Fast Food",2.9,19,700
Kiaat Villagio,"Sarat Bose Road, South Kolkata", South Kolkata,Kolkata,"Italian,  Chinese,  Continental",3.7,19,800
Aafter 9,"Garia, South Kolkata", South Kolkata,Kolkata,"North Indian,  Chinese,  Continental",4.3,19,1500
Kaboose,"Elite Business Hub,Sola, North Ahmedabad", North Ahmedabad,Ahmedabad,"North Indian,  Chinese,  Continental,  Italian,  Drinks",4.5,19,800
Shree Marutinandan,"Ghatlodia, West Ahmedabad", West Ahmedabad,Ahmedabad,"Multi-Cuisine,  North Indian,  Chinese,  Gujarati",3.8,19,700
Gourmet Kitchen,"Maple 99,Chandkheda, North Ahmedabad", North Ahmedabad,Ahmedabad,"Multi-Cuisine,  North Indian,  Italian,  Chinese,  Continental",4.2,19,800
Maharaj Dining Hall,"Adalaj Gandhinagar, North Ahmedabad", North Ahmedabad,Ahmedabad,"Multi-Cuisine,  North Indian,  Chinese,  Gujarati",3.8,19,700
Chandigarh Baking Company,"JW Marriott Hotel,Sector 35, West Chandigarh", West Chandigarh,Chandigarh,Bakery and Confectionary,4.8,19,1000
Guru Nanak Sweets,"Sector 21, Central Chandigarh", Central Chandigarh,Chandigarh,"Mithai,  Continental,  Fast Food",4.2,19,300
The Back Room,"The Toy Hotel,Sector 34, West Chandigarh", West Chandigarh,Chandigarh,"Continental,  Fast Food",4.5,19,2000
Citrus Cafe,"Lemon Tree Hotel,Industrial Area Phase 1, South Chandigarh", South Chandigarh,Chandigarh,"North Indian,  Chinese,  Continental",4.3,19,1800
Spice Mantraa,"Candolim, North Goa", North Goa,Goa,"North Indian,  Goan",4.6,19,1400
Nibs Cafe And Chocolataria,"Gopalbari, North Jaipur", North Jaipur,Jaipur,"Italian,  Desserts,  Fast Food,  Shakes",4.5,19,1000
Aurum,"Hilton Hotel,Bais Godam, Central Jaipur", Central Jaipur,Jaipur,"Multi-Cuisine,  North Indian,  Italian,  Continental",4.5,19,3100
Brown Bites,"Vaishali Nagar, West Jaipur", West Jaipur,Jaipur,"Bakery and Confectionary,  Coffee,  Desserts,  Fast Food",4,19,900
Nibs Cafe And Chocolateria,"Raja Park, East Jaipur", East Jaipur,Jaipur,"Italian,  Desserts",3.8,19,900
Office Bar,"Hotel Dev Villas,Mansarovar, South Jaipur", South Jaipur,Jaipur,"North Indian,  Fast Food",4.5,19,1600
Surya Mahal Restaurant,"Tonk Road, South Jaipur", South Jaipur,Jaipur,"North Indian,  Rajasthani,  Chinese,  Continental,  South Indian",3.9,19,1100
Code Black,"Malviya Nagar, South Jaipur", South Jaipur,Jaipur,"North Indian,  Mexican",3.4,19,1200
Terrace Treat,"Hotel Crown Palace,South Tukoganj, East Indore", East Indore,Indore,"North Indian,  Chinese,  Continental",4.4,19,1100
Black Pearl,"Chitragupt Square,Vijay Nagar, East Indore", East Indore,Indore,North Indian,2.7,19,900
Twist Family Lounge & Bar,"Shobhagpura, West Udaipur", West Udaipur,Udaipur,"North Indian,  Chinese,  Continental,  Mexican",3.4,19,600
Charmant - The Heritage Café,"Alkapuri, Central Vadodara", Central Vadodara,Vadodara,"Italian,  Fast Food,  Coffee",4.7,19,800
Mandvi,"The Baroda Residency,Alkapuri, Central Vadodara", Central Vadodara,Vadodara,"North Indian,  Continental",3.3,19,1500
The Chocolate Room,"Prime Shoppers,Vesu, South Surat", South Surat,Surat,"Desserts,  Shakes,  Italian,  Fast Food",4,19,900
Sampoorna,"Rahul Raj Mall,Piplod, South Surat", South Surat,Surat,"Desserts,  Fast Food,  Italian",4,19,500
Slurrp,"Adajan Patiya, West Surat", West Surat,Surat,"North Indian,  Health Food",4.6,19,1000
Bon Gateau,"Gurdev Nagar, Central Ludhiana", Central Ludhiana,Ludhiana,"Multi-Cuisine,  Italian,  Chinese,  Desserts,  Fast Food,  Bakery and Confectionary",3.6,19,1000
Brickyard Cafe And Lounge,"Satya Niketan, South Delhi", South Delhi,Delhi,"Fast Food,  North Indian,  Chinese",4.4,18,700
Garden House Cafe And Health Kitchen,"Shahpur Jat, South Delhi", South Delhi,Delhi,"Continental,  Health Food",4.5,18,800
Heartbeat,"Rajouri Garden, West Delhi", West Delhi,Delhi,Multi-Cuisine,4.5,18,1400
Kamboj's,"Sector 37, Noida", Noida,Noida,"North Indian,  Chinese,  Mughlai",4.5,18,800
Bark Street,"Sector 110, Noida", Noida,Noida,"Italian,  Pizza,  Chinese,  Fast Food",4,18,600
Spirit,"Ghatkopar West, Central Suburbs", Central Suburbs,Mumbai,"North Indian,  Chinese,  Seafood,  Mughlai",3.9,18,2000
Mad Over Donuts,"Near Andheri West Station, Andheri West", Andheri West,Mumbai,"Desserts,  Doughnuts,  Waffle",4.4,18,450
Mad Over Donuts,"HyperCITY Mall,Malad West, North Western", North Western,Mumbai,"Desserts,  Doughnuts,  Waffle",4.4,18,450
Mad Over Donuts,"Sai Swar CHS,Kharghar, Navi Mumbai", Navi Mumbai,Mumbai,"Desserts,  Doughnuts,  Waffle",4.7,18,450
Pizza Burst,"Beverly Park,Mira Road, North Western", North Western,Mumbai,"Pizza,  Italian",4.4,18,600
California Burrito,"Orion East Mall,Banaswadi, North Bangalore", North Bangalore,Bangalore,"Mexican,  Fast Food",4.6,18,500
Leon Grill,"Jeevan Bhima Nagar, East Bangalore", East Bangalore,Bangalore,"Mexican,  Burger,  Fast Food",4.6,18,600
Pingara,"Koramangala, South Bangalore", South Bangalore,Bangalore,"North Indian,  Chinese,  Seafood",3.4,18,1200
Shanghai Court,"JP Nagar, South Bangalore", South Bangalore,Bangalore,"Chinese,  Thai,  Seafood",4.6,18,700
Writer's Cafe,"Kalyan Nagar, North Bangalore", North Bangalore,Bangalore,"Fast Food,  Drinks",3.9,18,600
North Indian Bhukkads,"Nagawara, North Bangalore", North Bangalore,Bangalore,"North Indian,  Biryani,  Chinese",3.4,18,500
Sanjha Chulha,"Purva Riviera Shopping Complex,Marathahalli, East Bangalore", East Bangalore,Bangalore,"North Indian,  Chinese",4.4,18,800
Grand Desi Paratha,"Kanakapura Road, South Bangalore", South Bangalore,Bangalore,North Indian,4.1,18,700
Cafe CakeBee,"Alwarpet, Central Chennai", Central Chennai,Chennai,"Italian,  Desserts,  Fast Food",4.4,18,1100
Ammavin Aduppankarai,"Perambur, North Chennai", North Chennai,Chennai,"Multi-Cuisine,  North Indian,  Chinese,  South Indian,  Fast Food",3.9,18,600
Dindigul Thalappakatti,"Parrys, North Chennai", North Chennai,Chennai,"Multi-Cuisine,  North Indian,  Chinese,  South Indian,  Biryani",4.4,18,700
Chaat Chatore,"Porur, West Chennai", West Chennai,Chennai,"Fast Food,  Street Food",4.6,18,300
Bar 41,"Radisson Blu Plaza Hotel,Banjara Hills, Central East Hyderabad", Central East Hyderabad,Hyderabad,Finger Food,4.6,18,2400
Stallion,"Royal Reve Hotel,SD Road, Secunderabad", Secunderabad,Hyderabad,"Chinese,  Mughlai",4.2,18,1600
Shree Santosh Family Dhaba,"Kukatpally, West Hyderabad", West Hyderabad,Hyderabad,"North Indian,  Chinese",3.2,18,700
Frozen Bottle,"Millenium Plaza,Shivaji Nagar, West Pune", West Pune,Pune,"Shakes,  Desserts,  Ice Cream",3.5,18,400
Two Sticks,"Balewadi, West Pune", West Pune,Pune,"Chinese,  Thai,  Japanese,  Tibetan",4.6,18,900
New Paul Dhaba Veggie Hub,"Maniktala, North Kolkata", North Kolkata,Kolkata,"North Indian,  Chinese",4,18,500
Kung Pao ,"Park Street, Central Kolkata", Central Kolkata,Kolkata,"Chinese,  Burmese,  Thai,  Oriental ",3.7,18,800
Toasted N Roasted,"Salt Lake, East Kolkata", East Kolkata,Kolkata,"North Indian,  Chinese,  Italian,  Fast Food",4.4,18,500
Azad Hind Dhaba,"Satya Narayanan Apartment,Salt Lake, East Kolkata", East Kolkata,Kolkata,North Indian,3.9,18,800
Hangoutz - The Boutique Cafe,"Howrah, Howrah", Howrah,Kolkata,Fast Food,4.5,18,600
Belgian Waffle Junction,"New Alipore, South Kolkata", South Kolkata,Kolkata,"Waffle,  Desserts,  Ice Cream",4.6,18,600
Azad Hind Dhaba,"Behala, South Kolkata", South Kolkata,Kolkata,"North Indian,  Chinese,  Fast Food",3.6,18,800
The Indian Heat,"Shivalik Plaza,Ambawadi, West Ahmedabad", West Ahmedabad,Ahmedabad,"North Indian,  Chinese,  Seafood,  Arabian",4.2,18,1000
Dakshination,"Navrangpura, West Ahmedabad", West Ahmedabad,Ahmedabad,South Indian,4.4,18,400
R.K. Egg Eatery,"Himalaya Arcade,Vastrapur, West Ahmedabad", West Ahmedabad,Ahmedabad,"Fast Food,  Street Food",3.7,18,300
Angithi By Mirch Masala,"Sumel Complex,Bodakdev, West Ahmedabad", West Ahmedabad,Ahmedabad,North Indian,4.8,18,1100
HOP,"Double Tree by Hilton Ahmedabad,Bopal, West Ahmedabad", West Ahmedabad,Ahmedabad,"Fast Food,  Continental",4.4,18,1200
Khichdi Etc,"Maninagar, East Ahmedabad", East Ahmedabad,Ahmedabad,"North Indian,  Chinese,  Mexican,  Gujarati",4.5,18,500
Chaps-In,"Sector 34, West Chandigarh", West Chandigarh,Chandigarh,North Indian,4.4,18,600
Chaayos,"Elante Mall,Industrial Area Phase 1, South Chandigarh", South Chandigarh,Chandigarh,"Tea,  Fast Food",4.3,18,500
Swiss Lounge,"Sector 5, Panchkula", Panchkula,Chandigarh,North Indian,4.4,18,1200
Ethnic Coriander's Mint,"Bestech Square Mall,Phase 9, Mohali", Mohali,Chandigarh,"North Indian,  Continental,  Oriental ",4.6,18,1000
Tulip Multi Cuisine,"Park Prime Goa,Panjim, North Goa", North Goa,Goa,"North Indian,  Chinese,  Continental,  Goan",4.2,18,1200
Navtara,"Mapusa, North Goa", North Goa,Goa,"Multi-Cuisine,  North Indian,  South Indian,  Goan",4.2,18,500
Navtara,"Mapusa, North Goa", North Goa,Goa,"Multi-Cuisine,  North Indian,  South Indian,  Goan",3.8,18,500
Shyam Darbaar,"Bais Godam, Central Jaipur", Central Jaipur,Jaipur,"North Indian,  Chinese,  Fast Food,  Italian,  South Indian",3.6,18,700
Kanha,"Vidhyadhar Nagar, North Jaipur", North Jaipur,Jaipur,"North Indian,  Fast Food,  Chinese,  South Indian",4,18,500
Kanha,"Tonk Road, South Jaipur", South Jaipur,Jaipur,"North Indian,  Fast Food,  Chinese,  South Indian",4.3,18,500
Mamu's Infusion Cafe,"World Trade Park,Malviya Nagar, South Jaipur", South Jaipur,Jaipur,"Italian,  North Indian,  Chinese,  Mexican,  Fast Food",4.6,18,700
Royal Cafe,"Sahara Ganj Mall,Hazratganj, Central Lucknow", Central Lucknow,Lucknow,"North Indian,  Fast Food",3.3,18,1100
Cosme Multi Cuisine Restaurant,"Hotel Levana Suites,Hazratganj, Central Lucknow", Central Lucknow,Lucknow,"North Indian,  Chinese,  Continental",4.1,18,2000
The Pizza Dine,"Aliganj, North Lucknow", North Lucknow,Lucknow,Pizza,3.8,18,500
10 Downing Street,"Malhar Mega Mall,Vijay Nagar, East Indore", East Indore,Indore,Finger Food,4,18,1600
The Tick Tock Cafe,"Shobhagpura, West Udaipur", West Udaipur,Udaipur,"North Indian,  Fast Food,  Chinese,  Coffee,  Shakes",4.4,18,700
Wonder Terrace Bar & Kitchen,"Radisson Hotel Agra Taj East Gate,Tajganj, East Agra", East Agra,Agra,"North Indian,  Continental,  Finger Food",4.3,18,4200
Lord Of The Drinks,"Tajganj, East Agra", East Agra,Agra,"North Indian,  Chinese,  European,  Italian",3.5,18,1500
Ten Tables Tandoor Family Restaurant,"Manish Nagar, South Nagpur", South Nagpur,Nagpur,North Indian,4.3,18,800
Nini's Kitchen,"International Business Center,Piplod, South Surat", South Surat,Surat,"Multi-Cuisine,  North Indian,  Italian,  Continental,  Lebanese,  Fast Food",4.5,18,1200
Neo Politan Pizza,"Prime Shoppers,Vesu, South Surat", South Surat,Surat,"Fast Food,  Pizza,  Italian",3.3,18,500
Gyan's Restaurant,"East Patel Nagar, West Delhi", West Delhi,Delhi,North Indian,4.1,17,800
Two Pots Kitchen,"Janakpuri, West Delhi", West Delhi,Delhi,"Italian,  Chinese,  Continental,  Lebanese,  Desserts",4.9,17,600
The Tummy Section,"Rajouri Garden, West Delhi", West Delhi,Delhi,"Fast Food,  Chinese",3.5,17,600
The Reader's Cafe,"Sector 18, Noida", Noida,Noida,"Italian,  Continental",4.2,17,1200
Uncle's Family Restaurant,"Sector 11, Noida", Noida,Noida,"North Indian,  Chinese",3.4,17,600
Kake Da Hotel,"Mefcons Plaza,Dwarka, West Delhi", West Delhi,Delhi,North Indian,4.2,17,1000
Metro,"Apra Plaza,Dwarka, West Delhi", West Delhi,Delhi,"Mughlai,  North Indian,  Chinese",3.4,17,800
Srinathji's,"Jagdamba Bhavan,Lower Parel, South Mumbai", South Mumbai,Mumbai,"Desserts,  Bakery and Confectionary",4.3,17,500
Dhuri Veg World,"Vasai West, North Western", North Western,Mumbai,"North Indian,  South Indian,  Fast Food",4.3,17,1400
Mani's Dum Biryani,"Ulsoor, Central Bangalore", Central Bangalore,Bangalore,Biryani,4.8,17,700
The Bangalore Street Club,"Lido Mall,Ulsoor, Central Bangalore", Central Bangalore,Bangalore,"North Indian,  South Indian,  Fast Food",4.1,17,900
Bangaliana,"Koramangala, South Bangalore", South Bangalore,Bangalore,"Bengali,  Seafood",3.9,17,600
Cuppa Redifined,"Mathikere, North Bangalore", North Bangalore,Bangalore,"Continental,  Fast Food,  Tea",3.7,17,300
Dr. Sheesha,"BTM Layout, South Bangalore", South Bangalore,Bangalore,"North Indian,  Chinese,  Continental,  Fast Food",3.7,17,900
Wow! Momo,"Elements Mall,Nagawara, North Bangalore", North Bangalore,Bangalore,"Tibetan,  Chinese",3.6,17,400
Haji Ali Juice Centre,"Chetpet, Central Chennai", Central Chennai,Chennai,"Fast Food,  Juice,  Shakes,  Desserts,  Ice Cream",4.3,17,500
Dindigul Thalappakatti,"Guindy, South Chennai", South Chennai,Chennai,"Multi-Cuisine,  North Indian,  Chinese,  South Indian,  Biryani",4.1,17,700
That Waffle Place,"Royapettah, Central Chennai", Central Chennai,Chennai,"Desserts,  Waffle",4.1,17,300
Neyyar,"Grand Tiara Hotel,St. Thomas Mount, West Chennai", West Chennai,Chennai,"Kerala,  North Indian,  Chinese",4,17,600
Bombay Halwa House,"Windsor Palace,Kilpauk, North Chennai", North Chennai,Chennai,"North Indian,  Chinese",3.9,17,500
Palmshore,"Maduravoyal, West Chennai", West Chennai,Chennai,"Multi-Cuisine,  North Indian,  Chinese,  Seafood",4,17,1000
W xyz,"Aloft Chennai,Sholinganallur, South West Chennai", South West Chennai,Chennai,Finger Food,3.9,17,1600
Cups & Plates,"Lakdi-Ka-Pul, Central Hyderabad", Central Hyderabad,Hyderabad,"North Indian,  Chinese,  European",3.7,17,1000
Cream Stone,"Banjara Hills, Central East Hyderabad", Central East Hyderabad,Hyderabad,"Desserts,  Ice Cream,  Shakes",4.2,17,400
Hawte,"Madhapur, West Hyderabad", West Hyderabad,Hyderabad,"Desserts,  Ice Cream,  Shakes",4.3,17,400
Upper Deck,"Swagath De Royal,Kondapur, West Hyderabad", West Hyderabad,Hyderabad,"North Indian,  Chinese",4.2,17,1000
Cafe Kathaa,"F.C. Road, West Pune", West Pune,Pune,"Continental,  Fast Food,  Shakes",4,17,900
Mazdana Restaurant & Bar,"Camp, East Pune", East Pune,Pune,"Continental,  Finger Food,  North Indian,  Chinese,  Oriental ",4.2,17,600
The Quick Wok,"Regent Plaza,Baner, West Pune", West Pune,Pune,"Chinese,  Thai",4.4,17,800
Frozen Bottle,"Baner, West Pune", West Pune,Pune,"Shakes,  Ice Cream",4.6,17,400
Chakh Le Veg - Non Veg,"Shinde Complex,Bavdhan, West Pune", West Pune,Pune,"North Indian,  Chinese,  South Indian,  Street Food",4.1,17,600
Aha! Baangali,"Wakad, West Pune", West Pune,Pune,"Bengali,  Seafood",4.5,17,700
Apna Punjab,"Magarpatta City, East Pune", East Pune,Pune,"North Indian,  Chinese",4.1,17,600
Bay Leaf Bistro,"Chinchwad, West Pune", West Pune,Pune,"Chinese,  North Indian,  Continental,  South Indian,  Thai,  Mexican,  Fast Food",3.7,17,800
Kasturi Restaurant,"New Market, Central Kolkata", Central Kolkata,Kolkata,Bengali,4,17,700
Unplugged Courtyard,"Park Street, Central Kolkata", Central Kolkata,Kolkata,"North Indian,  Italian,  Continental,  Sushi",4.1,17,2800
Wow! Momo,"RDB Boulevard,Salt Lake, East Kolkata", East Kolkata,Kolkata,"Fast Food,  Tibetan",3.3,17,400
Wasabee,"Desapriya Park, South Kolkata", South Kolkata,Kolkata,"Chinese,  Asian,  Thai,  Japanese",4,17,1500
Bangaleeana,"Rajarhat, 24 Parganas North", 24 Parganas North,Kolkata,"North Indian,  Bengali",3.3,17,700
Raajbarir Khawa,"Santoshpur, South Kolkata", South Kolkata,Kolkata,"Bengali,  Seafood",3.1,17,600
Wow! Momo,"Barrackpore, 24 Parganas North", 24 Parganas North,Kolkata,"Fast Food,  Tibetan",4,17,400
Puffizza,"Ellis Bridge, Central Ahmedabad", Central Ahmedabad,Ahmedabad,"Pizza,  Italian",4.6,17,700
Pizza Zone,"Paldi, Central Ahmedabad", Central Ahmedabad,Ahmedabad,"Pizza,  Italian,  Fast Food",4,17,500
Shree Marutinandan,"Naroda, North Ahmedabad", North Ahmedabad,Ahmedabad,"Multi-Cuisine,  North Indian,  Chinese,  Gujarati",4,17,700
Italian Bistro,"Maple 99,Chandkheda, North Ahmedabad", North Ahmedabad,Ahmedabad,Italian,4.2,17,1000
Twisted Barrel Microbrewery,"Sector 9, Panchkula", Panchkula,Chandigarh,"North Indian,  Oriental ,  Continental",3.4,17,1500
Barbeque,"Cidade De Goa,Panjim, North Goa", North Goa,Goa,"Seafood,  Barbecue,  Sizzlers",4,17,2200
Navtara,"Siolim, North Goa", North Goa,Goa,"Multi-Cuisine,  North Indian,  South Indian,  Goan",3.9,17,500
Chawla's Restaurant,"Sodala, West Jaipur", West Jaipur,Jaipur,"North Indian,  Chinese",4.9,17,700
Piante  Kitchen And Bar,"Hotel Kings Corner,Raja Park, East Jaipur", East Jaipur,Jaipur,"North Indian,  Continental,  Italian,  Mexican",3.9,17,1900
Oiya Restaurant,"New Palasia, Central Indore", Central Indore,Indore,"Fast Food,  Coffee,  Shakes",4.3,17,500
Mister Shef,"Vijay Nagar, East Indore", East Indore,Indore,"North Indian,  Italian,  Chinese,  Continental",3,17,800
The Market,"Fairfield by Marriott Indore,Vijay Nagar, East Indore", East Indore,Indore,"Fast Food,  Coffee,  Tea",4.3,17,800
2nd Wife,"Mehar Complex,Rakabganj, Central Agra", Central Agra,Agra,"North Indian,  Italian,  Oriental ",3.8,17,1100
Hungama Street Cafe,"Dharampeth, West Nagpur", West Nagpur,Nagpur,"Chinese,  Fast Food,  Desserts",4.3,17,700
Vintage Cafe,"Ganesh Tower,Ravi Nagar, West Nagpur", West Nagpur,Nagpur,Fast Food,4.2,17,400
Kori's,"Safdarjung, South Delhi", South Delhi,Delhi,"Asian,  Korean,  Japanese,  Sushi",4.1,16,1300
Ambra,"Greater Kailash - 2, South Delhi", South Delhi,Delhi,Fast Food,4.3,16,300
Bella Rossa,"Dwarka, West Delhi", West Delhi,Delhi,"North Indian,  Italian,  Chinese",4.3,16,1000
Taco Bell,"Logix City Centre Mall,Sector 32, Noida", Noida,Noida,"Mexican,  Tex Mex,  Tex Mex",4.5,16,500
Punjab Street,"NIT, Faridabad", Faridabad,Noida,North Indian,4.5,16,900
Taco Bell,"Phoenix Marketcity Mall,Kurla West, Central Suburbs", Central Suburbs,Mumbai,"Fast Food,  Mexican,  American",4,16,500
Mesa Bistro,"Svenska Design Hotel,Near Andheri West Station, Andheri West", Andheri West,Mumbai,"Multi-Cuisine,  North Indian,  Italian,  Continental,  Seafood,  Oriental ",3.5,16,2000
Sirocco,"Versova, Andheri West", Andheri West,Mumbai,"Italian,  Chinese",4.3,16,1200
Gigil Brasserie,"Kandivali East, North Western", North Western,Mumbai,"Italian,  Fast Food,  Shakes",4.2,16,1000
Taco Bell,"Seawoods Grand Central Mall,Seawoods, Navi Mumbai", Navi Mumbai,Mumbai,"Fast Food,  Mexican,  American",4,16,500
Jade Buddha's Pub and Kitchen,"Citi Tower,CBD-Belapur, Navi Mumbai", Navi Mumbai,Mumbai,"Asian,  Chinese,  Japanese,  Indonesian,  Seafood,  Malaysian",4.1,16,1600
Feast India Co.,"Cunningham Road, Central Bangalore", Central Bangalore,Bangalore,"Awadhi,  North Indian",3.8,16,1500
Cilantro,"Halcyon Hotel,Koramangala, South Bangalore", South Bangalore,Bangalore,"Continental,  North Indian,  Seafood",4.1,16,1800
Bottoms Up Club,"Sanjay Nagar, North Bangalore", North Bangalore,Bangalore,"Chinese,  Continental,  Indian Cuisine,  Italian,  Korean",4.2,16,1000
Cafe Kaffea,"Vijay Nagar, West Bangalore", West Bangalore,Bangalore,"Italian,  Oriental ",3.6,16,700
Toast On Terrace,"Kanakapura Road, South Bangalore", South Bangalore,Bangalore,"North Indian,  Chinese,  Andhra,  Fast Food",4,16,900
Punjabi Nukkad,"HSR Layout, South Bangalore", South Bangalore,Bangalore,"North Indian,  Chinese",4.1,16,500
Chef Baker's,"Silver Square Building,Whitefield, East Bangalore", East Bangalore,Bangalore,"Bakery and Confectionary,  Desserts,  Fast Food",4.6,16,600
Koox,"Novotel Chennai,Nandanam, Central Chennai", Central Chennai,Chennai,"Japanese,  Sushi",3.8,16,1200
Oasis,"Radisson Blu City Centre,Egmore, North Chennai", North Chennai,Chennai,"North Indian,  Chinese,  Continental",4.3,16,1800
Copper Kitchen,"Velachery, South West Chennai", South West Chennai,Chennai,"North Indian,  Chinese,  Seafood,  Andhra,  Chettinad",3.7,16,1100
Waffle House,"Banjara Hills, Central East Hyderabad", Central East Hyderabad,Hyderabad,"Fast Food,  Waffle,  Desserts",3.4,16,600
Nag Restaurant and Banquets,"Alwal, Secunderabad", Secunderabad,Hyderabad,"North Indian,  Chinese,  Seafood",2.1,16,900
Sandwich Eatery,"Nizampet, West Hyderabad", West Hyderabad,Hyderabad,"Fast Food,  Shakes",4.2,16,500
Kenny Rogers Roasters,"Inorbit Mall,Hitech City, West Hyderabad", West Hyderabad,Hyderabad,"Health Food,  Continental",4.1,16,1000
Fountain Family Rest O Bar,"Shivaji Nagar, West Pune", West Pune,Pune,"North Indian,  Chinese",4.2,16,1000
Wada By Hotel Gavran Tadka,"Pashan, West Pune", West Pune,Pune,"North Indian,  Maharashtrian",3.7,16,700
Talli Master Resto & Lounge Bar,"Wakad, West Pune", West Pune,Pune,"Multi-Cuisine,  North Indian,  Oriental ",3.9,16,1200
Kimchi,"Kharadi, East Pune", East Pune,Pune,"Thai,  Chinese,  Asian",3.5,16,700
Ego Retro Lounge,"The Peerless Inn,Esplanade, Central Kolkata", Central Kolkata,Kolkata,"Finger Food,  Asian",3.5,16,1500
Taco Bell,"Quest Mall,Ballygunge, South Kolkata", South Kolkata,Kolkata,Mexican,4.7,16,500
Monginis,"Diamond Plaza Mall,Jessore Road, 24 Parganas North", 24 Parganas North,Kolkata,"Desserts,  Bakery and Confectionary,  Fast Food",4.1,16,200
Cheeni Kum Lounge & Bar,"Hotel Narayani Enclave,Kasba, South Kolkata", South Kolkata,Kolkata,"Multi-Cuisine,  North Indian,  Chinese,  Continental,  South Indian",4.2,16,1300
The Wall,"Ecosuite Business Tower,Rajarhat, 24 Parganas North", 24 Parganas North,Kolkata,"Asian,  Chinese,  Thai,  Japanese,  Seafood",4,16,1500
Chowman,"Garia, South Kolkata", South Kolkata,Kolkata,"Asian,  Chinese,  Thai,  Seafood,  Oriental ",4.4,16,900
The Bent Spoon,"3 by OYO - Nami Residency,Ellis Bridge, Central Ahmedabad", Central Ahmedabad,Ahmedabad,"Multi-Cuisine,  North Indian,  Chinese,  Continental,  Thai,  Gujarati,  Finger Food",3.2,16,800
Topaz,"Chandkheda, North Ahmedabad", North Ahmedabad,Ahmedabad,"North Indian,  Italian,  Chinese,  Mexican",4.7,16,700
Fabcafe By Fabindia,"Sector 17, Central Chandigarh", Central Chandigarh,Chandigarh,"Health Food,  Modern Indian,  North Indian,  Continental",4.1,16,1200
Sip 'N' Dine,"Sector 7, East Chandigarh", East Chandigarh,Chandigarh,"North Indian,  Chinese,  Seafood",4.5,16,1500
Swag,"Phase 7, Mohali", Mohali,Chandigarh,Fast Food,4.7,16,500
Burgflix,"Phase 10, Mohali", Mohali,Chandigarh,"Continental,  Fast Food",4.5,16,200
Masala Grill,"The Cove,Sector 5, Panchkula", Panchkula,Chandigarh,"North Indian,  Chinese",4.4,16,1500
HIVE Shack 24x7,"Raja Park, East Jaipur", East Jaipur,Jaipur,"North Indian,  Italian,  Fast Food",4.5,16,600
Conversation,"The Fern An Ecotel Hotel,Tonk Road, South Jaipur", South Jaipur,Jaipur,"Continental,  Chinese,  Mughlai",4.4,16,1800
Marine Room,"The Piccadily Lucknow,Alambagh, South Lucknow", South Lucknow,Lucknow,"North Indian,  Mughlai,  Continental,  Oriental ",4.4,16,3000
Mocha,"Anand Plaza,Gomti Nagar, East Lucknow", East Lucknow,Lucknow,"Multi-Cuisine,  North Indian,  Chinese,  Mughlai,  Fast Food",3.9,16,2000
Be The Beer,"Levana Cyber Heights,Gomti Nagar, East Lucknow", East Lucknow,Lucknow,"Multi-Cuisine,  North Indian,  Italian,  Chinese",3.5,16,2000
Poseidon,"Hotel Ranbirs,Gomti Nagar, East Lucknow", East Lucknow,Lucknow,"North Indian,  Chinese",4.3,16,1200
Ice Balls and Slice Square,"New Palasia, Central Indore", Central Indore,Indore,"Fast Food,  Ice Cream",4.6,16,300
Revolution,"Vijay Nagar, East Indore", East Indore,Indore,"North Indian,  Fast Food,  Continental",3.1,16,2400
Veg Bites,"South Tukoganj, East Indore", East Indore,Indore,"Fast Food,  Chinese",2.1,16,600
Zuby's FNF,"Navneet Plaza,Old Palasia, Central Indore", Central Indore,Indore,Fast Food,3.7,16,500
Cakes N Craft,"Old Palasia, Central Indore", Central Indore,Indore,"Bakery and Confectionary,  Desserts",4.1,16,500
Effe Cafe,"Papaya Tree Hotel,Rau, South Indore", South Indore,Indore,Fast Food,3.9,16,1200
The Spoonful Cafe,"Vijay Nagar, East Indore", East Indore,Indore,North Indian,3.8,16,250
Seasons Cafe,"Radisson Udaipur,Ashok Nagar, Central Udaipur", Central Udaipur,Udaipur,"North Indian,  Continental,  Oriental ",4.3,16,1600
Barbeque Nation,"Tajganj, East Agra", East Agra,Agra,"North Indian,  Chinese,  Mediterranean",3.8,16,1100
Lattice,"Crystal Sarovar Premiere,Tajganj, East Agra", East Agra,Agra,"North Indian,  Continental,  Chinese",4.6,16,1000
Rule The Rolls,"Diwalipura, West Vadodara", West Vadodara,Vadodara,"Fast Food,  Burger",4.3,16,300
Bogo Cafe,"Akota, Central Vadodara", Central Vadodara,Vadodara,Fast Food,4.1,16,700
SSD's Swad Ghar Ka,"Bajaj Nagar, West Nagpur", West Nagpur,Nagpur,North Indian,4.5,16,600
Royal Dine Restaurant,"Palanpore, West Surat", West Surat,Surat,"North Indian,  Fast Food,  Chinese",4.3,16,600
Malhar Dhosa,"Vesu, South Surat", South Surat,Surat,South Indian,2.2,16,400
Delhi Salad Store,"Greater Kailash - 1, South Delhi", South Delhi,Delhi,"Health Food,  Juice,  Shakes",3.8,15,600
Tasim,"Rajouri Garden, West Delhi", West Delhi,Delhi,"Chinese,  Thai",4.2,15,1100
Malt-N-Brew,"Park Ascent Hotel,Sector 62, Noida", Noida,Noida,Finger Food,4.4,15,1200
Theos,"Cyber Hub,DLF Cyber City, Gurgaon", Gurgaon,Gurgaon,"Desserts,  Bakery and Confectionary,  Fast Food",4.3,15,900
Cafe Contigo,"Vashi, Navi Mumbai", Navi Mumbai,Mumbai,"Continental,  Asian,  Italian",4.4,15,900
Green Tadka,"Goregaon West, North Western", North Western,Mumbai,"North Indian,  Fast Food,  Chinese,  South Indian",3.6,15,700
K's Charcoal,"Borivali West, North Western", North Western,Mumbai,"Fast Food,  Pizza,  Italian",4,15,1000
Elementaria Bakery Cafe,"Lower Parel, South Mumbai", South Mumbai,Mumbai,"Desserts,  Fast Food",4.3,15,800
D Adda,"Ulhasnagar, Dombivali", Dombivali,Mumbai,"North Indian,  Italian,  Chinese",3.1,15,1500
South Parade,"The Chancery Hotel,Lavelle Road, Central Bangalore", Central Bangalore,Bangalore,"Continental,  North Indian,  Chinese",4.2,15,1200
Hatti Punjab Di,"Koramangala, South Bangalore", South Bangalore,Bangalore,"Chinese,  North Indian",3.3,15,700
Arabian Hot Spot,"Kalyan Nagar, North Bangalore", North Bangalore,Bangalore,"North Indian,  Arabian",4.1,15,800
Hebe's Cafe,"HSR Layout, South Bangalore", South Bangalore,Bangalore,"Italian,  Continental,  Fast Food",4.6,15,500
Chef Baker's,"Padmashri Arcade,HSR Layout, South Bangalore", South Bangalore,Bangalore,"Bakery and Confectionary,  Desserts,  Fast Food",3.9,15,600
Eat Retreat,"Sarjapur Road, South Bangalore", South Bangalore,Bangalore,North Indian,4.5,15,500
Imperio Restaurant,"Brookefields, East Bangalore", East Bangalore,Bangalore,"South Indian,  Biryani,  North Indian,  Seafood",3.9,15,700
Curly Cravings,"Kodambakkam, West Chennai", West Chennai,Chennai,"Chinese,  Italian,  Fast Food,  Shakes",4.5,15,500
Cafe Toastie Express,"Aminjikarai, North Chennai", North Chennai,Chennai,"Chinese,  Fast Food,  Pizza,  South Indian",3.9,15,600
Dindigul Thalappakatti,"Mogappair, West Chennai", West Chennai,Chennai,"Multi-Cuisine,  North Indian,  Chinese,  South Indian,  Biryani",4.1,15,700
Tosai,"East Coast Road, South Chennai", South Chennai,Chennai,"North Indian,  South Indian,  Chinese",4,15,500
The Old Madras Baking Company,"Manikonda, West Hyderabad", West Hyderabad,Hyderabad,"Fast Food,  Bakery and Confectionary,  Pizza",3.8,15,600
Myboli Maharashtrian Kitchen,"Paradigm SSS Square,Kondapur, West Hyderabad", West Hyderabad,Hyderabad,Maharashtrian,3.8,15,1000
Palanadu Ruchulu,"Gachibowli, West Hyderabad", West Hyderabad,Hyderabad,"North Indian,  Chinese,  South Indian,  Biryani",3.5,15,1100
Pune Baking Company,"JW Marriott Hotel,Senapati Bapat Road, West Pune", West Pune,Pune,"Bakery and Confectionary,  Coffee",4.2,15,600
Mayur Thali,"Camp, East Pune", East Pune,Pune,"Gujarati,  Rajasthani,  Street Food",3.9,15,500
The Cult - House,"Magarpatta City, East Pune", East Pune,Pune,"Multi-Cuisine,  Italian,  Continental,  Seafood,  Asian,  Finger Food",4.1,15,1900
Circle Of Crust,"Kondhwa, South Pune", South Pune,Pune,"Italian,  Pizza",3.9,15,900
Uddta Punjab Dhaba,"Salt Lake, East Kolkata", East Kolkata,Kolkata,"North Indian,  Mughlai",2.9,15,800
Deli Cravings,"Minto Park, South Kolkata", South Kolkata,Kolkata,"Fast Food,  Italian,  Continental,  Mexican,  Health Food",3.7,15,800
Zodiac,"Fortune Park Panchwati,Kona Expressway, Howrah", Howrah,Kolkata,"North Indian,  Chinese",4.1,15,900
Hotel Royal Height,"Behala, South Kolkata", South Kolkata,Kolkata,"Multi-Cuisine,  North Indian,  Chinese,  Continental,  Thai,  Japanese",4.2,15,1200
Noodle Oodle,"Garia, South Kolkata", South Kolkata,Kolkata,"Chinese,  Seafood",3.4,15,600
24 Carat Cafe,"Inder Residency,Ellis Bridge, Central Ahmedabad", Central Ahmedabad,Ahmedabad,"Fast Food,  North Indian",4,15,600
Cinnamon,"Hotel Suba Star,Bodakdev, West Ahmedabad", West Ahmedabad,Ahmedabad,"North Indian,  Oriental ,  Continental",3.7,15,800
Cafe Soul Square,"Bodakdev, West Ahmedabad", West Ahmedabad,Ahmedabad,"Multi-Cuisine,  Italian,  Chinese,  Continental,  Mexican,  Coffee",4.5,15,800
Zodiac,"Fortune Landmark Hotel,Ashram Road, Central Ahmedabad", Central Ahmedabad,Ahmedabad,"North Indian,  Continental,  Mughlai",4.6,15,1900
Dana Panee,"Sarkhej, West Ahmedabad", West Ahmedabad,Ahmedabad,"North Indian,  Chinese,  Seafood",3.7,15,800
Aroma,"Crowne Plaza,Satellite, West Ahmedabad", West Ahmedabad,Ahmedabad,"North Indian,  Continental,  Desserts,  Indian Cuisine",4.4,15,1200
Aura - All Day Dining,"Courtyard by Marriott,Bodakdev, West Ahmedabad", West Ahmedabad,Ahmedabad,"North Indian,  Asian,  Italian,  Continental,  South Indian,  Desserts",3.9,15,2100
D'tallii Egg,"Celebration City Centre,Bopal, West Ahmedabad", West Ahmedabad,Ahmedabad,"Fast Food,  Health Food,  Chinese",4.6,15,500
Pomo's Pizza,"Town Plaza,Nikol, East Ahmedabad", East Ahmedabad,Ahmedabad,"Italian,  Pizza",2.7,15,600
Caffe Tonino,"Sector 8, East Chandigarh", East Chandigarh,Chandigarh,Italian,4.5,15,1600
Arista 24 x 7,"Kharar road, Mohali", Mohali,Chandigarh,"North Indian,  Chinese,  Oriental ",3.2,15,1000
Captain Sam's,"Hollywood Plaza,VIP Road, Zirakpur", Zirakpur,Chandigarh,"Pizza,  Italian,  Fast Food",3.9,15,700
Cafe-et-cetera,"Panjim, North Goa", North Goa,Goa,"North Indian,  Chinese,  Continental",3.8,15,800
Soi,"Candolim, North Goa", North Goa,Goa,"Goan,  Seafood",4.3,15,1500
Love Fine Dining,"The Park,Calangute, North Goa", North Goa,Goa,"Multi-Cuisine,  North Indian,  Italian,  Seafood,  Goan",4.3,15,1800
5th Alley,"5 by OYO - Metropolitan,Bais Godam, Central Jaipur", Central Jaipur,Jaipur,"Multi-Cuisine,  North Indian,  Italian,  Chinese,  Thai,  World Cuisine,  Desserts",4.1,15,1800
14 Tables,"Mirza Ismail Road, West Jaipur", West Jaipur,Jaipur,"North Indian,  Continental",4.6,15,1700
Dal Bati Churma,"Bani Park, Central Jaipur", Central Jaipur,Jaipur,"North Indian,  Rajasthani",4.1,15,400
Marky Momos,"Raja Park, East Jaipur", East Jaipur,Jaipur,"Fast Food,  Chinese",4,15,600
Brown Sugar Bistro,"Vidhyadhar Nagar, North Jaipur", North Jaipur,Jaipur,"North Indian,  Italian,  Fast Food,  Drinks",4.3,15,900
The Cherry Tree Cafe,"Aliganj, North Lucknow", North Lucknow,Lucknow,"North Indian,  Italian,  Chinese,  Fast Food",4.4,15,1500
Vegtawa Restaurant,"Sudama Nagar, South Indore", South Indore,Indore,"North Indian,  Chinese",3.9,15,700
Koffee King,"Snehnagar, East Indore", East Indore,Indore,"Fast Food,  Coffee,  Desserts,  Ice Cream",3.8,15,400
Tea Diaries,"YN Road, Central Indore", Central Indore,Indore,Fast Food,1.6,15,500
Bella Pizzeria,"Old Palasia, Central Indore", Central Indore,Indore,"Italian,  Fast Food",3.6,15,800
Singh Sahab,"Navneet Tower,Old Palasia, Central Indore", Central Indore,Indore,"North Indian,  Chinese",3.8,15,800
Veg Bites,"Old Palasia, Central Indore", Central Indore,Indore,"Fast Food,  Chinese",4.3,15,600
GFC - The Great Food Company,"Indore By Pass Road, East Indore", East Indore,Indore,"North Indian,  Chinese",4.5,15,1000
Rootage Bar,"Nada Khada, Central Udaipur", Central Udaipur,Udaipur,Finger Food,4.4,15,900
Traditional Khana,"Panchwati, Central Udaipur", Central Udaipur,Udaipur,Rajasthani,4.7,15,1000
Burger 27,"Sanjay Place, Central Agra", Central Agra,Agra,Fast Food,4.5,15,800
Amaya,"The Fern Residency,Sayajiganj, Central Vadodara", Central Vadodara,Vadodara,"North Indian,  Fast Food",3.9,15,900
Wooddy Jhone’s Pizza,"New Sama, North Vadodara", North Vadodara,Vadodara,"Pizza,  Italian",3.6,15,500
William John's Pizza,"Manjalpur, South Vadodara", South Vadodara,Vadodara,"Fast Food,  Pizza",4.3,15,500
Spice It,"MG Road, North Kochi", North Kochi,Kochi,"Continental,  North Eastern,  Asian",3.3,15,800
Sky Altitude,"Vesu, South Surat", South Surat,Surat,"North Indian,  Italian,  Chinese",4,15,600
Masala Mania,"Vesu, South Surat", South Surat,Surat,"Chinese,  Fast Food,  Italian",3.9,15,1500
Captain Egg,"Utran, North Surat", North Surat,Surat,"Fast Food,  Health Food",4.4,15,300
Salsa Spice And Grill,"BRS Nagar, West Ludhiana", West Ludhiana,Ludhiana,"North Indian,  Fast Food,  Chinese",3.5,15,1000
The Chai Story,"DLF South Square Mall,Sarojini Nagar, South Delhi", South Delhi,Delhi,"Fast Food,  Tea",3,14,400
Kake Da Hotel,"Model Town 1, North Delhi", North Delhi,Delhi,North Indian,3.8,14,1000
Saleem's Fine Dine,"Kailash Colony, South Delhi", South Delhi,Delhi,"Mughlai,  North Indian,  Chinese",4.4,14,1400
Taco Bell,"Gourmet Hub,Paschim Vihar, West Delhi", West Delhi,Delhi,"Mexican,  Tex Mex",3.9,14,500
Dramz Brasserie,"Mehrauli, South Delhi", South Delhi,Delhi,Italian,3.5,14,1200
Roasted By Roseate,"Vasant Kunj, South Delhi", South Delhi,Delhi,"Desserts,  Fast Food,  Tea",4.4,14,1500
Savannah Bar,"Radisson Blu Plaza,Mahipalpur, South Delhi", South Delhi,Delhi,Finger Food,4.3,14,2500
Auntie Fung's,"DLF Galleria Market,DLF Phase - 4, Gurgaon", Gurgaon,Gurgaon,Asian,4.8,14,900
Minnie's Kitchen,"Sector 79, Faridabad", Faridabad,Noida,"North Indian,  Chinese,  Fast Food",3.8,14,400
Zaika 7,"Sector 11, Faridabad", Faridabad,Noida,"North Indian,  Chinese",4.2,14,700
Sagar Ratna,"Omaxe City Centre,Omega 1, NCR Greater Noida", NCR Greater Noida,Noida,"South Indian,  North Indian,  Chinese",4.2,14,900
AK's Bar,"Karma Lakelands,Sector 83, Gurgaon", Gurgaon,Gurgaon,"Continental,  Asian,  North Indian",4.3,14,2200
Kakori House,"Sakinaka, Andheri East", Andheri East,Mumbai,"Mughlai,  Awadhi",4,14,1500
Bling by The Hill Green,"Eastern Business District,Bhandup West, Central Suburbs", Central Suburbs,Mumbai,"Multi-Cuisine,  North Indian,  Italian,  Mexican",4,14,1600
Pokket Cafe,"Kandivali East, North Western", North Western,Mumbai,"Fast Food,  Italian,  Chinese",4.2,14,600
Social,"Mathuradas Mills Compound,Lower Parel, South Mumbai", South Mumbai,Mumbai,"North Indian,  Continental,  Finger Food,  American,  Asian",3.8,14,2000
Velvet Garden,"Ghodbunder Road, Thane", Thane,Mumbai,"North Indian,  Chinese,  Seafood",3.4,14,1500
Easyhuman Cafe,"Park House,Colaba, South Mumbai", South Mumbai,Mumbai,"North Indian,  Desserts,  Health Food",4,14,1200
Tandoori Wok,"Shanti Nagar, Central Bangalore", Central Bangalore,Bangalore,"North Indian,  Chinese,  Hyderabadi,  Biryani",4.2,14,400
Khan Saheb Grills and Rolls,"Jayanagar, South Bangalore", South Bangalore,Bangalore,"North Indian,  Fast Food",4,14,600
Thanco's Natural Ice Cream,"Magadi Road, West Bangalore", West Bangalore,Bangalore,"Ice Cream,  Desserts",4.6,14,400
Pappu Da Dhaba,"Jayanagar, South Bangalore", South Bangalore,Bangalore,"North Indian,  Chinese",4,14,500
Mani's Dum Biryani,"JP Nagar, South Bangalore", South Bangalore,Bangalore,Biryani,4.8,14,700
Park Street Restaurant,"Hebbal, North Bangalore", North Bangalore,Bangalore,"Bengali,  North Indian",4,14,500
Chiller's Nation,"The Iris Inn Hotel,Mahadevapura, East Bangalore", East Bangalore,Bangalore,"North Indian,  Chinese,  Continental",3.4,14,1500
Cafe Nosh,"Sahakara Nagar, North Bangalore", North Bangalore,Bangalore,"Continental,  Coffee",4.1,14,700
Thanco's Natural Ice Cream,"Royal Placid,HSR Layout, South Bangalore", South Bangalore,Bangalore,"Ice Cream,  Desserts",3.8,14,400
Chef Baker's,"Soul Space Arena,Marathahalli, East Bangalore", East Bangalore,Bangalore,"Bakery and Confectionary,  Desserts,  Fast Food",4.1,14,600
Shanghai Court,"Apple City,Whitefield, East Bangalore", East Bangalore,Bangalore,"Chinese,  Thai,  Seafood",4.5,14,700
EST,"Hilton Chennai,Guindy, South Chennai", South Chennai,Chennai,"Continental,  Desserts,  Bakery and Confectionary",4,14,1500
Flavours,"V7 Hotel,Porur, West Chennai", West Chennai,Chennai,"Multi-Cuisine,  North Indian,  Chinese,  South Indian",4.3,14,1500
Topi Vappa Biriyani,"Madipakkam, South West Chennai", South West Chennai,Chennai,"Chinese,  Biryani,  Arabian",3.5,14,400
Cream Stone,"Banjara Hills, Central East Hyderabad", Central East Hyderabad,Hyderabad,"Desserts,  Ice Cream,  Shakes",4.1,14,400
Apsara Ice Creams,"Begumpet, Secunderabad", Secunderabad,Hyderabad,"Ice Cream,  Desserts",4,14,300
Oye Pizza,"Abids, Central Hyderabad", Central Hyderabad,Hyderabad,"Fast Food,  Pizza",4.1,14,500
N Grand,"Karkhana, Secunderabad", Secunderabad,Hyderabad,"North Indian,  Andhra,  Chinese",3.4,14,900
Istanbul,"Sami Complex,Jubilee Hills, Central West Hyderabad", Central West Hyderabad,Hyderabad,Middle Eastern,4.4,14,300
Cream Stone,"Bullet King Commercial Complex,Hitech City, West Hyderabad", West Hyderabad,Hyderabad,"Desserts,  Ice Cream,  Shakes",4.3,14,400
DOF Cafe,"Prithvi Complex,Habsiguda, East Hyderabad", East Hyderabad,Hyderabad,"Continental,  Oriental ",4,14,500
Caffe Ritazza,"Sarath City Capital Mall,Kondapur, West Hyderabad", West Hyderabad,Hyderabad,"Fast Food,  Italian",4.6,14,1300
Amaravathi Family Restaurant,"Pragathi Nagar, West Hyderabad", West Hyderabad,Hyderabad,"North Indian,  Chinese",4.6,14,800
Theth Masala,"Lingampally, West Hyderabad", West Hyderabad,Hyderabad,"Multi-Cuisine,  North Indian,  Chinese,  Continental,  Seafood",4.2,14,1200
Akss - India Reimagined,"Bund Garden Road, East Pune", East Pune,Pune,"North Indian,  Modern Indian",4.3,14,1000
Easy - Blue Diamond,"Vivanta By Taj - Blue Diamond,Koregaon Park, East Pune", East Pune,Pune,"Finger Food,  Continental",4.3,14,3200
Drunken Monkey,"Seasons Mall,Magarpatta City, East Pune", East Pune,Pune,"Shakes,  Juice",4.6,14,600
Aha! Baangali,"Kharadi, East Pune", East Pune,Pune,"Bengali,  Seafood",4.2,14,700
Taha - Curry & More,"Garcia Building,Kharadi, East Pune", East Pune,Pune,"North Indian,  Chinese,  Seafood",4.5,14,900
Subway,"Park Mansion,Park Street, Central Kolkata", Central Kolkata,Kolkata,"Health Food,  Fast Food",4.3,14,400
Krazy For Chocolates,"Howrah, Howrah", Howrah,Kolkata,"Desserts,  Bakery and Confectionary",3.9,14,300
To Die For,"Ballygunge, South Kolkata", South Kolkata,Kolkata,"Italian,  Desserts,  Bakery and Confectionary",3.9,14,1000
Plaite,"New Alipore, South Kolkata", South Kolkata,Kolkata,"Chinese,  Bengali,  Seafood",3.4,14,500
Urban Kitchen & Bar,"Holiday Inn Kolkata Airport,Rajarhat, 24 Parganas North", 24 Parganas North,Kolkata,Finger Food,3.4,14,2000
Benjamin Bangalee,"Thakurpukur, South Kolkata", South Kolkata,Kolkata,"North Indian,  Bengali,  Chinese,  Seafood",4.4,14,600
Sugarless Life,"Dynamic House,Navrangpura, West Ahmedabad", West Ahmedabad,Ahmedabad,"Italian,  Desserts,  Bakery and Confectionary",4,14,500
Pizza Tune,"Neelkanth Palace,Prahlad Nagar, West Ahmedabad", West Ahmedabad,Ahmedabad,"Pizza,  Italian,  Fast Food",3.4,14,400
Highland Park The Restaurant,"Vrundavan Complex,Memnagar, West Ahmedabad", West Ahmedabad,Ahmedabad,"North Indian,  Chinese,  Continental",4.4,14,600
Chai Nashta,"Shivalik Business Centre,Bodakdev, West Ahmedabad", West Ahmedabad,Ahmedabad,"Fast Food,  Coffee,  Tea",3.8,14,300
56 Bhog,"Gandhinagar, North Ahmedabad", North Ahmedabad,Ahmedabad,"North Indian,  Chinese,  Continental,  Italian,  South Indian,  Gujarati",4.4,14,800
Scola,"Inner Market,Sector 7, East Chandigarh", East Chandigarh,Chandigarh,"Multi-Cuisine,  Italian,  Continental,  Seafood,  Spanish",4.1,14,1700
Ocean View Restaurant,"Phase 7, Mohali", Mohali,Chandigarh,"North Indian,  Chinese,  Continental",4.5,14,900
Cafe Et Cetera,"Ginger Hotel,Dona Paula, North Goa", North Goa,Goa,"North Indian,  Continental",4.4,14,1000
Pakwaan Skydeck Candlelight Dinner,"Bani Park, Central Jaipur", Central Jaipur,Jaipur,North Indian,4.6,14,3000
Waffles & More,"Manik Bagh Road, South Indore", South Indore,Indore,"Fast Food,  Waffle,  Desserts",3.5,14,500
The Papaya Kitchen,"Papaya Tree Hotel,Rau, South Indore", South Indore,Indore,"North Indian,  Chinese",3.9,14,1500
Food Fantasy,"Vijay Nagar, East Indore", East Indore,Indore,"North Indian,  Chinese",3.9,14,600
Parkview Heights,"Ashok Nagar, Central Udaipur", Central Udaipur,Udaipur,"North Indian,  Chinese,  Continental,  Mughlai",4.1,14,600
Cafe G,"Holiday Inn Agra MG Road,Civil Lines, North Agra", North Agra,Agra,"North Indian,  Chinese,  South Indian,  Mughlai",4.5,14,2500
Oasis,"Radisson Hotel Agra Taj East Gate,Tajganj, East Agra", East Agra,Agra,"North Indian,  Chinese,  Continental",4.9,14,3000
MoMo Cafe – The Multi Cuisine Restaurant,"Courtyard By Marriott Agra,Tajganj, East Agra", East Agra,Agra,"North Indian,  Fast Food,  Arabian",4.1,14,5000
The M.A.D.S Cafe,"New Sama, North Vadodara", North Vadodara,Vadodara,"Fast Food,  Italian",4.3,14,400
Deja Brew,"Regenta Central Hotel & Convention Centre,Nandanvan, East Nagpur", East Nagpur,Nagpur,"Continental,  Thai,  North Indian,  Chinese",4.5,14,1500
Tit Bit Culture,"Adajan Gam, West Surat", West Surat,Surat,"North Indian,  Continental",4.8,14,600
Belfrance Bakers And Chocolatiers,"Kipps Market,Sarabha Nagar, West Ludhiana", West Ludhiana,Ludhiana,"Italian,  Continental,  Desserts,  Fast Food",4.4,14,1000
The Beer Garden by Peddler's,"Ferozepur Road, Central Ludhiana", Central Ludhiana,Ludhiana,North Indian,4.6,14,1600
Pinjore,"East Patel Nagar, West Delhi", West Delhi,Delhi,North Indian,3.6,13,1000
Kake Da Hotel,"Ashok Vihar Phase - 1, North Delhi", North Delhi,Delhi,"North Indian,  Mughlai",3.7,13,1000
Bean Sahab,"Safdarjung, South Delhi", South Delhi,Delhi,"Fast Food,  Italian,  Continental,  American",4,13,600
Coffee Cafe 9,"Malviya Nagar, South Delhi", South Delhi,Delhi,"Coffee,  Desserts,  Fast Food",5,13,700
Neon Cafe & Bowl,"Select Citywalk Mall,Saket, South Delhi", South Delhi,Delhi,"Multi-Cuisine,  North Indian,  Italian,  Chinese,  Continental,  Mughlai",3.5,13,1800
Bean Sahab,"Saket, South Delhi", South Delhi,Delhi,"Fast Food,  Italian,  Continental,  American",4.6,13,600
Ethyl,"Radisson Noida,Sector 55, Noida", Noida,Noida,Finger Food,5,13,2500
California Burrito,"Candor Tech Space 5,Sector 21, Gurgaon", Gurgaon,Gurgaon,Mexican,4.8,13,700
Chaayos,"DLF Cyber City, Gurgaon", Gurgaon,Gurgaon,"Street Food,  Tea,  Fast Food",4.1,13,500
Roots Cafe,"Marol, Andheri East", Andheri East,Mumbai,"Chinese,  Asian,  Continental",4,13,1200
Tossin Pizza,"Chembur, Central Suburbs", Central Suburbs,Mumbai,"Fast Food,  Pizza,  Italian,  Seafood",4.1,13,1000
Wah Maratha,"Summer Castle Compound,Thane West, Thane", Thane,Mumbai,"Maharashtrian,  Seafood",3.8,13,400
Wowfillss,"Nathani Heights,Mumbai Central, South Mumbai", South Mumbai,Mumbai,"Bakery and Confectionary,  Waffle,  Desserts,  Shakes",4.7,13,500
The Amritsar Haveli,"Kharghar, Navi Mumbai", Navi Mumbai,Mumbai,"North Indian,  Chinese,  Fast Food",3.6,13,1000
Urban Juice Cafe,"Vasai West, North Western", North Western,Mumbai,Fast Food,3.6,13,600
Fudboy Ocean Bar & Restaurant,"Virar West, North Western", North Western,Mumbai,"North Indian,  Chinese,  Continental",4.1,13,1500
Hungry B,"Domlur, East Bangalore", East Bangalore,Bangalore,"Multi-Cuisine,  North Indian,  Continental",4.5,13,400
Tibetan Kitchen,"Koramangala, South Bangalore", South Bangalore,Bangalore,"Tibetan,  Chinese,  Seafood",4.6,13,700
Onesta,"Basaveshwara Nagar, West Bangalore", West Bangalore,Bangalore,"Italian,  Fast Food,  Pizza",4.3,13,700
Urban Monkey Cafe,"Sarjapur Road, South Bangalore", South Bangalore,Bangalore,"Italian,  Continental",3.7,13,900
California Burrito,"Marathahalli, East Bangalore", East Bangalore,Bangalore,"Mexican,  Fast Food",4.5,13,500
Whitefield Bar and Grill,"Bengaluru Marriott Hotel Whitefield,Whitefield, East Bangalore", East Bangalore,Bangalore,"Continental,  Seafood",4.2,13,3000
Khan Saheb Grills and Rolls,"Whitefield, East Bangalore", East Bangalore,Bangalore,"North Indian,  Fast Food",4.1,13,600
Imperio Restaurant,"Apple City,Kadugodi, East Bangalore", East Bangalore,Bangalore,"South Indian,  Biryani,  North Indian,  Seafood",3.3,13,700
Burmese Kitchen,"Kodambakkam, West Chennai", West Chennai,Chennai,Burmese,4.4,13,300
Hotel Saravana Bhavan,"Vadapalani, West Chennai", West Chennai,Chennai,"South Indian,  North Indian,  Chinese",3.5,13,600
Mexicano Griller,"Nungambakkam, Central Chennai", Central Chennai,Chennai,"Mexican,  Continental,  Seafood",2.6,13,800
Angare,"The Pride Hotel,Kilpauk, North Chennai", North Chennai,Chennai,"North Indian,  Chinese,  South Indian",3.4,13,1500
Vasanta Bhavan,"Egmore, North Chennai", North Chennai,Chennai,"South Indian,  North Indian,  Chinese",2.6,13,500
Waf Bites,"Mogappair, West Chennai", West Chennai,Chennai,"Desserts,  Waffle",3.9,13,300
11 O Cafe,"Perungudi, South West Chennai", South West Chennai,Chennai,"Fast Food,  Coffee,  Pizza,  Drinks",3.8,13,400
Kake Da Punjabi Dhabba,"Perungudi, South West Chennai", South West Chennai,Chennai,"North Indian,  Chinese,  Mughlai,  Seafood",3.5,13,700
Sulthan's Biryani,"OMR Food Street,Navalur, South West Chennai", South West Chennai,Chennai,"Chinese,  Biryani",4,13,700
Sanjos Donuts,"GVK One Mall,Banjara Hills, Central East Hyderabad", Central East Hyderabad,Hyderabad,"Desserts,  Fast Food",3.9,13,400
Level Lounge,"The Central Court Hotel,Lakdi-Ka-Pul, Central Hyderabad", Central Hyderabad,Hyderabad,"North Indian,  Finger Food,  Chinese",3.8,13,1500
Lobby Lounge,"Taj Banjara Hotel,Banjara Hills, Central East Hyderabad", Central East Hyderabad,Hyderabad,"North Indian,  Continental",4.1,13,3000
Cassia,"Hampshire Plaza Hotel,Lakdi-Ka-Pul, Central Hyderabad", Central Hyderabad,Hyderabad,"Continental,  North Indian,  Italian,  Chinese",3.5,13,1000
Moxa Kitchen,"Hitech City, West Hyderabad", West Hyderabad,Hyderabad,"North Indian,  Chinese,  Continental",3.8,13,1100
Horn Ok Please,"Narhari Building,Deccan Gymkhana, West Pune", West Pune,Pune,"North Indian,  Mughlai",3.6,13,500
Chai Shai - The Tea Cafe,"Shraddha Terrace,Viman Nagar, East Pune", East Pune,Pune,"Tea,  Fast Food",3.4,13,300
Chopsticks Spice Malabar,"Gulmohar Regency,Viman Nagar, East Pune", East Pune,Pune,"North Indian,  Chinese,  Kerala",3.8,13,600
Cafe Buddy's Espresso,"Wakad, West Pune", West Pune,Pune,"Fast Food,  Coffee",3.9,13,600
Killa Hotel,"Wagholi, East Pune", East Pune,Pune,"North Indian,  Chinese,  Fast Food",3.9,13,550
Raaga - Multicuisine Restaurant,"Nigdi, West Pune", West Pune,Pune,"Chinese,  North Indian,  Seafood,  Maharashtrian,  Malvani",3.3,13,1000
MANDALA - The Oriental Kitchen,"Salt Lake, East Kolkata", East Kolkata,Kolkata,"Asian,  Chinese,  Thai",4.4,13,1100
Billions,"Topsia, East Kolkata", East Kolkata,Kolkata,"Continental,  Asian,  Italian,  Chinese",4.4,13,2000
The City Wok,"Camac Street, Central Kolkata", Central Kolkata,Kolkata,Chinese,4.7,13,500
Raasta Cafe,"Shibpur, Howrah", Howrah,Kolkata,"Fast Food,  North Indian,  Chinese,  Desserts",3.1,13,300
7/12 Fried Ice Cream Parlour,"Bhawanipur, South Kolkata", South Kolkata,Kolkata,"Desserts,  Ice Cream,  Fast Food",3.7,13,400
Orkos Restaurant & Lounge Bar,"Orko’ss Hotel,Kasba, South Kolkata", South Kolkata,Kolkata,"Multi-Cuisine,  North Indian,  Italian,  Chinese,  Bengali",4.1,13,2200
Ubuntu - The Vegan Cafe,"Lake Gardens, South Kolkata", South Kolkata,Kolkata,"Asian,  Bengali,  North Indian,  Fast Food,  Health Food",4.2,13,400
Mama Mia!,"City Centre 2, New Town,Rajarhat, 24 Parganas North", 24 Parganas North,Kolkata,"Desserts,  Ice Cream,  Shakes",4.5,13,500
Wow! Momo,"Belgharia, 24 Parganas North", 24 Parganas North,Kolkata,"Fast Food,  Tibetan",4.3,13,400
L'Instant Cafe,"Tollygunge, South Kolkata", South Kolkata,Kolkata,"Italian,  Mexican",4.4,13,800
Wow! Momo,"Behala, South Kolkata", South Kolkata,Kolkata,"Fast Food,  Tibetan",4.6,13,400
Wok On Fire,"Alpha Megacon House,Bodakdev, West Ahmedabad", West Ahmedabad,Ahmedabad,"Asian,  Chinese,  Thai",4.1,13,700
Kovallam,"Privilon,Bopal, West Ahmedabad", West Ahmedabad,Ahmedabad,South Indian,4.3,13,700
24-Jul,"The Metropole Hotel,Keshav Nagar, North Ahmedabad", North Ahmedabad,Ahmedabad,"North Indian,  Chinese,  Continental",3.4,13,1500
Sankalp,"Odhav, East Ahmedabad", East Ahmedabad,Ahmedabad,South Indian,4.7,13,500
Delhi Special Pranthe Wali Gali,"Sector 22, Central Chandigarh", Central Chandigarh,Chandigarh,North Indian,3.8,13,200
Mrs. Wong's,"Sector 35, West Chandigarh", West Chandigarh,Chandigarh,Asian,4.1,13,600
Hangry,"Hollywood Plaza,VIP Road, Zirakpur", Zirakpur,Chandigarh,"American,  Fast Food",4.5,13,400
Temptation,"Hotel KC Residency,Sector 35, West Chandigarh", West Chandigarh,Chandigarh,"North Indian,  Continental,  Chinese",3.9,13,1500
Laziz Pizza,"Tonk Road, South Jaipur", South Jaipur,Jaipur,"Fast Food,  Pizza",4.6,13,800
Brown Sugar Bistro,"Tonk Road, South Jaipur", South Jaipur,Jaipur,Fast Food,4.4,13,600
Rominus Pizza and Burger,"Malviya Nagar, South Jaipur", South Jaipur,Jaipur,"Fast Food,  Pizza",3.5,13,600
Stardust- Delhi Road,"Achrol, North Jaipur", North Jaipur,Jaipur,"North Indian,  Italian,  Continental,  Chinese",3.7,13,1900
Pakka South,"Vijay Nagar, East Indore", East Indore,Indore,South Indian,3.6,13,500
Pankhuri Restaurant,"Hotel Moti Palace,Rakabganj, Central Agra", Central Agra,Agra,"North Indian,  Italian,  Chinese",4.2,13,1000
Capri Restaurant,"Civil Lines, North Agra", North Agra,Agra,"North Indian,  Mughlai,  Chinese",3.9,13,1100
Tea Coffee And Snacks,"Sanjay Place, Central Agra", Central Agra,Agra,"Coffee,  Tea,  Fast Food",4.1,13,200
Falafel Lovers,"Diwalipura, West Vadodara", West Vadodara,Vadodara,"Italian,  Lebanese,  Fast Food",4,13,700
Step Inn,"Gokulpeth, West Nagpur", West Nagpur,Nagpur,"North Indian,  Chinese",3.6,13,1000
Cafe Beats,"Katargam, North Surat", North Surat,Surat,"Italian,  Fast Food,  Shakes",4.1,13,700
Bistro Flamme Bois,"Gurdev Nagar, Central Ludhiana", Central Ludhiana,Ludhiana,"Italian,  Continental",4.7,13,1000
The Nutrition Cafe,"Pakhowal Road, West Ludhiana", West Ludhiana,Ludhiana,"Continental,  Health Food,  Fast Food,  Pizza",4.4,13,700
Kaarobaar,"Rajinder Nagar, West Delhi", West Delhi,Delhi,"North Indian,  Fast Food,  Chinese",3.9,12,900
AlKauser,"Chanakyapuri, South Delhi", South Delhi,Delhi,"Mughlai,  North Indian",4,12,800
Wow! Momo,"Laxmi Nagar, East Delhi", East Delhi,Delhi,"Fast Food,  Tibetan",3.5,12,400
Zaika-E-Dilli,"Shahdara, East Delhi", East Delhi,Delhi,"North Indian,  Chinese,  South Indian",4.3,12,400
PapaJi & Sons,"Punjabi Bagh, West Delhi", West Delhi,Delhi,"North Indian,  Chinese,  Continental",3.7,12,900
Legends Of India,"Sector 16, Noida", Noida,Noida,"North Indian,  Mughlai,  Biryani,  Desserts",3,12,1000
Wok to Walk,"Ambience Mall,Vasant Kunj, South Delhi", South Delhi,Delhi,"Asian,  Chinese",3.6,12,700
Daryaganj,"Ambience Mall,DLF Phase - 3, Gurgaon", Gurgaon,Gurgaon,"North Indian,  Seafood,  Mughlai",4.7,12,2000
Coastal Reef,"DLF Galleria Market,DLF Phase - 4, Gurgaon", Gurgaon,Gurgaon,"Goan,  Andhra,  Kerala",4.2,12,1400
La Vera Pizzeria,"Sector 31, Gurgaon", Gurgaon,Gurgaon,Pizza,4.1,12,800
The Orange Mint,"Chembur, Central Suburbs", Central Suburbs,Mumbai,"North Indian,  Fast Food,  Italian",4.5,12,1500
La Flame,"Avior Building,Mulund West, Central Suburbs", Central Suburbs,Mumbai,"North Indian,  Chinese,  Lebanese",4.6,12,1200
Tibbs Frankie,"Bandra West, Bandra", Bandra,Mumbai,Fast Food,4.1,12,200
Pachinco,"Andheri Lokhandwala, Andheri West", Andheri West,Mumbai,"Desserts,  Health Food,  Coffee,  Tea",4.7,12,500
Bhukkad Junction,"Rainbow Tower,Airoli, Navi Mumbai", Navi Mumbai,Mumbai,"North Indian,  Chinese",4.2,12,600
Kissa Stories Over Food,"Andheri Lokhandwala, Andheri West", Andheri West,Mumbai,"Italian,  Continental,  Mediterranean,  Asian",4.3,12,1500
High On Tea,"Evershine Insat CHS,Kandivali East, North Western", North Western,Mumbai,"Tea,  North Indian,  Italian",4.2,12,600
Chitchat Chai,"Kandivali West, North Western", North Western,Mumbai,"Fast Food,  Tea",3.8,12,600
Village 12-20 Pure Veg,"Kharghar, Navi Mumbai", Navi Mumbai,Mumbai,"North Indian,  Chinese,  Continental,  Mexican",3.8,12,1000
Big Little Bombaye,"Vasai West, North Western", North Western,Mumbai,"North Indian,  Fast Food",4.6,12,900
Mama Mia!,"Seshadripuram, West Bangalore", West Bangalore,Bangalore,"Desserts,  Ice Cream",4.6,12,400
The Big Bellyz,"Malleshwaram, West Bangalore", West Bangalore,Bangalore,"Italian,  Mexican",4.5,12,300
Kurtos Bake House,"JP Nagar, South Bangalore", South Bangalore,Bangalore,"Desserts,  Fast Food",4.6,12,400
Rhapsody,"Courtyard by Marriott,Teynampet, Central Chennai", Central Chennai,Chennai,"Italian,  Finger Food",4.1,12,2500
Amaravathi,"Mylapore, Central Chennai", Central Chennai,Chennai,"Andhra,  North Indian,  Chinese",4.8,12,800
Cinnamon House,"Nungambakkam, Central Chennai", Central Chennai,Chennai,"Fast Food,  Desserts",4.3,12,500
Juice'r rus,"Egmore, North Chennai", North Chennai,Chennai,"Juice,  Shakes,  Desserts",4.1,12,300
Mozza,"Anna Nagar, North Chennai", North Chennai,Chennai,"Multi-Cuisine,  Italian,  Chinese,  Continental,  Mexican",4.2,12,900
Brownie Heaven,"VR Mall,Anna Nagar, North Chennai", North Chennai,Chennai,Desserts,4.2,12,400
Old Madras Bites,"Madipakkam, South West Chennai", South West Chennai,Chennai,"Chinese,  Fast Food,  Shakes",3.3,12,500
AGS Restaurant,"Medavakkam, South West Chennai", South West Chennai,Chennai,"North Indian,  South Indian,  Chinese,  Seafood",3.6,12,700
Dindigul Thalappakatti,"Poonamallee, West Chennai", West Chennai,Chennai,"Multi-Cuisine,  North Indian,  Chinese,  South Indian,  Biryani",4,12,700
Palms Kitchen,"Fairfield by Marriott,GST Road, South West Chennai", South West Chennai,Chennai,"North Indian,  Oriental ,  Fast Food,  Italian",2.9,12,1500
Lazeez Khaana,"Himayath Nagar, Central Hyderabad", Central Hyderabad,Hyderabad,"North Indian,  Chinese,  Mughlai",4.4,12,900
Cream Stone,"Sami Complex,Jubilee Hills, Central West Hyderabad", Central West Hyderabad,Hyderabad,"Desserts,  Ice Cream,  Shakes",4.4,12,400
Frozen Bottle,"Tolichowki, Central Hyderabad", Central Hyderabad,Hyderabad,"Shakes,  Desserts,  Ice Cream",3.8,12,300
The Bar,"Novotel Hyderabad Convention Centre,Hitech City, West Hyderabad", West Hyderabad,Hyderabad,"Finger Food,  Italian",4.3,12,2500
Bhairavi,"Wakad, West Pune", West Pune,Pune,Maharashtrian,4.1,12,800
Cafe Buddy's Espresso,"Salunkhe Vihar, South Pune", South Pune,Pune,"Fast Food,  Coffee",3.5,12,600
Hriday Fine Dine,"Spine City Mall,Bhosari, West Pune", West Pune,Pune,"North Indian,  Chinese,  Maharashtrian",3.4,12,800
Monginis,"Tangra, East Kolkata", East Kolkata,Kolkata,"Desserts,  Bakery and Confectionary,  Fast Food",4.4,12,200
Don Giovanni's,"Salt Lake, East Kolkata", East Kolkata,Kolkata,"Chinese,  Italian,  Oriental ",4.1,12,1200
Junglee Cafe,"AJC Bose Road, South Kolkata", South Kolkata,Kolkata,"North Indian,  Chinese,  Fast Food",3.8,12,500
Fries Before Guys,"Elgin Road, South Kolkata", South Kolkata,Kolkata,Fast Food,4.6,12,300
Azad Hind Dhaba,"Hindustan Park, South Kolkata", South Kolkata,Kolkata,North Indian,3.2,12,800
Beans N Barrels,"New Town, 24 Parganas North", 24 Parganas North,Kolkata,"Finger Food,  North Indian,  Chinese,  Continental",4.2,12,1000
Wow! Momo,"Ecospace Business Tower,Rajarhat, 24 Parganas North", 24 Parganas North,Kolkata,"Fast Food,  Tibetan",3.8,12,400
Shree Balaji Garden Restaurant,"Thaltej, West Ahmedabad", West Ahmedabad,Ahmedabad,"Multi-Cuisine,  North Indian,  Chinese,  Gujarati",4.1,12,700
Ashray The Restaurant,"Keshav Nagar, North Ahmedabad", North Ahmedabad,Ahmedabad,"North Indian,  Sizzlers",4.2,12,400
Puffizza,"Orchid Centre,Bopal, West Ahmedabad", West Ahmedabad,Ahmedabad,"Pizza,  Italian",4.6,12,700
Spicia Restaurant,"Radhe Shopping Mall,Maninagar, East Ahmedabad", East Ahmedabad,Ahmedabad,"North Indian,  Chinese,  Seafood",4.3,12,900
Sam's Pizza,"Lakhani Chambers,Bapunagar, East Ahmedabad", East Ahmedabad,Ahmedabad,"Pizza,  Italian,  Desserts,  Ice Cream",3.6,12,600
Katori Kitchens,"Malabar County II,Chandlodia, North Ahmedabad", North Ahmedabad,Ahmedabad,"North Indian,  Italian,  Fast Food",4.3,12,700
Kabhi B,"District Shopping Centre,Gandhinagar, North Ahmedabad", North Ahmedabad,Ahmedabad,"Desserts,  Bakery and Confectionary,  Fast Food",4.5,12,200
Pizza Galleria,"Sector 22, Central Chandigarh", Central Chandigarh,Chandigarh,"Italian,  Pizza",3,12,400
Buffet Punjab Express,"Sector 7, East Chandigarh", East Chandigarh,Chandigarh,North Indian,2.8,12,1000
Flavour,"Hotel Hometel,Industrial Area Phase 1, South Chandigarh", South Chandigarh,Chandigarh,"North Indian,  Italian,  Continental,  Oriental ",4.1,12,1500
Cheeky Monkey - A Wholesale Bar,"Sector 8, Panchkula", Panchkula,Chandigarh,"North Indian,  Continental,  Chinese",3.8,12,1000
Saffron,"Regenta Almeida Zirakpur,Chandigarh Road, Zirakpur", Zirakpur,Chandigarh,"Multi-Cuisine,  North Indian,  Continental,  Mexican,  Oriental ",4.3,12,1600
Urban Thikana,"Hollywood Plaza,VIP Road, Zirakpur", Zirakpur,Chandigarh,"North Indian,  Italian",4.4,12,1200
Attic,"Kharar road, Mohali", Mohali,Chandigarh,Fast Food,4.4,12,1400
Susegado,"The Leela Goa,Cavelossim, South Goa", South Goa,Goa,"Goan,  Italian,  Seafood",4.3,12,1900
Spice It,"Civil Lines, Central Jaipur", Central Jaipur,Jaipur,"North Indian,  Continental,  Oriental ",4.3,12,1500
Tikkad,"Sodala, West Jaipur", West Jaipur,Jaipur,"North Indian,  Chinese",3.1,12,500
Rominus Pizza and Burger,"Vaishali Nagar, West Jaipur", West Jaipur,Jaipur,"Fast Food,  Pizza",3.3,12,600
Kuk du Kuu,"BCM Heights,Vijay Nagar, East Indore", East Indore,Indore,"North Indian,  Mughlai,  Chinese",2.6,12,800
Drunken Monkey,"Vijay Nagar, East Indore", East Indore,Indore,"Health Food,  Juice,  Shakes,  Fast Food,  Coffee",3.5,12,400
Sagar Ratna,"Khandari, North Agra", North Agra,Agra,"South Indian,  North Indian,  Chinese",4.2,12,700
La Pizza Treno,"Alkapuri, Central Vadodara", Central Vadodara,Vadodara,Pizza,3.9,12,500
Selfieccino,"Fatehgunj, North Vadodara", North Vadodara,Vadodara,"Coffee,  Shakes,  Desserts",3.6,12,500
Kalpataru,"Hotel Hardeo,Sitabuldi, Central Nagpur", Central Nagpur,Nagpur,"North Indian,  Oriental ,  Continental",3.9,12,1400
The Treat,"Gandhibagh, East Nagpur", East Nagpur,Nagpur,"North Indian,  Chinese",4.1,12,800
Golden Harvest,"Wardha Road, South Nagpur", South Nagpur,Nagpur,"North Indian,  Chinese,  Continental",4.6,12,1300
Sarkar Raj Fast Food,"Vaishnodevi Complex,Piplod, South Surat", South Surat,Surat,"Chinese,  Street Food,  Fast Food",2.4,12,300
Cafe Beats,"Blue Stone Complex,Varachha, East Surat", East Surat,Surat,"Italian,  Fast Food,  Shakes",4.6,12,700
Sky lounge - By Brew Haus,"Sarabha Nagar, West Ludhiana", West Ludhiana,Ludhiana,"Multi-Cuisine,  North Indian,  Chinese,  Continental,  Oriental ",3.8,12,1700
Urban Vibes,"Aggar Nagar, West Ludhiana", West Ludhiana,Ludhiana,"Multi-Cuisine,  North Indian,  Italian,  Chinese,  Continental",3.8,12,2000
MGM Club,"MGM Residency 19,Daryaganj, Central Delhi", Central Delhi,Delhi,"North Indian,  Mughlai,  Chinese",4.4,11,1800
Bamboo Hut,"Safdarjung Enclave Market,Safdarjung, South Delhi", South Delhi,Delhi,"Naga,  Tibetan",4.1,11,1000
Healthy Chef,"Rajouri Garden, West Delhi", West Delhi,Delhi,"Health Food,  North Indian",4.8,11,800
The Fit Food,"Punjabi Bagh, West Delhi", West Delhi,Delhi,Health Food,4.6,11,1500
Juniper Bar,"Andaz Delhi,Aerocity, South Delhi", South Delhi,Delhi,"North Indian,  European",4.1,11,3500
Leaf N Loaf,"Sector 62, Noida", Noida,Noida,"Continental,  Health Food",4.4,11,800
Banjara,"Goldfinch Hotel,Surajkund, Faridabad", Faridabad,Noida,"North Indian,  Chinese,  Continental",4.1,11,2000
JALSA Indian & Ladakhi Kitchen,"DLF Phase - 1, Gurgaon", Gurgaon,Gurgaon,"Oriental ,  Tibetan,  North Indian",3.8,11,1000
My Tea Chapel,"South Point Mall,DLF Phase - 5, Gurgaon", Gurgaon,Gurgaon,"Continental,  Coffee,  Tea,  Italian,  Desserts,  Pizza",4.5,11,1000
Daddy of Tastes,"Sector 29, Gurgaon", Gurgaon,Gurgaon,"North Indian,  Chinese,  Continental",3.1,11,1300
Tibbs Frankie,"Powai, Powai", Powai,Mumbai,Fast Food,3.8,11,500
Opa Cafe,"Sakinaka, Andheri East", Andheri East,Mumbai,"Mediterranean,  European,  Lebanese",3.4,11,3000
Tossin Pizza,"Rizvi Palace,Bandra West, Bandra", Bandra,Mumbai,"Fast Food,  Pizza,  Italian,  Seafood",4.6,11,1000
Howra Burger,"Dunhill Apartments,Bandra West, Bandra", Bandra,Mumbai,"Burger,  Fast Food",4.2,11,600
Khana Khazana,"Charni Road, South Mumbai", South Mumbai,Mumbai,"North Indian,  Chinese,  South Indian,  Gujarati",4.7,11,500
Wowfillss,"Bhayandar West, North Western", North Western,Mumbai,"Bakery and Confectionary,  Waffle,  Desserts,  Shakes",4.1,11,500
Urban Juice Cafe,"Vasai West, North Western", North Western,Mumbai,Fast Food,4.5,11,500
Go Native,"Sadashiva Nagar, North Bangalore", North Bangalore,Bangalore,Health Food,4.3,11,700
Sharief Bhai,"Indiranagar, East Bangalore", East Bangalore,Bangalore,"North Indian,  Mughlai",4.2,11,600
Go Native,"Jayanagar, South Bangalore", South Bangalore,Bangalore,"Health Food,  Modern Indian",4.4,11,700
Srinathji's,"Indiranagar, East Bangalore", East Bangalore,Bangalore,"North Indian,  Chinese,  Continental,  Desserts",4.3,11,500
154 Breakfast Club,"Koramangala, South Bangalore", South Bangalore,Bangalore,"Continental,  Desserts,  Fast Food,  Drinks",3.7,11,800
California Burrito,"Escape Mall,CV Raman Nagar, East Bangalore", East Bangalore,Bangalore,"Mexican,  Fast Food",3.6,11,500
Savoury Express Counter,"Sarjapur Road, South Bangalore", South Bangalore,Bangalore,"Arabian,  North Indian,  Chinese,  Kerala,  Fast Food",3.8,11,1000
Chowringhee,"Brookefields, East Bangalore", East Bangalore,Bangalore,"North Indian,  Chinese,  Bengali",4,11,400
Lemon Leaf,"Bommanahalli, South Bangalore", South Bangalore,Bangalore,Multi-Cuisine,3.7,11,500
Cafe De Bangkok,"Nandanam, Central Chennai", Central Chennai,Chennai,"Asian,  Continental",4.4,11,800
Havmor Havfunn,"Alwarpet, Central Chennai", Central Chennai,Chennai,"Desserts,  Ice Cream",4.5,11,200
Nei Idly Sambar,"Mylapore, Central Chennai", Central Chennai,Chennai,South Indian,4.1,11,200
MADHARAS - Global Veg Kitchen,"Velachery, South West Chennai", South West Chennai,Chennai,"North Indian,  South Indian,  Barbecue,  Italian,  Continental,  Mexican,  Mediterranean,  Asian,  Desserts",4.6,11,900
Guntur Gongura,"Sholinganallur, South West Chennai", South West Chennai,Chennai,"Andhra,  Biryani,  North Indian,  Chinese",3.6,11,500
House Of Dosas,"Banjara Hills, Central East Hyderabad", Central East Hyderabad,Hyderabad,South Indian,4.3,11,300
Sacred Earth Cafe,"Madhapur, West Hyderabad", West Hyderabad,Hyderabad,"Italian,  Mediterranean,  Mexican",4.8,11,800
1989 Pizza & Thick Shakes,"Dilsukh Nagar, East Hyderabad", East Hyderabad,Hyderabad,"Italian,  Desserts,  Shakes",4.5,11,600
Ninety Six,"Trident Hotel,Hitech City, West Hyderabad", West Hyderabad,Hyderabad,Finger Food,4.4,11,2500
Milkshake Buffin,"Uppal, East Hyderabad", East Hyderabad,Hyderabad,"Shakes,  Desserts",4.3,11,300
Cafika,"Sainikpuri, Secunderabad", Secunderabad,Hyderabad,"Italian,  Fast Food,  Desserts",3.4,11,600
Namak-Pinch Of Delight,"Kondapur, West Hyderabad", West Hyderabad,Hyderabad,"North Indian,  Biryani,  Mughlai",3.9,11,600
Saharsh Udupi Grand,"Kothaguda, West Hyderabad", West Hyderabad,Hyderabad,"North Indian,  South Indian",2.3,11,300
Lassi Studio,"ECIL, Secunderabad", Secunderabad,Hyderabad,"Juice,  Drinks,  Shakes",4.2,11,200
Italia,"Ellaa Hotels,Gachibowli, West Hyderabad", West Hyderabad,Hyderabad,Italian,3.5,11,1500
Cafe Snack's Shack,"Shivaji Nagar, West Pune", West Pune,Pune,"Italian,  Pizza,  American,  Fusion",4.3,11,600
The Bombay Bunglow,"Kalyani Nagar, East Pune", East Pune,Pune,"North Indian,  Italian,  Continental",3.3,11,900
Kelly's Cafe & All Day Dining,"Gulmohar Galaxy,Viman Nagar, East Pune", East Pune,Pune,"Continental,  Italian,  European,  Seafood,  Fast Food",4.3,11,1000
Marrakesh,"Shiv Hari Complex,Viman Nagar, East Pune", East Pune,Pune,"North Indian,  Lebanese,  Mughlai,  Mediterranean,  Biryani",4,11,1000
Backstage,"Kharadi, East Pune", East Pune,Pune,"North Indian,  Chinese,  Mughlai,  Seafood",3.9,11,1500
3 Spices,"DoubleTree by Hilton Hotel,Chinchwad, West Pune", West Pune,Pune,"North Indian,  Italian,  Continental",4.1,11,2000
Mother's Kitchen,"Blue Ridge,Hinjewadi, West Pune", West Pune,Pune,"North Indian,  Chinese",3.9,11,1000
The London Nail Art & Cafe,"Lake Town, East Kolkata", East Kolkata,Kolkata,"Italian,  Fast Food,  Shakes",3.9,11,500
Fumi Villa,"Shakespeare Sarani, Central Kolkata", Central Kolkata,Kolkata,"Fast Food,  Italian,  Chinese,  Continental",4.7,11,600
Ecstasea,"Southern Avenue, South Kolkata", South Kolkata,Kolkata,"Chinese,  Seafood",3.7,11,700
The Hubb,"Kalikapur, South Kolkata", South Kolkata,Kolkata,"Chinese,  Continental,  Fast Food",3.6,11,800
Sholo Ana Bangali,"Techno Tower,Prince Anwar Shah Road, South Kolkata", South Kolkata,Kolkata,Bengali,2.1,11,600
Toasted N Roasted,"Kalyani, North Kolkata", North Kolkata,Kolkata,"North Indian,  Chinese,  Italian,  Continental",4.4,11,500
Neel Kamal Snacks And Coffee Bar,"Gurukul, West Ahmedabad", West Ahmedabad,Ahmedabad,"Street Food,  Fast Food,  Gujarati",4.6,11,600
Cafe Upper Crust,"Rivera Arcade,Prahlad Nagar, West Ahmedabad", West Ahmedabad,Ahmedabad,"Italian,  European,  Multi-Cuisine,  North Indian,  Chinese,  Continental",4.2,11,1000
Havmor Restaurant,"Maninagar, East Ahmedabad", East Ahmedabad,Ahmedabad,"North Indian,  Italian,  Chinese,  Mexican",4.5,11,800
The Chocolate Room,"Isanpur, South Ahmedabad", South Ahmedabad,Ahmedabad,"Desserts,  Coffee,  Ice Cream,  Fast Food,  Shakes",3.5,11,500
Pizza Point,"Bapunagar, East Ahmedabad", East Ahmedabad,Ahmedabad,"Pizza,  Fast Food",3.1,11,500
Shree Marutinandan,"Nikol, East Ahmedabad", East Ahmedabad,Ahmedabad,"Multi-Cuisine,  North Indian,  Chinese,  Gujarati",3.4,11,700
Danbro Bakery,"Sector 26, East Chandigarh", East Chandigarh,Chandigarh,Bakery and Confectionary,4.5,11,300
38 Street,"Sector 38, West Chandigarh", West Chandigarh,Chandigarh,Fast Food,4.6,11,500
Amigo's Cafe,"Phase 3, Mohali", Mohali,Chandigarh,"Fast Food,  Pizza,  Italian",4.4,11,500
Amiguerio,"Betalbatim, South Goa", South Goa,Goa,"Multi-Cuisine,  North Indian,  Chinese,  Continental,  Goan",4,11,1000
Grapevine,"The HQ Hotel,Vasco Da Gama, South Goa", South Goa,Goa,"North Indian,  Mughlai,  Italian",4.3,11,1100
Pings Bia Hoi,"Porvorim, North Goa", North Goa,Goa,Asian,4.4,11,1400
Arham Sweets,"Nirman Nagar, West Jaipur", West Jaipur,Jaipur,"Multi-Cuisine,  North Indian,  Italian,  Chinese,  Continental,  South Indian",3.8,11,1000
Scene,"Radisson Blu Jaipur,Durgapura, South Jaipur", South Jaipur,Jaipur,North Indian,4.6,11,2000
Osmium Lounge,"Sapna Sangeeta Mall,Navlakha, Central Indore", Central Indore,Indore,"Finger Food,  North Indian,  Chinese,  Fast Food",3.3,11,1700
The Garden Restaurant,"Indore By Pass Road, East Indore", East Indore,Indore,"North Indian,  Fast Food,  Chinese",2.2,11,500
The Whistling Teal Restaurant,"Haridas Ji Ki Magri, South Udaipur", South Udaipur,Udaipur,"North Indian,  Chinese",4.2,11,1000
Hangout- The Lounge Bar,"Lohamandi, West Agra", West Agra,Agra,Finger Food,4.5,11,600
Wooddy Jhone's Pizza,"Lotus Elite,Gotri, West Vadodara", West Vadodara,Vadodara,"Pizza,  Italian",3.5,11,500
The Chocolate Room,"Manjalpur, South Vadodara", South Vadodara,Vadodara,"Desserts,  Shakes,  Italian,  Mexican,  Ice Cream",4.1,11,700
Shikhar,"The Legend Inn,Wardha Road, South Nagpur", South Nagpur,Nagpur,"North Indian,  Chinese",4.3,11,1000
The Corner Art Cafe,"Kipps Market,Sarabha Nagar, West Ludhiana", West Ludhiana,Ludhiana,"Italian,  Continental,  Fast Food",4.2,11,800
Hot and Fresh Canadian Pizza,"Sarabha Nagar, West Ludhiana", West Ludhiana,Ludhiana,Pizza,4,11,800
Club Cuba,"The Leela Ambience Convention Hotel,Shahdara, East Delhi", East Delhi,Delhi,Finger Food,4.8,10,3000
Havemore,"MGF Metropolitan Mall,Saket, South Delhi", South Delhi,Delhi,"North Indian,  Mughlai",4.1,10,2500
BonJuz,"Ambience Mall,Vasant Kunj, South Delhi", South Delhi,Delhi,Health Food,4.1,10,500
W Xyz Bar,"Aloft New Delhi,Aerocity, South Delhi", South Delhi,Delhi,Finger Food,4.2,10,2500
Delish BBQ,"Jaipuria Plaza,Sector 26, Noida", Noida,Noida,"North Indian,  Chinese",2.7,10,500
The French Oven,"Indirapuram, Ghaziabad", Ghaziabad,Ghaziabad,"Italian,  Fast Food",3.9,10,700
Theos,"Sector 50, Noida", Noida,Noida,"Desserts,  Bakery and Confectionary,  Fast Food",4.4,10,900
Patio,"The Muse Sarovar Portico,Kapashera, South Delhi", South Delhi,Delhi,"Chinese,  Continental,  North Eastern",4.4,10,1600
Longitude Bar,"Le Meridien,MG Road, Gurgaon", Gurgaon,Gurgaon,Finger Food,4.5,10,3000
Krua Thai,"M3M Urbana,Sector 67, Gurgaon", Gurgaon,Gurgaon,"Thai,  Asian",4.5,10,1800
Legends Of India By Savoy Suites,"Knowledge Park, NCR Greater Noida", NCR Greater Noida,Noida,"North Indian,  Biryani",4.3,10,1500
Bikkgane Biryani,"The Grand Venice Mall,Surajpur Site 4, NCR Greater Noida", NCR Greater Noida,Noida,"Biryani,  North Indian",3.7,10,1100
Kosho,"Powai, Powai", Powai,Mumbai,"Multi-Cuisine,  North Indian,  Italian,  Chinese,  Thai,  Seafood,  Mughlai",4.2,10,1200
Amritsari Kulcha Junction,"Near Andheri East Station, Andheri East", Andheri East,Mumbai,"North Indian,  Street Food",4.4,10,500
V Kitchen Restobar,"Hotel Varishtta,Kopar Khairane, Navi Mumbai", Navi Mumbai,Mumbai,"North Indian,  Chinese,  Seafood",4.2,10,600
The Bake Room,"Vikas Paradise,Mulund West, Central Suburbs", Central Suburbs,Mumbai,"Desserts,  Bakery and Confectionary,  Italian,  Continental,  Mexican,  Fast Food",4,10,900
Carnivore,"Rainbow Tower,Airoli, Navi Mumbai", Navi Mumbai,Mumbai,"North Indian,  Chinese",3.5,10,600
Kale & Kaffe,"Laxmi Plaza,Near Andheri West Station, Andheri West", Andheri West,Mumbai,"Continental,  Health Food,  Desserts",4.2,10,1200
Lucky Restaurant,"Goregaon East, North Western", North Western,Mumbai,"North Indian,  Mughlai,  Chinese",3.9,10,500
Wow! China by Wow! Momo,"Gagangiri CHS,Bandra West, Bandra", Bandra,Mumbai,"Chinese,  Seafood",4.5,10,1600
Eataeria,"Bandra West, Bandra", Bandra,Mumbai,"Chinese,  North Indian,  Fast Food",4.4,10,800
Froozo,"King Palace,Malad West, North Western", North Western,Mumbai,"Desserts,  Ice Cream,  Fast Food",2.2,10,800
Magari,"Kandivali West, North Western", North Western,Mumbai,"Italian,  Continental",4,10,900
Wai Wai City,"Kharghar, Navi Mumbai", Navi Mumbai,Mumbai,"Chinese,  Fast Food",3.5,10,800
Mad Over Donuts,"Cumballa Hill, South Mumbai", South Mumbai,Mumbai,"Desserts,  Doughnuts,  Waffle",4.7,10,450
Hotel Fishland,"Majestic, West Bangalore", West Bangalore,Bangalore,"North Indian,  Chinese,  Seafood,  Konkani",4.6,10,500
The Lobby Lounge,"Shangri-La Hotel,Vasanth Nagar, Central Bangalore", Central Bangalore,Bangalore,Finger Food,4.6,10,2000
Thanco's Natural Ice Cream,"Seshadripuram, West Bangalore", West Bangalore,Bangalore,"Ice Cream,  Desserts",3.8,10,400
Axomi - Taste of Assam,"Koramangala, South Bangalore", South Bangalore,Bangalore,Assamese,4.2,10,500
Mani's Dum Biryani,"K.K Centre,Koramangala, South Bangalore", South Bangalore,Bangalore,Biryani,4.5,10,700
Royal Treat,"Koramangala, South Bangalore", South Bangalore,Bangalore,"North Indian,  Chinese",3.8,10,600
Qube Cafe,"Koramangala, South Bangalore", South Bangalore,Bangalore,"Continental,  Italian,  Drinks",4.1,10,600
Taco Bell,"Vega City Mall,Bannerghatta Road, South Bangalore", South Bangalore,Bangalore,"Mexican,  Tex Mex",3.6,10,500
Dark Mandala Art Cafe,"JP Nagar, South Bangalore", South Bangalore,Bangalore,Continental,3.7,10,800
Fab Cafe,"Pioneer Plaza,Rajarajeshwari Nagar, West Bangalore", West Bangalore,Bangalore,"Coffee,  Continental",4,10,600
Equinox Bar,"DoubleTree Suites by Hilton,Sarjapur Road, South Bangalore", South Bangalore,Bangalore,"Continental,  North Indian,  Seafood,  Asian,  Finger Food",4.3,10,2000
Kapoor's Cafe,"Rajarajeshwari Nagar, West Bangalore", West Bangalore,Bangalore,"North Indian,  Mughlai",4.1,10,800
W XYZ,"Aloft Bengaluru Cessna Business Park,Bellandur, South Bangalore", South Bangalore,Bangalore,Finger Food,4.7,10,2000
Eating Love,"Sarjapur Road, South Bangalore", South Bangalore,Bangalore,"Italian,  Pizza",4.6,10,700
Leon Grill,"Marathahalli, East Bangalore", East Bangalore,Bangalore,"Mexican,  Burger,  Fast Food",4.2,10,600
Buffalo Wild Wings,"KR Puram, East Bangalore", East Bangalore,Bangalore,"Mexican,  American",4.4,10,1200
Moto Store & Cafe,"Yelahanka, North Bangalore", North Bangalore,Bangalore,"Italian,  Finger Food,  Fast Food,  Coffee,  Pizza,  Burger",4.2,10,500
Pizza Avenue,"Thiruvanmiyur, South Chennai", South Chennai,Chennai,"Italian,  Fast Food,  Pizza",3.5,10,700
Touch of Class,"The Central Court Hotel,Lakdi-Ka-Pul, Central Hyderabad", Central Hyderabad,Hyderabad,"Multi-Cuisine,  North Indian,  Chinese,  Continental,  Seafood",3.9,10,1000
Vintage Restaurant And Bar,"Nallakunta, Central Hyderabad", Central Hyderabad,Hyderabad,"North Indian,  Chinese",4,10,1000
Bar One,"Madhapur, West Hyderabad", West Hyderabad,Hyderabad,"North Indian,  Chinese",4.2,10,1000
Balaji Santosh Family Dhaba,"Neredimet, Secunderabad", Secunderabad,Hyderabad,"North Indian,  Chinese",3.8,10,600
Makers Of Milkshakes,"Sainikpuri, Secunderabad", Secunderabad,Hyderabad,"Shakes,  Waffle",4.1,10,400
Tasty Village Multicuisine Restuarant,"Alwal, Secunderabad", Secunderabad,Hyderabad,"North Indian,  Chinese,  South Indian",3.3,10,500
Spice Nation,"Kushaiguda, Secunderabad", Secunderabad,Hyderabad,"North Indian,  Chinese,  Biryani",4.4,10,500
Radhika Veg Restaurant,"Aundh, West Pune", West Pune,Pune,"North Indian,  Chinese,  Continental,  Mughlai",3.6,10,600
Pind Punjab,"Baner, West Pune", West Pune,Pune,"North Indian,  Chinese,  Mughlai",3.7,10,900
Kabana,"Conrad Pune,Koregaon Park, East Pune", East Pune,Pune,"Continental,  Italian",4.7,10,3500
Brewing Bistro,"Baner, West Pune", West Pune,Pune,"Italian,  Continental,  Fast Food,  Coffee,  Tea",4.5,10,800
Mother's Kitchen,"Balewadi, West Pune", West Pune,Pune,North Indian,4.1,10,1000
Cafe Rova,"Kharadi, East Pune", East Pune,Pune,"Fast Food,  North Indian,  Italian",3.7,10,600
Satguru's Punjabi Rasoi,"Kharadi, East Pune", East Pune,Pune,"North Indian,  Chinese",4,10,800
The Yellow Straw,"B B D Bagh, Central Kolkata", Central Kolkata,Kolkata,"Juice,  Shakes",4.3,10,300
Asia! Asia! Asia! - Street BBQ & Buffet,"Salt Lake, East Kolkata", East Kolkata,Kolkata,"Chinese,  Asian",4.7,10,900
Mintelaa,"Elgin Road, South Kolkata", South Kolkata,Kolkata,"Italian,  Pizza",4.6,10,800
SGF,"Lake Town, East Kolkata", East Kolkata,Kolkata,"Fast Food,  North Indian,  Chinese",3.7,10,500
Fung Fa,"Tangra, East Kolkata", East Kolkata,Kolkata,"Chinese,  Seafood",1.9,10,1000
Wow! Momo,"Upohar Town Centre,Liluah, Howrah", Howrah,Kolkata,"Fast Food,  Tibetan",4.3,10,400
SurFire The Coastal Cafe,"Kalighat, South Kolkata", South Kolkata,Kolkata,South Indian,4.6,10,700
Wow! Momo,"Dhakuria, South Kolkata", South Kolkata,Kolkata,"Fast Food,  Tibetan",4.1,10,400
Monginis,"Baranagar, 24 Parganas North", 24 Parganas North,Kolkata,"Desserts,  Bakery and Confectionary,  Fast Food",3.5,10,200
Cafe Dreamers,"Tollygunge, South Kolkata", South Kolkata,Kolkata,Fast Food,4.4,10,400
The Silk Route,"Golf Green, South Kolkata", South Kolkata,Kolkata,Chinese,3.9,10,700
Aminia,"Garia, South Kolkata", South Kolkata,Kolkata,"North Indian,  Biryani",3.8,10,700
Kabhi B,"Ambawadi, West Ahmedabad", West Ahmedabad,Ahmedabad,"Desserts,  Bakery and Confectionary,  Fast Food",4.1,10,200
Firangi Fusion Cafe,"Navrangpura, West Ahmedabad", West Ahmedabad,Ahmedabad,"North Indian,  Italian,  Coffee,  Chinese,  Continental",4.3,10,600
Vadilal- Hangout,"Naranpura, North Ahmedabad", North Ahmedabad,Ahmedabad,"Desserts,  Ice Cream,  Fast Food",3.3,10,250
Raghuvansi Thal,"Sundaram Arcade,Sola, North Ahmedabad", North Ahmedabad,Ahmedabad,Gujarati,3.9,10,500
Simply Meaty,"Sun South Park,Bopal, West Ahmedabad", West Ahmedabad,Ahmedabad,"North Indian,  Mughlai",4.1,10,600
Rasam - The Garden Restaurant,"Gota, North Ahmedabad", North Ahmedabad,Ahmedabad,"North Indian,  Chinese,  Continental",4.1,10,600
SMS: Stop My Starvation,"Sector 9, East Chandigarh", East Chandigarh,Chandigarh,"Fast Food,  Desserts",4.8,10,500
O Chicken India - Oil Free Healthy Chicken,"Sector 18, Central Chandigarh", Central Chandigarh,Chandigarh,Fast Food,4.5,10,1100
Roll Xpress,"Sector 36, West Chandigarh", West Chandigarh,Chandigarh,Fast Food,4.2,10,300
Satva,"Sector 26, East Chandigarh", East Chandigarh,Chandigarh,"Finger Food,  North Indian,  Chinese",3.5,10,1800
Daawat-E-Khaas,"Sector 67, Mohali", Mohali,Chandigarh,"North Indian,  Chinese,  Continental,  Italian,  Mughlai",4.3,10,1400
The Belgian Waffle Co,"C Scheme, Central Jaipur", Central Jaipur,Jaipur,"Waffle,  Desserts",3.8,10,600
Looters,"C Scheme, Central Jaipur", Central Jaipur,Jaipur,"Fast Food,  Burger",3.3,10,400
Friedisthan,"Vaishali Nagar, West Jaipur", West Jaipur,Jaipur,Fast Food,4.1,10,400
LOCA by LA -Multigrain,"Malviya Nagar, South Jaipur", South Jaipur,Jaipur,Coffee,4.4,10,500
Chai Republic,"Malviya Nagar, South Jaipur", South Jaipur,Jaipur,"Fast Food,  Tea",4.3,10,400
Marky Momos,"Malviya Nagar, South Jaipur", South Jaipur,Jaipur,"Fast Food,  Chinese",3.1,10,600
The Bohemians Cafe,"Mansarovar, South Jaipur", South Jaipur,Jaipur,Fast Food,3.7,10,500
Goku,"Gomti Nagar, East Lucknow", East Lucknow,Lucknow,"Thai,  Japanese,  Korean,  North Indian",4.7,10,1500
Free Spirit,"Gomti Nagar, East Lucknow", East Lucknow,Lucknow,"Fast Food,  Shakes",4.1,10,800
Babel Restro & Lounge,"Indira Nagar, Central Lucknow", Central Lucknow,Lucknow,"North Indian,  Chinese",2.8,10,900
Marky Momos,"Shobhagpura, West Udaipur", West Udaipur,Udaipur,Chinese,3.9,10,1000
Sky Grill,"Crystal Sarovar Premiere,Tajganj, East Agra", East Agra,Agra,"North Indian,  Continental",4.7,10,2100
Pinxx,"Royal Orchid Central,Akota, Central Vadodara", Central Vadodara,Vadodara,"North Indian,  Italian,  Oriental ",3.7,10,1400
Wooddy Jhone’s Pizza,"Manjalpur, South Vadodara", South Vadodara,Vadodara,"Pizza,  Italian",2.2,10,500
Kabab Hut,"Le Méridien Nagpur,Wardha Road, South Nagpur", South Nagpur,Nagpur,"Mughlai,  Awadhi",4.1,10,1700
The Square Meal,"Dumas, South Surat", South Surat,Surat,"North Indian,  Oriental ,  Chinese,  Continental",4.2,10,1300
Shakti - The Sandwich Shop,"White Orchid,Adajan Gam, West Surat", West Surat,Surat,Fast Food,4.3,10,500
Spice Roots By Hotel Rigal Blu,"Hotel Rigal Blu,Sector 32, East Ludhiana", East Ludhiana,Ludhiana,"North Indian,  Chinese,  Continental",3.6,10,1600
Ranisa,"Connaught Place, Central Delhi", Central Delhi,Delhi,Rajasthani,4.4,9,800
Creme Borne,"Connaught Place, Central Delhi", Central Delhi,Delhi,"Desserts,  Ice Cream,  Fast Food",4.8,9,500
Seoul Restaurant,"Ansal Plaza Mall,Khel Gaon, South Delhi", South Delhi,Delhi,"Japanese,  Korean",4.8,9,2000
Turn Up,"Satya Niketan, South Delhi", South Delhi,Delhi,"Fast Food,  North Indian,  Chinese",3.1,9,1200
Little Attock,"Okhla Phase - 3, South Delhi", South Delhi,Delhi,"Indian Cuisine,  Health Food,  Modern Indian",4.4,9,1200
MAI BAO,"Saket, South Delhi", South Delhi,Delhi,"Singaporean,  Chinese,  Seafood",3.4,9,1500
Theos,"DLF Mall of India,Sector 18, Noida", Noida,Noida,"Desserts,  Bakery and Confectionary,  Fast Food",4.3,9,900
Sehat Cafe,"Dwarka, West Delhi", West Delhi,Delhi,"Fast Food,  Health Food,  North Indian,  Chinese",3.9,9,800
Raajsik,"The Umrao,Samalkha, South Delhi", South Delhi,Delhi,"Multi-Cuisine,  North Indian,  Hyderabadi,  Kashmiri,  Rajasthani,  Lucknowi",4.3,9,2000
Brew-Berry,"NIT, Faridabad", Faridabad,Noida,"Fast Food,  Burger",4.7,9,600
Flava,"The Roa Hotel,Ghatkopar West, Central Suburbs", Central Suburbs,Mumbai,"North Indian,  Chinese,  Continental",3.9,9,1500
Keys Cafe - Keys Hotel Nestor,"Marol, Andheri East", Andheri East,Mumbai,"Continental,  North Indian,  Coffee",3.1,9,1000
Sai Shraddha Veg Treat,"Shanti Cottage,Thane West, Thane", Thane,Mumbai,"North Indian,  Chinese,  South Indian,  Fast Food",3.9,9,800
Tibbs Frankie,"Korum Mall,Thane West, Thane", Thane,Mumbai,Fast Food,3.9,9,200
Kakori House,"Bandra West, Bandra", Bandra,Mumbai,"Mughlai,  Awadhi",3.7,9,1500
63 By - Lane,"Evershine Millennium Paradise,Kandivali East, North Western", North Western,Mumbai,"Italian,  Fast Food",4.6,9,900
Tibbs Frankie,"High Street Phoenix Mall,Lower Parel, South Mumbai", South Mumbai,Mumbai,Fast Food,3.5,9,200
The London Shakes,"Dombivli East, Dombivali", Dombivali,Mumbai,"Shakes,  Fast Food",3.3,9,400
99 Pancakes,"Commerce House,Fort, South Mumbai", South Mumbai,Mumbai,"Bakery and Confectionary,  Desserts,  Fast Food,  Shakes",2.8,9,500
Anupam's Coast II Coast,"Church Street, Central Bangalore", Central Bangalore,Bangalore,"Seafood,  North Indian,  Chinese,  Coastal",4.4,9,1200
Desserted,"Vasanth Nagar, Central Bangalore", Central Bangalore,Bangalore,"Desserts,  Bakery and Confectionary,  Coffee",4,9,600
Nandhini Deluxe,"Sankey Road, West Bangalore", West Bangalore,Bangalore,"Multi-Cuisine,  North Indian,  Chinese,  Seafood,  Andhra",3.8,9,1300
Smoor,"The Forum Mall,Koramangala, South Bangalore", South Bangalore,Bangalore,"Italian,  Asian,  Desserts,  Drinks",4.4,9,1600
Khan Saheb Grills and Rolls,"Shiva Sai Complex,Indiranagar, East Bangalore", East Bangalore,Bangalore,"North Indian,  Fast Food",3.9,9,600
Taco Bell,"Orion Mall,Malleshwaram, West Bangalore", West Bangalore,Bangalore,"Mexican,  Tex Mex",4,9,500
Mani's Dum Biryani,"Jeevan Bhima Nagar, East Bangalore", East Bangalore,Bangalore,"Hyderabadi,  Biryani",3.8,9,400
Khmer Kitchen,"JP Nagar, South Bangalore", South Bangalore,Bangalore,"Asian,  Oriental ,  Coffee",4.5,9,1800
Yum In My Tum,"BTM Layout, South Bangalore", South Bangalore,Bangalore,"Chinese,  Fast Food",4.6,9,300
Thanco's Natural Ice Cream,"Banashankari, South Bangalore", South Bangalore,Bangalore,"Ice Cream,  Desserts",2.6,9,400
Nandhini Deluxe,"JP Nagar, South Bangalore", South Bangalore,Bangalore,"Multi-Cuisine,  North Indian,  Chinese,  Seafood,  Andhra",3.5,9,900
Dindigul Thalappakatti,"Lamcy Plaza,Kalyan Nagar, North Bangalore", North Bangalore,Bangalore,"South Indian,  Biryani,  North Indian,  Chinese",4.5,9,800
Paakashala,"Kanakapura Road, South Bangalore", South Bangalore,Bangalore,"North Indian,  Chinese",4.3,9,600
Sands Of Time Restro Cafe,"JP Nagar, South Bangalore", South Bangalore,Bangalore,"Fast Food,  Italian,  Chinese,  Drinks",2.7,9,600
California Burrito,"Marathahalli, East Bangalore", East Bangalore,Bangalore,"Mexican,  Fast Food",4,9,500
Great Room,"Old Madras Road, East Bangalore", East Bangalore,Bangalore,"North Indian,  Continental",4,9,800
Superstar Pizza,"Alwarpet, Central Chennai", Central Chennai,Chennai,"Italian,  Pizza",4.8,9,800
The Bench Cafe,"Kolathur, North Chennai", North Chennai,Chennai,"North Indian,  Chinese,  Continental,  Fast Food",5,9,500
Delhi Dhaba,"Akkarai, South Chennai", South Chennai,Chennai,"North Indian,  Chinese,  Seafood",3.3,9,800
45th Avenue,"Jubilee Hills, Central West Hyderabad", Central West Hyderabad,Hyderabad,Desserts,3.9,9,800
Jamie's Pizzeria By Jamie Oliver,"Jubilee Hills, Central West Hyderabad", Central West Hyderabad,Hyderabad,"Italian,  Pizza",4.6,9,1000
Alchemy Lounge,"Ellaa Hotels,Gachibowli, West Hyderabad", West Hyderabad,Hyderabad,"Mediterranean,  Oriental ",4.3,9,1700
Express By AB's,"Maisaiah Yadav Estate,Miyapur, West Hyderabad", West Hyderabad,Hyderabad,"North Indian,  Barbecue",4.2,9,600
Yellow Bamboos,"Hotel Swagath Grand,Hafeezpet, West Hyderabad", West Hyderabad,Hyderabad,"North Indian,  Chinese",4,9,1000
Broskis,"Pocharam, Secunderabad", Secunderabad,Hyderabad,"Multi-Cuisine,  North Indian,  Chinese,  Continental",4.2,9,800
Cafe MetroMix,"Erandwane, West Pune", West Pune,Pune,"Continental,  Fast Food",4.9,9,1000
Pune Sugar Box,"Conrad Pune,Koregaon Park, East Pune", East Pune,Pune,"Bakery and Confectionary,  Desserts",4.9,9,2100
Cafe Buddy's Espresso,"Echelon Building,Pashan, West Pune", West Pune,Pune,"Fast Food,  Coffee",3.4,9,600
The Single Malt & Co,"Hyatt Regency Pune,Nagar Road, East Pune", East Pune,Pune,"Italian,  Finger Food",4.2,9,2000
Spice It,"Ibis Hotel,Nagar Road, East Pune", East Pune,Pune,"Continental,  European,  Seafood",3.3,9,1200
Amara,"Mundhwa, East Pune", East Pune,Pune,"North Indian,  Chinese,  Fast Food",3.1,9,1100
Taco Bell,"Elpro City Square,Chinchwad, West Pune", West Pune,Pune,"Mexican,  Fast Food,  Tex Mex",3.3,9,500
Golden Spoon,"Park Street, Central Kolkata", Central Kolkata,Kolkata,"Chinese,  North Indian",3.4,9,700
Wow! Momo,"Lake Town, East Kolkata", East Kolkata,Kolkata,"Fast Food,  Tibetan",4.3,9,400
The Canister Cafe,"AMP Vaisaakkhi Mall,Salt Lake, East Kolkata", East Kolkata,Kolkata,"North Indian,  Pizza",4.2,9,200
Karma Kettle,"Ballygunge, South Kolkata", South Kolkata,Kolkata,"Tea,  Italian,  Continental,  Finger Food",3.5,9,1000
Blue Nile Lounge,"Rajarhat, 24 Parganas North", 24 Parganas North,Kolkata,"North Indian,  Finger Food",4.1,9,1700
Purple Turtle,"Prince Anwar Shah Road, South Kolkata", South Kolkata,Kolkata,"Fast Food,  Italian,  Continental",3.2,9,700
Fries Before Guys,"New Alipore, South Kolkata", South Kolkata,Kolkata,"Fast Food,  Finger Food",3.8,9,300
Azad Hind,"Garia, South Kolkata", South Kolkata,Kolkata,"North Indian,  Street Food",3.8,9,800
7/12 Fried Ice Cream Parlour,"Uniworld Downtown Mall,New Town, 24 Parganas North", 24 Parganas North,Kolkata,"Desserts,  Ice Cream",3.6,9,400
Puchkaman,"Garia, South Kolkata", South Kolkata,Kolkata,"Street Food,  Fast Food",3.4,9,500
Wow! Momo,"Barasat, 24 Parganas North", 24 Parganas North,Kolkata,"Fast Food,  Tibetan",4.3,9,400
Taco Bell,"Ahmedabad One Mall,Vastrapur, West Ahmedabad", West Ahmedabad,Ahmedabad,"Mexican,  American,  Fast Food",3.8,9,500
Sante Spa Cuisine,"Bodakdev, West Ahmedabad", West Ahmedabad,Ahmedabad,Health Food,4.7,9,900
Pizza Tune,"Shukan Platinum Complex,Gota, North Ahmedabad", North Ahmedabad,Ahmedabad,"Pizza,  Fast Food",3.1,9,400
Amrutam,"Nikol, East Ahmedabad", East Ahmedabad,Ahmedabad,Gujarati,4.6,9,800
Pizza Galleria,"Sector 27, South Chandigarh", South Chandigarh,Chandigarh,"Italian,  Pizza",4,9,400
Cellar,"Hotel Sheronz,Sector 35, West Chandigarh", West Chandigarh,Chandigarh,"North Indian,  Chinese,  Continental",2.9,9,1500
Pizza Galleria,"Sector 40, West Chandigarh", West Chandigarh,Chandigarh,"Italian,  Pizza",2.8,9,400
Spice Route,"Glades Hotel,Sector 55, Mohali", Mohali,Chandigarh,"North Indian,  Continental,  Chinese,  Thai",4,9,1500
World Trail,"Sector 70, Mohali", Mohali,Chandigarh,"Italian,  Biryani",4.9,9,400
The Cozy Club Restaurant & Banquet,"Chandigarh Road, Zirakpur", Zirakpur,Chandigarh,"North Indian,  Chinese",4.4,9,700
Taverna,"Cidade De Goa,Panjim, North Goa", North Goa,Goa,"North Indian,  Continental,  Finger Food",4.3,9,1300
Jalsa,"Resort Rio,Arpora, North Goa", North Goa,Goa,"Gujarati,  Rajasthani",3.9,9,2800
Napoli Pizzeria & Bistro,"C Scheme, Central Jaipur", Central Jaipur,Jaipur,"Italian,  Pizza",4.2,9,900
The Sushi Company,"C Scheme, Central Jaipur", Central Jaipur,Jaipur,Sushi,4.6,9,1400
The Momoz Hub,"Shyam Nagar, West Jaipur", West Jaipur,Jaipur,"Chinese,  Tibetan,  Fast Food",4.3,9,500
Jal Mahal Ice Cream Cafe,"Vaishali Nagar, West Jaipur", West Jaipur,Jaipur,"Desserts,  Ice Cream",3.4,9,300
Colorbar,"Radisson Blu Jaipur,Durgapura, South Jaipur", South Jaipur,Jaipur,"North Indian,  Italian",4.1,9,3000
Cakes N Craft,"Bhanwar Kuan, South Indore", South Indore,Indore,"Bakery and Confectionary,  Desserts",4.8,9,500
Hotel Bee Town,"Rajendra Nagar, South Indore", South Indore,Indore,"North Indian,  Chinese",3.3,9,900
Atul Sandwich And Cafe,"Navneet Plaza,Old Palasia, Central Indore", Central Indore,Indore,Fast Food,2.8,9,400
Noor's Kitchen,"Shekhar Planet,Vijay Nagar, East Indore", East Indore,Indore,"North Indian,  Fast Food",2.6,9,800
Chai Kaapi,"Vijay Nagar, East Indore", East Indore,Indore,"Fast Food,  Tea",4.5,9,400
Bamboo Tree,"Vijay Nagar, East Indore", East Indore,Indore,"North Indian,  Chinese,  Continental,  Asian",4,9,900
Shack Pool Bar & Grill,"Crescent Spa And Resort,Indore By Pass Road, East Indore", East Indore,Indore,Finger Food,4.5,9,2000
The F3 Bar,"Radisson Udaipur,Ashok Nagar, Central Udaipur", Central Udaipur,Udaipur,Finger Food,4.5,9,2000
Square Terrace By Chunda Palace,"Haridas Ji Ki Magri, South Udaipur", South Udaipur,Udaipur,"Multi-Cuisine,  Italian,  Continental,  Asian,  Rajasthani",4.9,9,1500
Bay Leaf,"Bamboo Saa Resort & Spa,Fateh Sagar, West Udaipur", West Udaipur,Udaipur,"North Indian,  Continental,  Oriental ,  Mexican",4.6,9,1700
Myra,"Ramada Resort and Spa,Fateh Sagar, West Udaipur", West Udaipur,Udaipur,"North Indian,  Rajasthani,  Italian,  Oriental ",4.4,9,2900
The White Fresco,"Sajjan Nagar, South Udaipur", South Udaipur,Udaipur,"North Indian,  Chinese,  Continental",3.4,9,700
Baradari,"Hotel Fateh Garh,Bujra, West Udaipur", West Udaipur,Udaipur,Multi-Cuisine,3.7,9,1200
Paatra,"Jaypee Palace Hotel & Convention Centre,Tajganj, East Agra", East Agra,Agra,"North Indian,  Mughlai",4.3,9,3400
The Barbeque Grill,"Centre Square Mall,Alkapuri, Central Vadodara", Central Vadodara,Vadodara,"North Indian,  Chinese",4.7,9,600
The Shake Maker,"Waghodia, East Vadodara", East Vadodara,Vadodara,Shakes,4.5,9,300
Real Kathiyawadi Restaurant,"Sayajipura, East Vadodara", East Vadodara,Vadodara,"North Indian,  Chinese,  Gujarati",3.6,9,300
D9 Restro Lounge,"Sitabuldi, Central Nagpur", Central Nagpur,Nagpur,"North Indian,  Chinese,  Continental",3,9,1200
Goosebumps,"VCA Stadium Complex,Civil Lines, West Nagpur", West Nagpur,Nagpur,"Chinese,  Street Food,  Fast Food,  Italian,  South Indian,  Desserts",3.7,9,800
Food Links,"Nandanvan, East Nagpur", East Nagpur,Nagpur,Fast Food,4.9,9,500
Kafe B2,"Aagam Arcade,Vesu, South Surat", South Surat,Surat,Fast Food,4.3,9,400
Wooddy Jhone's Pizza,"Helios Complex,Pal Gam, West Surat", West Surat,Surat,"Fast Food,  Pizza,  Italian",3.5,9,500
Mr Pizza G,"Katargam, North Surat", North Surat,Surat,"Fast Food,  Pizza,  Italian",4.1,9,500
99 Pancakes,"Adajan Patiya, West Surat", West Surat,Surat,"Desserts,  Waffle,  Fast Food",3.8,9,600
Sandoz,"Karol Bagh, Central Delhi", Central Delhi,Delhi,"North Indian,  Chinese",3.1,8,1000
Chai Mantra,"Vikas Marg, East Delhi", East Delhi,Delhi,"Fast Food,  Tea,  Chinese",3.7,8,300
Da Safe Zone,"Satya Niketan, South Delhi", South Delhi,Delhi,"North Indian,  Italian,  Chinese,  Fast Food",3.6,8,1000
Amar Jyoti,"Sarojini Nagar, South Delhi", South Delhi,Delhi,North Indian,3.1,8,1000
Syrah,"Hyatt Regency Delhi,Bhikaji Cama Place, South Delhi", South Delhi,Delhi,"Mediterranean,  Middle Eastern",3.8,8,4500
Moets Oh! Bao,"Defence Colony, South Delhi", South Delhi,Delhi,"Chinese,  Asian,  Thai",4.5,8,1300
DANDY - The Fio Bar,"Epicuria Food Mall,Nehru Place, South Delhi", South Delhi,Delhi,Finger Food,4.3,8,2000
The Tandoor,"Rajouri Garden, West Delhi", West Delhi,Delhi,"North Indian,  Chinese",4,8,800
Ping's Cafe Orient,"DLF Avenue,Saket, South Delhi", South Delhi,Delhi,Asian,4.6,8,2100
Swan,"Mehrauli, South Delhi", South Delhi,Delhi,"Italian,  Japanese",3.3,8,2000
Big Banana,"Saket, South Delhi", South Delhi,Delhi,"North Indian,  Chinese,  Mughlai",3.9,8,1100
Dragon Hut,"Jaipuria Sunrise Plaza,Indirapuram, Ghaziabad", Ghaziabad,Ghaziabad,Chinese,3.6,8,600
Curry House CoCo Ichibanya,"Cyber Hub,DLF Cyber City, Gurgaon", Gurgaon,Gurgaon,"Japanese,  Seafood",4.6,8,1400
Taco Bell,"Gaur City Mall,Gaur CIty 1, NCR Greater Noida", NCR Greater Noida,Noida,"Mexican,  Tex Mex",4.3,8,500
Subway,"MGF Metropolitan Mall,MG Road, Gurgaon", Gurgaon,Gurgaon,Health Food,4.2,8,500
The Ladakhi Kitchen,"DLF Phase - 4, Gurgaon", Gurgaon,Gurgaon,"Chinese,  Tibetan",4.3,8,800
Cafe Underworld,"Sector 14, Faridabad", Faridabad,Noida,"Fast Food,  North Indian",4.1,8,1000
Hunger Cure,"Sector 14, Faridabad", Faridabad,Noida,"Fast Food,  Chinese",3.5,8,500
Chaayos,"Sohna Road, Gurgaon", Gurgaon,Gurgaon,"Street Food,  Tea,  Fast Food",4.8,8,500
New York Burrito Company,"Juhu, Andheri West", Andheri West,Mumbai,Mexican,4.5,8,600
The Oasis,"Country Inn and Suites by Radisson,Ghansoli, Navi Mumbai", Navi Mumbai,Mumbai,"North Indian,  Chinese,  Seafood,  Mughlai",4.1,8,2500
Chaayos - Meri Wali Chai,"Near Andheri West Station, Andheri West", Andheri West,Mumbai,Tea,4.5,8,500
Happiness Deli,"Crescent House,Grant Road, South Mumbai", South Mumbai,Mumbai,"Fast Food,  Bakery and Confectionary",3.9,8,500
Tibbs Frankie,"Surya Mahal,Fort, South Mumbai", South Mumbai,Mumbai,Fast Food,4.5,8,200
Imperial Restaurant,"Residency Road, Central Bangalore", Central Bangalore,Bangalore,"Chinese,  North Indian,  Mughlai",3.8,8,800
The Courtyard,"Shanti Nagar, Central Bangalore", Central Bangalore,Bangalore,"Italian,  Fast Food",3.9,8,800
Dane's Kitchen,"West Minister Building,Cunningham Road, Central Bangalore", Central Bangalore,Bangalore,"Chinese,  Thai",3.7,8,600
Nandhini Deluxe,"Taj Mahal Building,Gandhi Nagar, West Bangalore", West Bangalore,Bangalore,"Multi-Cuisine,  North Indian,  Chinese,  Seafood,  Andhra",3.4,8,1300
Imperial Restaurant,"Indiranagar, East Bangalore", East Bangalore,Bangalore,"Chinese,  North Indian,  Mughlai",3.6,8,800
Gokul Veg,"RT Nagar, North Bangalore", North Bangalore,Bangalore,"North Indian,  Chinese",3.9,8,500
Dindigul Thalappakatti,"Jayanagar, South Bangalore", South Bangalore,Bangalore,"South Indian,  Biryani,  North Indian,  Seafood",4.5,8,800
Rolls On Wheels,"Banashankari, South Bangalore", South Bangalore,Bangalore,Fast Food,4.1,8,300
Empire Restaurant,"Orion Mall,Rajajinagar, West Bangalore", West Bangalore,Bangalore,"North Indian,  Kerala,  South Indian,  Seafood,  Biryani",3.3,8,700
Dialogues,"JP Nagar, South Bangalore", South Bangalore,Bangalore,"Chinese,  Italian,  Fast Food",4.1,8,600
Leon Grill,"Kalyan Nagar, North Bangalore", North Bangalore,Bangalore,"Mexican,  Burger,  Fast Food",3,8,600
Kingdom Of Spices,"Bellandur, South Bangalore", South Bangalore,Bangalore,"North Indian,  Chinese,  Mughlai",4.4,8,400
Glen's Bake House,"Whitefield, East Bangalore", East Bangalore,Bangalore,"Bakery and Confectionary,  Desserts",3.5,8,500
Dhaba,"Ramanashree California Resort,Yelahanka, North Bangalore", North Bangalore,Bangalore,"North Indian,  Chinese",2.5,8,800
Imperio Restaurant,"Whitefield, East Bangalore", East Bangalore,Bangalore,"South Indian,  Biryani,  North Indian,  Seafood",2.9,8,700
B 64,"Ramada by Wyndham Bengaluru Yelahanka,Yelahanka, North Bangalore", North Bangalore,Bangalore,"North Indian,  Chinese,  South Indian,  Fast Food",4.7,8,1500
Empire Restaurant,"Kunigal, Bangalore Mangalore Highway", Bangalore Mangalore Highway,Bangalore,"North Indian,  Kerala,  South Indian,  Seafood,  Biryani",3.9,8,700
Brownie Heaven,"Nungambakkam, Central Chennai", Central Chennai,Chennai,Desserts,4.3,8,400
Cafe Treat,"The Pride Hotel,Kilpauk, North Chennai", North Chennai,Chennai,"North Indian,  Chinese,  South Indian",3.8,8,1200
Murugan Idli Shop,"Besant Nagar, South Chennai", South Chennai,Chennai,South Indian,3.3,8,300
Lucky Da Punjabi Dhabba,"Perungudi, South West Chennai", South West Chennai,Chennai,"North Indian,  Chinese,  Mughlai,  Fast Food",4.9,8,1400
MilkyWay,"Velachery, South West Chennai", South West Chennai,Chennai,"Ice Cream,  Desserts,  Fast Food",3.8,8,400
Mr.Burger,"Iyyapanthangal, West Chennai", West Chennai,Chennai,"Fast Food,  Burger",4.2,8,400
Roll Over,"Potheri, South West Chennai", South West Chennai,Chennai,"Desserts,  Fast Food",4.5,8,500
Fonce,"Jubilee Hills, Central West Hyderabad", Central West Hyderabad,Hyderabad,"Fast Food,  Coffee",4.4,8,1000
Chinese Bells,"MNR Complex,Nacharam, East Hyderabad", East Hyderabad,Hyderabad,"Chinese,  Seafood",2.6,8,700
Karachi Cafe,"SBR Pearl,Hitech City, West Hyderabad", West Hyderabad,Hyderabad,"Italian,  Continental,  North Indian,  Chinese",4.1,8,600
Almond House,"Kukatpally, West Hyderabad", West Hyderabad,Hyderabad,"Mithai,  Desserts",4.7,8,500
Taco Bell,"DSL VIRTUE MALL,Uppal, East Hyderabad", East Hyderabad,Hyderabad,"Mexican,  Tex Mex",3.4,8,500
Al-Beck Mandi,"A S Rao Nagar, Secunderabad", Secunderabad,Hyderabad,Arabian,3.6,8,500
Sandwich Eatery,"Miyapur, West Hyderabad", West Hyderabad,Hyderabad,"Fast Food,  Shakes",4.6,8,500
Nature's Hub,"Gandipet, West Hyderabad", West Hyderabad,Hyderabad,"North Indian,  Chinese",3.9,8,900
Oregano Pizza,"Kothrud, West Pune", West Pune,Pune,"Pizza,  Italian",4.4,8,500
The Doner Company,"Kothrud, West Pune", West Pune,Pune,"Turkish,  Health Food,  Lebanese,  Fast Food",3.8,8,700
The Wadapav Cafe,"Bavdhan, West Pune", West Pune,Pune,"Street Food,  Maharashtrian",4,8,300
"Namma Kitchen Canteen, Teerth Technospace","Baner, West Pune", West Pune,Pune,"South Indian,  North Indian,  Chinese",4.7,8,400
Khushboo,"Bibwewadi, South Pune", South Pune,Pune,"North Indian,  Chinese,  Fast Food",4.1,8,600
Al Saba Mac Mino Way,"Kondhwa, South Pune", South Pune,Pune,"Fast Food,  Pizza",3.6,8,600
Tasty Punjab,"Magarpatta City, East Pune", East Pune,Pune,"North Indian,  Chinese",2.9,8,800
Pokket Cafe,"Chinchwad, West Pune", West Pune,Pune,"Fast Food,  Tea",4,8,400
Trapeze,"Chowringhee, Central Kolkata", Central Kolkata,Kolkata,"North Indian,  Continental",4.4,8,1200
Soul Cafe,"E.M Bypass, East Kolkata", East Kolkata,Kolkata,"North Indian,  Chinese,  Continental,  South Indian,  Fast Food",4.6,8,800
Raasta Cafe,"Howrah, Howrah", Howrah,Kolkata,"Fast Food,  North Indian",3.4,8,300
What's Your Flavour?,"Wellesley, Central Kolkata", Central Kolkata,Kolkata,"Desserts,  Ice Cream,  Shakes",2.8,8,400
Fries Before Guys,"Arihant Benchmark,Topsia, East Kolkata", East Kolkata,Kolkata,Fast Food,3.6,8,300
Tit Bits,"Chowringhee, Central Kolkata", Central Kolkata,Kolkata,"Street Food,  North Indian,  Chinese,  Fast Food",4.9,8,600
7/12 Fried Ice Cream Parlour,"Forum Rangoli Mall,Howrah, Howrah", Howrah,Kolkata,"Desserts,  Ice Cream",4.8,8,400
Taco Bell,"Avani Riverside Mall,Shibpur, Howrah", Howrah,Kolkata,Mexican,4.3,8,500
Taco Bell,"Acropolis Mall,Kasba, South Kolkata", South Kolkata,Kolkata,Mexican,4.4,8,500
Oxy Jam,"Baguiati, 24 Parganas North", 24 Parganas North,Kolkata,"Chinese,  Fast Food",1.7,8,399
Azad Hind Dhaba,"Kasba, South Kolkata", South Kolkata,Kolkata,"North Indian,  Mughlai",3.4,8,800
Subway,"New Alipore, South Kolkata", South Kolkata,Kolkata,"Health Food,  Fast Food",4.2,8,400
Sholo Ana Bangali,"Behala, South Kolkata", South Kolkata,Kolkata,Bengali,3.9,8,600
Wow! Momo,"Narendrapur, 24 Parganas South", 24 Parganas South,Mumbai,"Fast Food,  Tibetan",3.1,8,400
The Flavours,"Narendrapur, 24 Parganas South", 24 Parganas South,Mumbai,"North Indian,  Chinese,  Continental,  Mughlai",4.8,8,900
Wow! Momo,"Madhyamgram, 24 Parganas North", 24 Parganas North,Kolkata,"Fast Food,  Tibetan",3.9,8,400
Banana Leaf,"Satellite, West Ahmedabad", West Ahmedabad,Ahmedabad,South Indian,3.5,8,700
Sankalp,"Navrangpura, West Ahmedabad", West Ahmedabad,Ahmedabad,South Indian,4.4,8,500
D'tallii Egg,"Asia House,Navrangpura, West Ahmedabad", West Ahmedabad,Ahmedabad,"Fast Food,  Health Food,  Chinese",4.8,8,500
Hot Pot,"Epsilon The Hotel,Ellis Bridge, Central Ahmedabad", Central Ahmedabad,Ahmedabad,"North Indian,  Chinese,  Continental",4,8,800
SN Blu,"Shailly Complex,Thaltej, West Ahmedabad", West Ahmedabad,Ahmedabad,"Multi-Cuisine,  Italian,  Continental,  Mexican,  Indian Cuisine",4.3,8,1000
Masty Foods,"S G Highway, West Ahmedabad", West Ahmedabad,Ahmedabad,"North Indian,  Chinese,  Seafood,  Mughlai,  Barbecue,  Biryani",4,8,500
Candle Light Date N Dinner,"Bodakdev, West Ahmedabad", West Ahmedabad,Ahmedabad,"North Indian,  Continental",3.8,8,1500
Kabhi B,"Amrapali Shopping Mall,Bopal, West Ahmedabad", West Ahmedabad,Ahmedabad,"Desserts,  Bakery and Confectionary,  Fast Food",4.8,8,200
Kabhi B,"Shahibaug, North Ahmedabad", North Ahmedabad,Ahmedabad,"Desserts,  Bakery and Confectionary,  Fast Food",3.6,8,200
Prithvi Restaurant,"Prithvi Hotel,Maninagar, East Ahmedabad", East Ahmedabad,Ahmedabad,"Multi-Cuisine,  North Indian,  Chinese,  Continental,  South Indian,  Barbecue",3.7,8,600
Balista,"Pramukh Cyprus,Gandhinagar, North Ahmedabad", North Ahmedabad,Ahmedabad,"Fast Food,  Pizza,  Italian",4.4,8,700
Dialogue Cafe,"Sector 35, West Chandigarh", West Chandigarh,Chandigarh,"Mexican,  European,  Fast Food",4.4,8,1000
O Chicken India - Oil Free Healthy Chicken,"Phase 5, Mohali", Mohali,Chandigarh,Health Food,4.5,8,1100
Shairana Cafe,"Chandigarh Road, Zirakpur", Zirakpur,Chandigarh,"Continental,  Asian",5,8,500
Beans n Brewers,"Phase 10, Mohali", Mohali,Chandigarh,"Italian,  Continental",4.6,8,400
Kali Coffee,"Sector 20, Panchkula", Panchkula,Chandigarh,"Fast Food,  Health Food,  Coffee",5,8,500
Bareilly Ki Barfi,"Sector 82, Mohali", Mohali,Chandigarh,"Multi-Cuisine,  North Indian,  Chinese,  South Indian,  Street Food",3.9,8,300
Benji Cafe,"Ambala Road, Zirakpur", Zirakpur,Chandigarh,"American,  Mexican,  Fast Food",3.4,8,800
Subway,"Zirakpur-Banur Highway, Zirakpur", Zirakpur,Chandigarh,Health Food,4.4,8,500
Planet Dailies,"Planet Hollywood Beach Resort,Salcette, South Goa", South Goa,Goa,"Multi-Cuisine,  North Indian,  Continental,  Seafood,  Asian",4.5,8,1800
Riverside,"The Leela Goa,Cavelossim, South Goa", South Goa,Goa,"Italian,  Continental,  Seafood",4.2,8,3100
The Restaurant,"The Leela Goa,Cavelossim, South Goa", South Goa,Goa,"Multi-Cuisine,  Italian,  Continental,  Seafood,  Asian,  Goan",4.1,8,3000
Coconut Grove,"Bogmallo Beach Resort,Bogmalo, South Goa", South Goa,Goa,"Goan,  North Indian,  Continental,  Seafood",3.2,8,2100
Palms n Sands,"Candolim, North Goa", North Goa,Goa,"North Indian,  Goan,  Oriental ,  Continental,  Seafood",4.1,8,1000
Noaa,"Candolim, North Goa", North Goa,Goa,"Asian,  Finger Food",4.7,8,2000
The Kitchen Table,"W Goa,Vagator, North Goa", North Goa,Goa,"North Indian,  Goan,  Continental",4.5,8,2700
The Buddy's Cafe,"Sodala, West Jaipur", West Jaipur,Jaipur,"North Indian,  Fast Food,  Chinese",4.2,8,700
Between The Brews,"Tonk Road, South Jaipur", South Jaipur,Jaipur,"North Indian,  Chinese,  Continental",3.8,8,1100
The Belgian Waffle Co,"Malviya Nagar, South Jaipur", South Jaipur,Jaipur,"Waffle,  Desserts",3.7,8,600
Buttercup Bungalow,"The Mall Avenue,Sadar Bazaar, Central Lucknow", Central Lucknow,Lucknow,"Desserts,  Fast Food,  Tea",4.7,8,1000
Awadh Biryani Family Restaurant,"Aliganj, North Lucknow", North Lucknow,Lucknow,Biryani,3.5,8,400
COD - Come On Dear,"South Tukoganj, East Indore", East Indore,Indore,Fast Food,3.1,8,600
Food Mahal,"Vijay Nagar, East Indore", East Indore,Indore,"North Indian,  Chinese,  Fast Food",3.4,8,500
Anand Shree Fruit Bonanza,"Vijay Nagar, East Indore", East Indore,Indore,"Chinese,  South Indian,  Fast Food,  Shakes,  Italian,  Street Food,  Desserts,  Ice Cream,  Pizza",3.5,8,600
Foogle,"Panchwati, Central Udaipur", Central Udaipur,Udaipur,"Italian,  Fast Food",4.3,8,500
Bikanervala,"Khandari, North Agra", North Agra,Agra,"Fast Food,  Mithai,  North Indian,  South Indian",3.8,8,600
Henry's The English Pub,"Radisson Hotel Agra Taj East Gate,Tajganj, East Agra", East Agra,Agra,Finger Food,4.8,8,1800
Eggxotica,"Diwalipura, West Vadodara", West Vadodara,Vadodara,Fast Food,4,8,400
Cafe Local,"Manjalpur, South Vadodara", South Vadodara,Vadodara,"Fast Food,  Coffee",4.5,8,300
Hotel Darshan Towers - Amantran Restaurant,"Gandhibagh, East Nagpur", East Nagpur,Nagpur,"North Indian,  Chinese,  Mughlai",3.8,8,1800
Spice Petals,"Vesu, South Surat", South Surat,Surat,North Indian,4.5,8,1200
Pure By Slurrp,"Vesu, South Surat", South Surat,Surat,"North Indian,  Health Food",4.2,8,1000
Red Flames Pizzaria,"Blue Point,Sarthana, East Surat", East Surat,Surat,"Fast Food,  Pizza,  Italian",4.5,8,900
Frontier,"Regenta Central Klassic,Model Town, South Ludhiana", South Ludhiana,Ludhiana,"North Indian,  Asian,  Fast Food",2.2,8,1500
Wok Singh,"Sarabha Nagar, West Ludhiana", West Ludhiana,Ludhiana,Chinese,4.8,8,800
Kake Da Hotel,"Rajinder Nagar, West Delhi", West Delhi,Delhi,North Indian,3.6,7,1000
Waffle Street,"Janakpuri, West Delhi", West Delhi,Delhi,"Desserts,  Shakes,  Waffle,  Fast Food",4.1,7,400
Tenali - The Andhra Kitchen,"Green Park, South Delhi", South Delhi,Delhi,"South Indian,  Andhra",4.6,7,800
Greenr Cafe,"Greater Kailash - 1, South Delhi", South Delhi,Delhi,"Continental,  Health Food",4,7,1400
The Passengers Bar Food & Drinks,"Kailash Colony, South Delhi", South Delhi,Delhi,"North Indian,  Fast Food",3.2,7,2000
Stop My Starvation,"Corner Market,Malviya Nagar, South Delhi", South Delhi,Delhi,"Desserts,  Fast Food,  Shakes,  Waffle",3.8,7,600
Kake Da Hotel,"Chittaranjan Park, South Delhi", South Delhi,Delhi,"North Indian,  Mughlai",4,7,1000
PapaJi & Sons,"Paschim Vihar, West Delhi", West Delhi,Delhi,"North Indian,  Chinese,  Continental,  Italian",4.1,7,900
Kylin Express,"Ambience Mall,Vasant Kunj, South Delhi", South Delhi,Delhi,"Chinese,  Asian",2.9,7,900
Sighri,"Vardhaman Complex,Janakpuri, West Delhi", West Delhi,Delhi,"North Indian,  Chinese,  Mughlai,  Oriental ",4.6,7,500
Bites and Brew,"Vikaspuri, West Delhi", West Delhi,Delhi,"Multi-Cuisine,  Italian,  Chinese,  Mexican",3.6,7,1000
Moti Mahal Delux,"Naveen Park,Rajendra Nagar, Ghaziabad", Ghaziabad,Ghaziabad,"North Indian,  Chinese",5,7,900
Shawarma Factory,"Jaipuria Sunrise Plaza,Indirapuram, Ghaziabad", Ghaziabad,Ghaziabad,"Lebanese,  Biryani",2.1,7,700
Taco Bell,"Vegas Mall,Dwarka, West Delhi", West Delhi,Delhi,"Mexican,  Tex Mex",3.8,7,500
Howdie Foodie,"Raj Nagar, Ghaziabad", Ghaziabad,Ghaziabad,"North Indian,  Chinese",4.2,7,1200
The Dim Sum House,"Super Mart 1,DLF Phase - 4, Gurgaon", Gurgaon,Gurgaon,"Chinese,  Thai,  Continental",4.5,7,800
Jacket Aloo,"Eros City Square,Sector 49, Gurgaon", Gurgaon,Gurgaon,Fast Food,4.4,7,600
Nosh & Beyond,"Marol, Andheri East", Andheri East,Mumbai,"Multi-Cuisine,  North Indian,  Continental,  European",4.8,7,1000
Golden Monk,"Andheri Lokhandwala, Andheri West", Andheri West,Mumbai,"Chinese,  Thai,  Seafood",4,7,1500
Kill No Kalorie,"Kulkarni CHS Building,Thane West, Thane", Thane,Mumbai,"Multi-Cuisine,  Italian,  Continental,  Mexican",5,7,900
Dewano Daa Dhaba,"Near Andheri West Station, Andheri West", Andheri West,Mumbai,"North Indian,  Awadhi",4.5,7,900
Wowfillss,"Kharghar, Navi Mumbai", Navi Mumbai,Mumbai,"Bakery and Confectionary,  Waffle,  Desserts,  Shakes",4,7,500
Balaji Food Junction,"Cosmos Jewels,Ghodbunder Road, Thane", Thane,Mumbai,"North Indian,  South Indian,  Chinese",4.1,7,400
Whatta Waffle!,"Hiranandani Estate,Thane West, Thane", Thane,Mumbai,"Desserts,  Waffle",4.3,7,300
Ayda Persian Kitchen,"Church Street, Central Bangalore", Central Bangalore,Bangalore,"Parsi,  Iranian,  North Indian,  Seafood,  Persian",3.8,7,800
Hotel Fishland,"Gandhi Nagar, West Bangalore", West Bangalore,Bangalore,"Coastal,  Seafood,  Konkani",4,7,500
Punjab Mail,"Malleshwaram Arcade,Malleshwaram, West Bangalore", West Bangalore,Bangalore,"North Indian,  Chinese",3.7,7,500
The Potbelly Divine,"Indiranagar, East Bangalore", East Bangalore,Bangalore,"Bihari,  Seafood",4.9,7,1800
Gokul Kuteera,"Indiranagar, East Bangalore", East Bangalore,Bangalore,"North Indian,  Chinese",3.8,7,700
Glen's Bakehouse,"Koramangala, South Bangalore", South Bangalore,Bangalore,"Multi-Cuisine,  Italian,  Continental,  Desserts,  Ice Cream,  Bakery and Confectionary",3.7,7,800
The T Cafe,"Indiranagar, East Bangalore", East Bangalore,Bangalore,"Street Food,  Fast Food,  Tea",4.3,7,400
Imperial Restaurant,"Mysore Road, West Bangalore", West Bangalore,Bangalore,"Chinese,  North Indian",4.3,7,800
House of Commons,"JP Nagar, South Bangalore", South Bangalore,Bangalore,"Finger Food,  North Indian,  Italian,  Continental",3.5,7,1400
Sharief Bhai,"Kalyan Nagar, North Bangalore", North Bangalore,Bangalore,"North Indian,  Mughlai",3.9,7,600
Frozen Bottle,"HSR Layout, South Bangalore", South Bangalore,Bangalore,"Shakes,  Desserts,  Ice Cream",4.7,7,400
Sichuan,"HSR Layout, South Bangalore", South Bangalore,Bangalore,"Asian,  Chinese,  Seafood",3.4,7,700
Vasudev Adiga's,"Sai Optamus Building,HSR Layout, South Bangalore", South Bangalore,Bangalore,"South Indian,  North Indian,  Chinese",2.7,7,500
Kanti Sweets,"Bellandur, South Bangalore", South Bangalore,Bangalore,"Mithai,  Desserts",4.3,7,500
Orbis Restaurant,"Nagawara, North Bangalore", North Bangalore,Bangalore,"North Indian,  Continental,  Chinese,  Arabian",4.4,7,800
Cake Dilim,"Doddanekundi, East Bangalore", East Bangalore,Bangalore,"Bakery and Confectionary,  Desserts",3,7,400
Frozenheit6,"Annapoorneshwari Nagar, West Bangalore", West Bangalore,Bangalore,"Desserts,  Ice Cream",3.4,7,500
Coal Spark,"HSR Layout, South Bangalore", South Bangalore,Bangalore,"North Indian,  Chinese,  Seafood,  Barbecue",3,7,900
Thanco's Natural Ice Cream,"Rajarajeshwari Nagar, West Bangalore", West Bangalore,Bangalore,"Ice Cream,  Desserts",3.6,7,400
Jaffa's Biryani,"Venkataswamy Building,Marathahalli, East Bangalore", East Bangalore,Bangalore,"North Indian,  Chinese,  Biryani",3.3,7,500
Waffle Stories,"Kundalahalli, East Bangalore", East Bangalore,Bangalore,"Desserts,  Ice Cream,  Waffle,  Fast Food,  Drinks",4.6,7,400
Gokul Veg,"Yelahanka, North Bangalore", North Bangalore,Bangalore,"North Indian,  Chinese",4.4,7,500
Tease,"Vivanta Bengaluru,Whitefield, East Bangalore", East Bangalore,Bangalore,Finger Food,3.7,7,2000
Burnout Cafe,"Kanakapura Road, South Bangalore", South Bangalore,Bangalore,"Coffee,  Continental,  American",3.9,7,600
Sulthan's Biryani,"Ashok Nagar, West Chennai", West Chennai,Chennai,"Chinese,  Biryani",2.8,7,700
Mandarin,"Gopalapuram, Central Chennai", Central Chennai,Chennai,"Chinese,  Seafood",3.5,7,500
The Verandah,"Taj Connemara,Anna Salai, Central Chennai", Central Chennai,Chennai,"Italian,  South Indian,  North Indian",4.7,7,3000
Superstar Pizza,"Egmore, North Chennai", North Chennai,Chennai,"Fast Food,  Pizza",4.1,7,500
Transit,"Periamet, North Chennai", North Chennai,Chennai,"Multi-Cuisine,  North Indian,  Chinese,  Continental",3.1,7,1000
NICO Asian Bar & Cafe,"Novotel Chennai OMR,Sholinganallur, South West Chennai", South West Chennai,Chennai,Continental,3.8,7,1500
Sauce O Cheese,"Selaiyur, South Chennai", South Chennai,Chennai,Fast Food,3.4,7,400
Rika,"Park Hyatt Hotel,Banjara Hills, Central East Hyderabad", Central East Hyderabad,Hyderabad,Asian,4.6,7,3400
The Living Room,"Park Hyatt Hotel,Banjara Hills, Central East Hyderabad", Central East Hyderabad,Hyderabad,"Desserts,  Bakery and Confectionary,  Coffee",4.1,7,1200
Shree Santosh Family Dhaba,"Madhapur, West Hyderabad", West Hyderabad,Hyderabad,"North Indian,  Chinese",3.6,7,500
Good Vibes Only Cafe,"Gachibowli, West Hyderabad", West Hyderabad,Hyderabad,"Italian,  Continental",4,7,1100
Wings N Pizza,"Suraram, Secunderabad", Secunderabad,Hyderabad,"Pizza,  Fast Food",3.5,7,300
Punjabi Affair,"Gachibowli, West Hyderabad", West Hyderabad,Hyderabad,"North Indian,  Chinese",4.4,7,800
Southern Spice,"Retro Drive In,Madhapur, West Hyderabad", West Hyderabad,Hyderabad,"South Indian,  Chinese",3.6,7,800
Cream Chemistry,"Manikonda, West Hyderabad", West Hyderabad,Hyderabad,"Desserts,  Ice Cream,  Shakes",4.3,7,400
Turquoise,"Le Meridien Hyderabad,Gachibowli, West Hyderabad", West Hyderabad,Hyderabad,"Multi-Cuisine,  North Indian,  Continental,  American,  Health Food",2.9,7,2000
The Arabian Mandi,"A S Rao Nagar, Secunderabad", Secunderabad,Hyderabad,Arabian,3.3,7,800
Sandwich Eatery,"Kondapur, West Hyderabad", West Hyderabad,Hyderabad,"Fast Food,  Shakes",4.3,7,500
Frozen Bottle,"L B Nagar, East Hyderabad", East Hyderabad,Hyderabad,"Shakes,  Desserts",4.7,7,300
The Bake Factory,"Lingampally, West Hyderabad", West Hyderabad,Hyderabad,"Italian,  Continental,  Desserts",4.7,7,700
Tanu's Kitchen,"Warje, South Pune", South Pune,Pune,"North Indian,  Maharashtrian",4,7,400
Raj Darbar,"Sinhagad Road, South Pune", South Pune,Pune,"North Indian,  Chinese,  Seafood,  Malvani",4.1,7,600
Swad Kitchen,"Akurdi, West Pune", West Pune,Pune,"North Indian,  Chinese,  Seafood,  Malvani",4.4,7,600
Mazzedar,"Nigdi, West Pune", West Pune,Pune,"North Indian,  Fast Food,  Chinese",4.5,7,600
Pokket Cafe,"Nigdi, West Pune", West Pune,Pune,"Fast Food,  Tea,  Shakes",2.9,7,400
Shivam Restaurant,"Kohinoor Grandeur,Ravet, West Pune", West Pune,Pune,"North Indian,  Mughlai,  Fast Food",4.4,7,800
Bake O Cake,"Kankurgachhi, East Kolkata", East Kolkata,Kolkata,"Desserts,  Bakery and Confectionary",4.4,7,400
Urbans Cafe,"Girish Park, North Kolkata", North Kolkata,Kolkata,Fast Food,4.4,7,500
Calcutta 4,"Shyambazar, North Kolkata", North Kolkata,Kolkata,"Fast Food,  Biryani",4.5,7,200
The Scoop,"City Centre 1,Salt Lake, East Kolkata", East Kolkata,Kolkata,"Chinese,  Continental,  Ice Cream,  Indian Cuisine",4.3,7,500
Dash of This and Dash of That,"City Centre 1,Salt Lake, East Kolkata", East Kolkata,Kolkata,"Chinese,  Seafood",4.3,7,2000
Uddta Punjab Dhaba,"Tangra, East Kolkata", East Kolkata,Kolkata,"North Indian,  Mughlai",2.5,7,800
Indus Pizza,"Kestopur, 24 Parganas North", 24 Parganas North,Kolkata,"Pizza,  Italian,  Fast Food",3.6,7,500
XSpicy,"Indismart Hotel,Salt Lake, East Kolkata", East Kolkata,Kolkata,"North Indian,  Chinese,  Continental",3.1,7,1300
Wow! Momo,"Shibpur, Howrah", Howrah,Kolkata,"Fast Food,  Tibetan",4.3,7,400
The Shake Factory,"New Alipore, South Kolkata", South Kolkata,Kolkata,"Shakes,  Desserts",3.9,7,400
Wow! China by Wow! Momo,"Metropolis Mall,Santoshpur, South Kolkata", South Kolkata,Kolkata,Chinese,3.6,7,500
Subway,"Rosedale Plaza,New Town, 24 Parganas North", 24 Parganas North,Kolkata,Health Food,4.5,7,400
Monginis,"Hooghly, North Kolkata", North Kolkata,Kolkata,"Desserts,  Bakery and Confectionary,  Fast Food",4.1,7,200
Cafe Skryf,"Prashad Tower,Ambawadi, West Ahmedabad", West Ahmedabad,Ahmedabad,"Bakery and Confectionary,  Coffee,  Pizza,  Tea,  Shakes",4.4,7,500
tandoorworkZ,"Ellis Bridge, Central Ahmedabad", Central Ahmedabad,Ahmedabad,"North Indian,  Chinese,  Continental,  Fast Food",5,7,1000
Hocco Eatery,"Sardar Center,Vastrapur, West Ahmedabad", West Ahmedabad,Ahmedabad,"Desserts,  Ice Cream,  Fast Food,  Shakes",3.9,7,500
Greenvita,"Kala Siddhi Appartments,Satellite, West Ahmedabad", West Ahmedabad,Ahmedabad,"Juice,  Shakes",4.8,7,400
Stuff's Food,"Rivera Arcade,Prahlad Nagar, West Ahmedabad", West Ahmedabad,Ahmedabad,North Indian,5,7,600
Hocco Eatery,"S G Highway, West Ahmedabad", West Ahmedabad,Ahmedabad,"Desserts,  Ice Cream,  Fast Food,  Shakes",3.5,7,500
New Egg World,"Gota, North Ahmedabad", North Ahmedabad,Ahmedabad,Fast Food,4.3,7,500
Sam's Pizza,"Empire Hub,Ghodasar, East Ahmedabad", East Ahmedabad,Ahmedabad,"Pizza,  Italian",3.9,7,600
1944 Restaurants-The HOCCO Kitchen,"Adalaj Gandhinagar, North Ahmedabad", North Ahmedabad,Ahmedabad,"North Indian,  Fast Food",4.8,7,1500
PunChin,"Hotel Cama,Sector 53, Mohali", Mohali,Chandigarh,"North Indian,  Chinese,  Continental",4.7,7,1600
Purple Frog,"Sector 9, Panchkula", Panchkula,Chandigarh,"North Indian,  Chinese,  Finger Food,  Continental",3.2,7,1500
Sublime,"Assagao, North Goa", North Goa,Goa,European,4.9,7,1800
Brewtown,"C Scheme, Central Jaipur", Central Jaipur,Jaipur,"Italian,  Fast Food",4.9,7,400
Mama Fu,"C Scheme, Central Jaipur", Central Jaipur,Jaipur,"Chinese,  Fast Food,  Seafood,  Asian",3.6,7,1000
Spice Art,"Sindhi Camp, Central Jaipur", Central Jaipur,Jaipur,"North Indian,  Chinese,  Fast Food",4.6,7,800
Pantheon,"Shakun Hotels and Resorts,C Scheme, Central Jaipur", Central Jaipur,Jaipur,"North Indian,  Continental,  Asian",4.7,7,2600
Rawat Restaurant,"Sindhi Camp, Central Jaipur", Central Jaipur,Jaipur,"North Indian,  Chinese,  Fast Food",4.4,7,800
Liquid House Lounge & Bar,"5 by OYO - Metropolitan,Bais Godam, Central Jaipur", Central Jaipur,Jaipur,Finger Food,4,7,1200
Esko Bar,"Grand Uniara Hotel,Narayan Singh Circle, East Jaipur", East Jaipur,Jaipur,Finger Food,4.2,7,1800
Market Place,"Radisson Blu Jaipur,Durgapura, South Jaipur", South Jaipur,Jaipur,"North Indian,  Continental",4,7,2200
Vegetarian By Choice,"World Trade Park,Malviya Nagar, South Jaipur", South Jaipur,Jaipur,"North Indian,  Chinese,  South Indian,  Street Food",2.7,7,600
180 Degree,"The Theme Hotel,Tonk Road, South Jaipur", South Jaipur,Jaipur,"North Indian,  Chinese,  Continental",4,7,1300
Head Light On Roof Top Bar,"The Theme Hotel,Tonk Road, South Jaipur", South Jaipur,Jaipur,Finger Food,3.8,7,1600
Orchid,"Fortune Park BBD,Hazratganj, Central Lucknow", Central Lucknow,Lucknow,"North Indian,  Continental,  Oriental ,  Fast Food",4.3,7,2600
Sugar & Spice,"Gomti Nagar, East Lucknow", East Lucknow,Lucknow,"Fast Food,  Shakes",2.9,7,400
New Lucknow Kitchen,"Aliganj, North Lucknow", North Lucknow,Lucknow,"North Indian,  Chinese",4.2,7,800
Cakes N Craft,"Sudama Nagar, South Indore", South Indore,Indore,"Bakery and Confectionary,  Desserts",4.1,7,500
Olive,"Kings Park Hotel,Bhanwar Kuan, South Indore", South Indore,Indore,"North Indian,  Chinese",2.4,7,1800
On Air,"New Palasia, Central Indore", Central Indore,Indore,North Indian,3.6,7,600
Tasty Sweets and Restaurant,"Nanda Nagar, North Indore", North Indore,Indore,"North Indian,  Chinese,  Fast Food",4.2,7,600
Frespresso,"Hotel Mangal Regency,Vijay Nagar, East Indore", East Indore,Indore,"Fast Food,  Coffee",4.8,7,700
Chai Kaapi,"Khajrana, East Indore", East Indore,Indore,"Fast Food,  Tea",2.9,7,400
Hunger Wings,"Tajganj, East Agra", East Agra,Agra,"North Indian,  Chinese",4.8,7,500
Raj Rasoi,"Kuberpur, East Agra", East Agra,Agra,"North Indian,  Fast Food",3.5,7,800
Mainland China,"Alkapuri, Central Vadodara", Central Vadodara,Vadodara,"Chinese,  Asian,  Seafood",3.8,7,1400
Cafe Bistro,"Akota, Central Vadodara", Central Vadodara,Vadodara,"Fast Food,  Shakes",4.2,7,700
The Pancake Story,"Akota, Central Vadodara", Central Vadodara,Vadodara,"Desserts,  Waffle",4.3,7,400
Poca The Global Dining,"Saiyed Vasna, West Vadodara", West Vadodara,Vadodara,"Italian,  Mexican,  Desserts",3.3,7,1300
Ziiro Restaurant & Cafe,"Waghodia, East Vadodara", East Vadodara,Vadodara,"Fast Food,  Shakes",4.5,7,700
The Cafe Barrel,"Dharampeth, West Nagpur", West Nagpur,Nagpur,"North Indian,  Chinese,  Fast Food",3.4,7,1300
Food Links,"Ayodhya Nagar, South Nagpur", South Nagpur,Nagpur,Fast Food,4.6,7,500
Food Links,"Manish Nagar, South Nagpur", South Nagpur,Nagpur,Fast Food,4.3,7,500
Seven Season,"Vesu, South Surat", South Surat,Surat,"Street Food,  Fast Food",4.2,7,300
Candle Light Date N Dine,"Raghuvir Business Park,Vesu, South Surat", South Surat,Surat,"North Indian,  Chinese",3.6,7,2000
K's Charcoal,"Piplod, South Surat", South Surat,Surat,"Italian,  Fast Food",4.4,7,600
Panorama,"Park Plaza Ludhiana,Gurdev Nagar, Central Ludhiana", Central Ludhiana,Ludhiana,"North Indian,  Continental",3.9,7,2500
Gyan's Vegetarian,"Civil Lines, Central Ludhiana", Central Ludhiana,Ludhiana,"North Indian,  Chinese",2.3,7,700
Wow! Momo,"Palate of Delhi,Dhaula Kuan, West Delhi", West Delhi,Delhi,"Fast Food,  Tibetan",4.5,6,400
Gourmet Greens,"Greater Kailash - 2, South Delhi", South Delhi,Delhi,"North Indian,  Chinese,  Continental",4.9,6,2000
My Spice Kitchen,"Chittaranjan Park, South Delhi", South Delhi,Delhi,"North Indian,  Mughlai,  Hyderabadi,  Biryani",4.2,6,1000
Subway,"DLF Mall of India,Sector 18, Noida", Noida,Noida,Health Food,5,6,500
Kake Da Hotel,"Paschim Vihar, West Delhi", West Delhi,Delhi,North Indian,4.6,6,1000
Fabcafe by Fabindia,"Starling Edge,Sector 104, Noida", Noida,Noida,"Health Food,  Modern Indian,  North Indian,  Continental",4.3,6,1200
Food Forest,"Chhatarpur, South Delhi", South Delhi,Delhi,"North Indian,  Chinese,  South Indian",4.5,6,500
Chatar Patar,"Uttam Nagar, West Delhi", West Delhi,Delhi,Fast Food,3.7,6,400
Halki Aanch,"The Shopping Mall,DLF Phase - 1, Gurgaon", Gurgaon,Gurgaon,"North Indian,  Oriental ",4,6,800
The Spice Route,"Crossings Republik, Ghaziabad", Ghaziabad,Ghaziabad,"North Indian,  Chinese",3.8,6,300
TNG Restaurant,"Kavi Nagar, Ghaziabad", Ghaziabad,Ghaziabad,"North Indian,  Chinese",4.6,6,1200
The Groove,"Sector 15, Gurgaon", Gurgaon,Gurgaon,"European,  Asian,  American",4.3,6,1700
Awesum Dimsum,"Sector 83, Gurgaon", Gurgaon,Gurgaon,Chinese,3.7,6,800
Tibbs Frankie,"R City Mall,Ghatkopar West, Central Suburbs", Central Suburbs,Mumbai,Fast Food,3.3,6,200
Food Rush,"Marol, Andheri East", Andheri East,Mumbai,"North Indian,  Chinese",4.3,6,800
Crrave N Eat,"JB Nagar, Andheri East", Andheri East,Mumbai,"Fast Food,  Italian,  Continental",4.3,6,800
Tsubaki,"Satra Plaza,Vashi, Navi Mumbai", Navi Mumbai,Mumbai,"North Indian,  Chinese",4.4,6,1200
Ministry of Crab,"Khar West, Bandra", Bandra,Mumbai,Seafood,4,6,3000
Sazio Fine Dine,"Moraj Palm Paradise,Sanpada, Navi Mumbai", Navi Mumbai,Mumbai,"Italian,  Chinese,  Continental",4.6,6,1500
Fire Bowl,"Oshiwara, North Western", North Western,Mumbai,"Chinese,  Seafood",3.6,6,800
Tibbs Frankie,"Inorbit Mall,Malad West, North Western", North Western,Mumbai,Fast Food,4.1,6,200
Zaiqaa,"Rajaram Estate,Dadar East, South Mumbai", South Mumbai,Mumbai,"North Indian,  Chinese,  Seafood,  Mughlai",3.8,6,800
Food Hub Family Restaurant,"Seawoods, Navi Mumbai", Navi Mumbai,Mumbai,"North Indian,  Chinese,  Fast Food",3.8,6,800
Chaayos - Meri Wali Chai,"Kamala Mills Compound,Lower Parel, South Mumbai", South Mumbai,Mumbai,Tea,4.3,6,500
Aromas Cafe & Bistro,"Indiabulls Finance Center,Lower Parel, South Mumbai", South Mumbai,Mumbai,"Italian,  Fast Food,  Desserts,  Coffee,  Tea",2.8,6,1500
Udupi Shri Krishna,"Kukreja Plaza,CBD-Belapur, Navi Mumbai", Navi Mumbai,Mumbai,"North Indian,  South Indian,  Chinese,  Fast Food",4.8,6,1000
99 Pancakes,"Borivali West, North Western", North Western,Mumbai,"Bakery and Confectionary,  Desserts,  Fast Food,  Shakes",4,6,500
Mad Over Donuts,"Dombivli East, Dombivali", Dombivali,Mumbai,"Desserts,  Doughnuts,  Waffle",4.5,6,450
Relish Cherish,"Hill Spring building,Thane West, Thane", Thane,Mumbai,"Multi-Cuisine,  North Indian,  Italian,  Continental,  Thai,  Seafood,  Oriental ",4.8,6,800
Tibbs Frankie,"Breach Candy, South Mumbai", South Mumbai,Mumbai,Fast Food,4,6,300
Wah! Malwan,"Kalyan West, Dombivali", Dombivali,Mumbai,"North Indian,  Malvani,  Chinese",3.3,6,1200
Dolci,"Cunningham Road, Central Bangalore", Central Bangalore,Bangalore,"Italian,  Desserts,  Coffee",4.7,6,800
Dindigul Thalappakatti,"Brigade Road, Central Bangalore", Central Bangalore,Bangalore,"South Indian,  Biryani,  North Indian,  Chinese",3.2,6,800
The Lobby Brew,"Conrad Hotel,Ulsoor, Central Bangalore", Central Bangalore,Bangalore,"Italian,  Continental,  North Indian",4.7,6,2700
Imperial Restaurant,"Vasanth Nagar, Central Bangalore", Central Bangalore,Bangalore,"Chinese,  North Indian,  Mughlai",3,6,800
Paakashala,"Indiranagar, East Bangalore", East Bangalore,Bangalore,"North Indian,  Chinese",4.6,6,600
The Waffles Hut,"KHB Commercial Complex,Koramangala, South Bangalore", South Bangalore,Bangalore,"Waffle,  Desserts",4.8,6,400
Kanti Sweets,"Jayanagar, South Bangalore", South Bangalore,Bangalore,"Mithai,  Desserts",4,6,500
Shaap,"Indiranagar, East Bangalore", East Bangalore,Bangalore,"Kerala,  Seafood",3.8,6,600
Sriracha Robata & Contemporary Pan Asian Dining,"Indiranagar, East Bangalore", East Bangalore,Bangalore,"Asian,  Barbecue,  Chinese",4.5,6,1200
Kanti Sweets,"Banashankari, South Bangalore", South Bangalore,Bangalore,"Mithai,  Desserts",4,6,500
Thanco's Natural Ice Cream,"Husain Plaza,RT Nagar, North Bangalore", North Bangalore,Bangalore,"Ice Cream,  Desserts",3.1,6,400
Gawky Goose,"Murugeshpalya, East Bangalore", East Bangalore,Bangalore,"European,  Asian",4.5,6,3000
Gallop Bar,"Davanam Sarovar Portico Suites,Koramangala, South Bangalore", South Bangalore,Bangalore,"Multi-Cuisine,  North Indian,  Italian,  Continental,  Thai,  Japanese",4.2,6,2400
Waffle Stories,"Orion Mall,Rajajinagar, West Bangalore", West Bangalore,Bangalore,"Desserts,  Ice Cream,  Waffle,  Fast Food,  Drinks",3.9,6,400
Mani's Dum Biryani,"Koramangala, South Bangalore", South Bangalore,Bangalore,Biryani,4.5,6,700
Stoned Monkey,"New BEL Road, North Bangalore", North Bangalore,Bangalore,"Desserts,  Ice Cream",4.2,6,400
Kunafa Lounge,"Koramangala, South Bangalore", South Bangalore,Bangalore,"Desserts,  Drinks",1,6,400
Drunken Monkey,"JP Nagar, South Bangalore", South Bangalore,Bangalore,"Juice,  Fast Food",5,6,500
Churn,"New BEL Road, North Bangalore", North Bangalore,Bangalore,"Desserts,  Ice Cream",4.8,6,400
Stoned Monkey,"JP Nagar, South Bangalore", South Bangalore,Bangalore,"Desserts,  Ice Cream",4.2,6,400
Copper Pebble,"New BEL Road, North Bangalore", North Bangalore,Bangalore,"North Indian,  Chinese,  Seafood",3.3,6,800
La Utsav,"Grand Mercure Bengaluru at Gopalan Mall,Old Madras Road, East Bangalore", East Bangalore,Bangalore,"Multi-Cuisine,  North Indian,  Italian,  Continental,  South Indian,  Asian",4.3,6,2000
Mani's Dum Biryani,"HSR Layout, South Bangalore", South Bangalore,Bangalore,Biryani,4.1,6,700
Trishna,"Banaswadi, North Bangalore", North Bangalore,Bangalore,"South Indian,  Andhra,  North Indian",4.3,6,600
Leon Grill,"Agastya Arcade,New BEL Road, North Bangalore", North Bangalore,Bangalore,"Mexican,  Burger,  Fast Food",1.3,6,600
Tamarind Tree Top and Garden restaurant,"Ramamurthy Nagar, East Bangalore", East Bangalore,Bangalore,"North Indian,  Chinese,  South Indian",4.3,6,1200
Chef Baker's,"Hebbal, North Bangalore", North Bangalore,Bangalore,"Bakery and Confectionary,  Desserts,  Fast Food",3.8,6,600
New Prashanth Hotel Nati Style,"Nagarbhavi, West Bangalore", West Bangalore,Bangalore,"North Indian,  Andhra,  Chinese,  South Indian,  Seafood",4.5,6,700
Big Bite,"Rajarajeshwari Nagar, West Bangalore", West Bangalore,Bangalore,"North Indian,  Chinese,  Fast Food",3.9,6,300
Chef Baker's,"Marathahalli, East Bangalore", East Bangalore,Bangalore,"Bakery and Confectionary,  Desserts,  Fast Food",4,6,600
Brews N Bites,"Bannerghatta Road, South Bangalore", South Bangalore,Bangalore,"Chinese,  Fast Food,  Coffee,  Drinks",3.7,6,800
Vasudev Adiga's,"Kanakapura Road, South Bangalore", South Bangalore,Bangalore,"South Indian,  North Indian,  Chinese",3.2,6,500
Flavours,"Radha Hometel Hotel,Whitefield, East Bangalore", East Bangalore,Bangalore,"Multi-Cuisine,  North Indian,  Chinese,  Continental,  South Indian",4.1,6,1000
W XYZ Bar,"Aloft Hotel,Whitefield, East Bangalore", East Bangalore,Bangalore,Finger Food,4.8,6,1000
The Seventh Kingdom,"Electronic City, South Bangalore", South Bangalore,Bangalore,North Indian,3,6,700
Peachy's Cafe,"Sarjapur Road, South Bangalore", South Bangalore,Bangalore,Fast Food,4.7,6,500
Lily Restaurant,"Royal Lotus View,Chikkajala, North Bangalore", North Bangalore,Bangalore,North Indian,4.1,6,700
Millet Maagic Meal,"Alwarpet, Central Chennai", Central Chennai,Chennai,"South Indian,  Health Food",5,6,300
Havmor Havfunn,"Egmore, North Chennai", North Chennai,Chennai,"Desserts,  Ice Cream",4,6,200
Hotel Saravana Bhavan,"Mylapore, Central Chennai", Central Chennai,Chennai,"South Indian,  North Indian,  Chinese",3.7,6,600
No. 926,"Abu Sarovar Portico,Kilpauk, North Chennai", North Chennai,Chennai,"Multi-Cuisine,  North Indian,  Chinese,  Continental,  South Indian",3.8,6,1200
Hotel Saravana Bhavan,"Anna Nagar, North Chennai", North Chennai,Chennai,"South Indian,  North Indian,  Chinese",3.8,6,600
Hotel Saravana Bhavan,"Perungudi, South West Chennai", South West Chennai,Chennai,"South Indian,  North Indian,  Chinese",3.6,6,600
Four Square,"Best Western Ashoka,Lakdi-Ka-Pul, Central Hyderabad", Central Hyderabad,Hyderabad,"North Indian,  Chinese,  Continental,  South Indian",3.4,6,1200
Hari Dosa,"Ameerpet, Central East Hyderabad", Central East Hyderabad,Hyderabad,"South Indian,  Street Food,  Fast Food,  Desserts,  Ice Cream,  Shakes",3,6,300
Almond House,"SD Road, Secunderabad", Secunderabad,Hyderabad,"Mithai,  Desserts",4.7,6,500
Kesariya's Sweets,"Madhapur, West Hyderabad", West Hyderabad,Hyderabad,"Desserts,  Mithai,  Street Food,  Chaat",4,6,200
Mexico's Chicken Poppers,"Manikonda, West Hyderabad", West Hyderabad,Hyderabad,Fast Food,4.3,6,500
Harley's Fine Baking,"Nagole, East Hyderabad", East Hyderabad,Hyderabad,"Continental,  Desserts",4.6,6,500
Le Café,"Novotel Hyderabad Convention Centre,Hitech City, West Hyderabad", West Hyderabad,Hyderabad,"Desserts,  Fast Food,  Coffee",3.9,6,1000
Fly Rooftop Lounge,"Kapra, Secunderabad", Secunderabad,Hyderabad,"Italian,  Continental,  Fast Food",4.3,6,1000
Musine Garden Restaurant,"Sainikpuri, Secunderabad", Secunderabad,Hyderabad,"North Indian,  Mughlai,  Fast Food",4,6,800
House Of Dosas,"Ratna Arcade,Kompally, Secunderabad", Secunderabad,Hyderabad,South Indian,4,6,300
Bikanervala,"Shamshabad, South Hyderabad", South Hyderabad,Hyderabad,"Multi-Cuisine,  North Indian,  Chinese,  Continental,  South Indian,  Street Food,  Desserts,  Ice Cream,  Shakes",4.6,6,1100
Sandwich Express,"Vrindavan Society,Koregaon Park, East Pune", East Pune,Pune,"Fast Food,  Juice",4.2,6,300
Hotel Vishranti,"Vishrantwadi, East Pune", East Pune,Pune,"North Indian,  Chinese",3.2,6,600
Atithi,"Kalyani Nagar, East Pune", East Pune,Pune,"North Indian,  Chinese,  Continental,  Barbecue",3.6,6,1200
Bottoms Up,"Bhosari, West Pune", West Pune,Pune,"North Indian,  Chinese,  Continental",4.2,6,1000
The Mocktail Den,"Patang Plaza,Katraj, South Pune", South Pune,Pune,"Fast Food,  Pizza,  Burger",3.7,6,200
Bunkers Kitchen,"Kharadi, East Pune", East Pune,Pune,"North Indian,  Chinese",4.8,6,800
The Sugarr and Spice,"Maniktala, North Kolkata", North Kolkata,Kolkata,"Desserts,  Bakery and Confectionary",3.5,6,300
Subway,"Lake Town, East Kolkata", East Kolkata,Kolkata,"Health Food,  Fast Food",4.3,6,400
Wow! Momo,"B B D Bagh, Central Kolkata", Central Kolkata,Kolkata,"Fast Food,  Tibetan",3.8,6,400
The Shake Factory,"Arihant Benchmark,Topsia, East Kolkata", East Kolkata,Kolkata,"Shakes,  Fast Food",4.1,6,400
Sam's Pub,"Park Street, Central Kolkata", Central Kolkata,Kolkata,"North Indian,  Chinese,  Continental",3.4,6,1300
Just Fries,"Bhawanipur, South Kolkata", South Kolkata,Kolkata,"Ice Cream,  Fast Food",4,6,300
The Sugarr and Spice,"Bhawanipur, South Kolkata", South Kolkata,Kolkata,"Desserts,  Bakery and Confectionary,  Fast Food",3.2,6,300
Zold,"Southern Avenue, South Kolkata", South Kolkata,Kolkata,"Italian,  Continental,  Mediterranean",3.6,6,1000
FNP Cakes ‘n’ more,"Golpark, South Kolkata", South Kolkata,Kolkata,"Desserts,  Bakery and Confectionary",3.3,6,500
La Komida,"Kalikapur, South Kolkata", South Kolkata,Kolkata,"Italian,  Mexican,  Asian,  North Indian,  Continental",4.9,6,800
Khanti Damodaar Seth,"Behala, South Kolkata", South Kolkata,Kolkata,"Bengali,  North Indian",4.3,6,700
Falashin Juices And Dishes,"Maple Trade Center,Thaltej, West Ahmedabad", West Ahmedabad,Ahmedabad,"Fast Food,  Health Food,  Shakes",3.3,6,700
Mirch Masala,"Sola, North Ahmedabad", North Ahmedabad,Ahmedabad,"North Indian,  Mughlai",4.2,6,800
Upsouth,"4D Square Mall,Motera, North Ahmedabad", North Ahmedabad,Ahmedabad,South Indian,3.5,6,500
Mysore Express,"Nikol, East Ahmedabad", East Ahmedabad,Ahmedabad,South Indian,5,6,200
Shakti - The Sandwich Shop,"Odhav, East Ahmedabad", East Ahmedabad,Ahmedabad,Fast Food,4.4,6,400
Shree Marutinandan,"Naroda, North Ahmedabad", North Ahmedabad,Ahmedabad,"Multi-Cuisine,  North Indian,  Chinese,  Gujarati",3.8,6,700
Chaayos,"Sector 8, East Chandigarh", East Chandigarh,Chandigarh,"Tea,  Fast Food",4.5,6,500
Chaayos,"Hotel Aroma,Sector 22, Central Chandigarh", Central Chandigarh,Chandigarh,"Tea,  Fast Food",3.4,6,500
D Buzz,"Sector 8, East Chandigarh", East Chandigarh,Chandigarh,"North Indian,  Fast Food,  Pizza",2.9,6,600
Swaadedesi,"Sector 35, West Chandigarh", West Chandigarh,Chandigarh,"Street Food,  Chaat",4.8,6,300
Cheezy Delight Pizza,"Phase 5, Mohali", Mohali,Chandigarh,"Fast Food,  Pizza,  Italian",4.6,6,600
GOAT,"Sector 8, Panchkula", Panchkula,Chandigarh,"North Indian,  Italian,  Mexican,  Finger Food",3.7,6,1000
Mr. Singh's Kitchen,"Sector 20, Panchkula", Panchkula,Chandigarh,"North Indian,  Chinese",4.1,6,500
Rolls Mania,"VIP Road, Zirakpur", Zirakpur,Chandigarh,Fast Food,4.8,6,300
Peace,"The Park,Calangute, North Goa", North Goa,Goa,"Multi-Cuisine,  North Indian,  Italian,  Chinese,  Continental",3.8,6,1700
Pablo,"C Scheme, Central Jaipur", Central Jaipur,Jaipur,"North Indian,  Oriental ",3,6,1900
Marigold,"Golden Tulip,Mirza Ismail Road, West Jaipur", West Jaipur,Jaipur,"North Indian,  Continental,  Oriental ",3.8,6,2000
House Of Beans,"C Scheme, Central Jaipur", Central Jaipur,Jaipur,"Italian,  Fast Food",3.8,6,600
Krystal Bar,"Hilton Hotel,Bais Godam, Central Jaipur", Central Jaipur,Jaipur,Finger Food,2.5,6,3200
The Belgian Waffle Co,"Vaishali Nagar, West Jaipur", West Jaipur,Jaipur,"Waffle,  Desserts",3.5,6,600
Marky Momos,"Chitrakoot, West Jaipur", West Jaipur,Jaipur,"Fast Food,  Chinese",3.9,6,600
Atsui Pan Asian - Radisson Blu Jaipur,"Radisson Blu Jaipur,Durgapura, South Jaipur", South Jaipur,Jaipur,"Asian,  Chinese,  Thai,  Japanese,  Korean",4.8,6,2500
The Clove,"Grand Maple,Sitapura, South Jaipur", South Jaipur,Jaipur,"North Indian,  Fast Food,  Chinese",4,6,1300
Awadh Biryani,"Aliganj, North Lucknow", North Lucknow,Lucknow,Biryani,4.3,6,300
Boozer's Bar,"Dwarkapuri, South Indore", South Indore,Indore,"North Indian,  Chinese,  Finger Food",1.8,6,1400
Chicago Pizza,"Navneet Tower,Old Palasia, Central Indore", Central Indore,Indore,"Italian,  Pizza",3.9,6,800
Veg Bites,"Chandra Nagar, North Indore", North Indore,Indore,"Fast Food,  Chinese",3.4,6,600
The Lounge Bar,"Hotel Amar Vilas,Chandra Nagar, North Indore", North Indore,Indore,"North Indian,  Chinese",3,6,1500
Quick Meal by FUNDORE,"Rau, South Indore", South Indore,Indore,"North Indian,  Chinese",4.5,6,500
Foodgram Cafe,"Ayad Rural, East Udaipur", East Udaipur,Udaipur,"North Indian,  Italian,  Chinese",4,6,700
Ranaji,"Fateh Sagar, West Udaipur", West Udaipur,Udaipur,"North Indian,  Chinese",3.7,6,1100
Fatman & Co,"Khandari, North Agra", North Agra,Agra,"North Indian,  Italian,  Continental",4.6,6,500
Berco's,"Tajganj, East Agra", East Agra,Agra,"Chinese,  Thai",4.6,6,1300
Bouffage,"Tajganj, East Agra", East Agra,Agra,"North Indian,  Italian,  Oriental ,  Seafood",4.5,6,1000
Thor - The Party World,"Tajganj, East Agra", East Agra,Agra,"Italian,  Continental,  North Indian",3.9,6,1600
Urban Brewery,"Diwalipura, West Vadodara", West Vadodara,Vadodara,"Fast Food,  Coffee,  Italian",4.7,6,600
So South,"Diwalipura, West Vadodara", West Vadodara,Vadodara,South Indian,3.7,6,400
Mad Over Grills,"Manjalpur, South Vadodara", South Vadodara,Vadodara,"North Indian,  Chinese",3.5,6,700
Marwari Food Corner,"Manjalpur, South Vadodara", South Vadodara,Vadodara,"North Indian,  South Indian,  Chinese,  Fast Food",4,6,400
AU 79,"Hotel Gangakashi,Sitabuldi, Central Nagpur", Central Nagpur,Nagpur,"North Indian,  Chinese,  Continental",4.3,6,1200
Maddtowns Sports Restrobar,"Mohan Nagar, North Nagpur", North Nagpur,Nagpur,Fast Food,4.3,6,200
Orbiyo Natural Icecreams,"Balaji Arcade,Manish Nagar, South Nagpur", South Nagpur,Nagpur,"Desserts,  Ice Cream",4.6,6,200
Tandoori Heights,"The Legend Inn,Wardha Road, South Nagpur", South Nagpur,Nagpur,North Indian,4.5,6,1300
Malhar Dhosa,"Adajan Patiya, West Surat", West Surat,Surat,South Indian,4.5,6,400
Basant,"Civil Lines, Central Ludhiana", Central Ludhiana,Ludhiana,"North Indian,  Fast Food",4.1,6,500
Iron Chef,"Sarabha Nagar, West Ludhiana", West Ludhiana,Ludhiana,"Italian,  Spanish,  Oriental ",3.6,6,800
JD Theatre Cafe,"Ashok Vihar Phase - 1, North Delhi", North Delhi,Delhi,Fast Food,4.7,5,500
Cafe Junk,"Mayur Vihar Phase - 2, East Delhi", East Delhi,Delhi,"Fast Food,  Shakes",4.6,5,500
Bread and More,"Greater Kailash - 1, South Delhi", South Delhi,Delhi,"Desserts,  Bakery and Confectionary,  Fast Food",3.4,5,700
Hale And Hearty,"Hauz Khas, South Delhi", South Delhi,Delhi,North Indian,4.3,5,400
Tandoori Brothers,"Malviya Nagar, South Delhi", South Delhi,Delhi,"North Indian,  Fast Food",5,5,800
Yangkiez,"Malviya Nagar, South Delhi", South Delhi,Delhi,"Chinese,  Asian,  Fast Food,  Tibetan",4.6,5,500
Tossin Pizza,"Sector 50, Noida", Noida,Noida,"Pizza,  Italian",4,5,800
The Sky Boat,"Galaxy Plaza,Gaur CIty 1, NCR Greater Noida", NCR Greater Noida,Noida,"North Indian,  Fast Food",5,5,600
JALSA Indian & Ladakhi Kitchen,"DLF Galleria Market,DLF Phase - 4, Gurgaon", Gurgaon,Gurgaon,"Oriental ,  Tibetan,  North Indian",3.8,5,1000
Asian Wok,"Galleria Shopping Centre,Powai, Powai", Powai,Mumbai,"Asian,  Chinese,  Thai,  Seafood",3.8,5,800
Pokket Cafe,"Ghatkopar West, Central Suburbs", Central Suburbs,Mumbai,Fast Food,4.2,5,500
Ganga,"M.I.D.C, Andheri East", Andheri East,Mumbai,"North Indian,  Chinese,  Street Food",2.9,5,500
1 By Two,"Mahakali, Andheri East", Andheri East,Mumbai,"North Indian,  Chinese,  Fast Food",1.9,5,900
Blisss,"Airoli, Navi Mumbai", Navi Mumbai,Mumbai,Bakery and Confectionary,4.8,5,300
Coriander Kitchen And Bar,"Willows Tower,Mulund West, Central Suburbs", Central Suburbs,Mumbai,"Chinese,  Oriental ,  North Indian",3,5,1100
The Atrangii House,"Airoli, Navi Mumbai", Navi Mumbai,Mumbai,"North Indian,  Chinese,  Mughlai",4.4,5,2000
New York Burrito Company,"Oshiwara, North Western", North Western,Mumbai,Mexican,4.2,5,600
Aditi Fast Food,"Malad West, North Western", North Western,Mumbai,"North Indian,  Chinese,  South Indian",3.7,5,500
Chaayos - Meri Wali Chai,"Viviana Mall,Thane West, Thane", Thane,Mumbai,Tea,3.8,5,500
Uttar Dakshin Veg Treat,"Vasant Vihar, Thane", Thane,Mumbai,"North Indian,  Chinese,  South Indian,  Shakes",4.1,5,900
Chaayos - Meri Wali Chai,"Nerul, Navi Mumbai", Navi Mumbai,Mumbai,Tea,4.8,5,500
99 Pancakes,"Raj Arcade,Kandivali West, North Western", North Western,Mumbai,"Bakery and Confectionary,  Desserts,  Fast Food,  Shakes",4,5,500
Makhna,"Seawoods, Navi Mumbai", Navi Mumbai,Mumbai,North Indian,3.2,5,1700
RamKrishna Palace,"CBD-Belapur, Navi Mumbai", Navi Mumbai,Mumbai,"Multi-Cuisine,  North Indian,  Italian,  Chinese,  South Indian",4.7,5,800
Cheezzo By Pi,"Bhoomi Towers,Kharghar, Navi Mumbai", Navi Mumbai,Mumbai,"Italian,  Fast Food",4.6,5,300
Kafe ATM,"Borivali West, North Western", North Western,Mumbai,"North Indian,  Continental,  Lebanese,  Fast Food",4.9,5,800
Chaayos - Meri Wali Chai,"The Walk,Thane West, Thane", Thane,Mumbai,Tea,4.6,5,500
99 Pancakes,"Bhoomi Towers,Kharghar, Navi Mumbai", Navi Mumbai,Mumbai,"Bakery and Confectionary,  Desserts,  Fast Food,  Shakes",2.8,5,500
Mr. Grill,"Kasarvadavali, Thane", Thane,Mumbai,"North Indian,  Chinese,  Seafood,  Mughlai",4.1,5,1000
Express Tadka,"Venkat Presidency Hotel,Panvel, Navi Mumbai", Navi Mumbai,Mumbai,"North Indian,  Chinese,  Seafood",3.6,5,1500
Go Native,"Lavelle Road, Central Bangalore", Central Bangalore,Bangalore,"Fast Food,  Health Food",4.8,5,800
Aqua Grill,"Fortune Select JP Cosmos,Cunningham Road, Central Bangalore", Central Bangalore,Bangalore,"Continental,  Seafood",3.2,5,1500
Taco Bell,"Mantri Square Mall,Malleshwaram, West Bangalore", West Bangalore,Bangalore,"Mexican,  Tex Mex",4.8,5,500
Mumbai Xpress,"Koramangala, South Bangalore", South Bangalore,Bangalore,"Street Food,  Fast Food",4.3,5,300
Rahham's International,"Frazer Town, North Bangalore", North Bangalore,Bangalore,"North Indian,  Chinese",2.1,5,600
Savoury Business Hotel,"Hosur Road, South Bangalore", South Bangalore,Bangalore,"Arabian,  North Indian,  Chinese,  Kerala,  Fast Food",4.6,5,1000
Makers Of Milkshakes,"Koramangala, South Bangalore", South Bangalore,Bangalore,"Desserts,  Shakes",2.8,5,400
Stoned Monkey,"Banashankari, South Bangalore", South Bangalore,Bangalore,"Desserts,  Ice Cream",3.6,5,400
Kanti Sweets,"Kammanahalli, North Bangalore", North Bangalore,Bangalore,"Mithai,  Desserts",4.6,5,500
Caravan Restaurant,"Kammanahalli, North Bangalore", North Bangalore,Bangalore,"North Indian,  Chinese,  Arabian",3.8,5,700
Frozenheit6,"Rajajinagar, West Bangalore", West Bangalore,Bangalore,"Desserts,  Ice Cream",3,5,500
Cream Artisan,"BTM Layout, South Bangalore", South Bangalore,Bangalore,"Desserts,  Ice Cream,  Fast Food",4.1,5,600
Lassi Corner,"Basaveshwara Nagar, West Bangalore", West Bangalore,Bangalore,"Desserts,  Ice Cream,  Drinks,  Fast Food",1.7,5,300
Kanti Sweets,"CV Raman Nagar, East Bangalore", East Bangalore,Bangalore,"Mithai,  Desserts",3.6,5,500
Kanti Sweets,"Kaggadasapura, East Bangalore", East Bangalore,Bangalore,"Mithai,  Desserts",4.2,5,500
Basil Bistro,"HSR Layout, South Bangalore", South Bangalore,Bangalore,"Italian,  Continental,  North Indian,  Chinese",5,5,1000
Go Italia,"HSR Layout, South Bangalore", South Bangalore,Bangalore,"Italian,  Pizza",4.4,5,800
Thanco's Natural Ice Cream,"Banaswadi, North Bangalore", North Bangalore,Bangalore,"Ice Cream,  Desserts",3.2,5,400
Barbeque Delight,"Bommanahalli, South Bangalore", South Bangalore,Bangalore,"Multi-Cuisine,  Chinese,  South Indian,  Seafood,  Arabian,  Kerala,  Biryani",3.9,5,700
T2 Tasty Table Cafe,"HSR Layout, South Bangalore", South Bangalore,Bangalore,"North Indian,  Street Food",2.9,5,400
Stoned Monkey,"HSR Layout, South Bangalore", South Bangalore,Bangalore,"Desserts,  Ice Cream",3.8,5,400
Sichuan,"Bellandur, South Bangalore", South Bangalore,Bangalore,"Chinese,  Asian",5,5,800
Kanti Sweets,"Mahadevapura, East Bangalore", East Bangalore,Bangalore,"Mithai,  Desserts",5,5,500
Petoo,"Sahakara Nagar, North Bangalore", North Bangalore,Bangalore,"North Indian,  Street Food,  Chaat",4.8,5,800
Thanco's Natural Ice Cream,"Sahakara Nagar, North Bangalore", North Bangalore,Bangalore,"Ice Cream,  Desserts",3.9,5,400
Cake Dilim,"Mahadevapura, East Bangalore", East Bangalore,Bangalore,"Bakery and Confectionary,  Desserts",3.6,5,400
Kanti Sweets,"Marathahalli, East Bangalore", East Bangalore,Bangalore,"Mithai,  Desserts",4.2,5,500
California Burrito,"Bellandur, South Bangalore", South Bangalore,Bangalore,"Mexican,  Fast Food",4.4,5,500
Dindigul Thalappakatti,"Marathahalli, East Bangalore", East Bangalore,Bangalore,"South Indian,  Biryani,  North Indian,  Chinese,  Seafood",4.5,5,800
Pavratha,"Bellandur, South Bangalore", South Bangalore,Bangalore,North Indian,4.1,5,400
Elixir Kitchen & Bar,"KR Inn,KR Puram, East Bangalore", East Bangalore,Bangalore,"North Indian,  Chinese",4.6,5,600
Cafe At The Atelier,"Sarjapur Road, South Bangalore", South Bangalore,Bangalore,"Continental,  Italian,  Finger Food",3.9,5,600
Chaat Street,"Whitefield, East Bangalore", East Bangalore,Bangalore,"Street Food,  Chaat",4.1,5,200
Nandi Upachar,"Devanahalli, North Bangalore", North Bangalore,Bangalore,South Indian,4,5,400
Empire Restaurant,"Somanahalli, Mysore Highway", Mysore Highway,Bangalore,"North Indian,  Kerala,  South Indian,  Seafood,  Biryani",4.1,5,700
Chennai Kulfi,"Aminjikarai, North Chennai", North Chennai,Chennai,"Desserts,  Ice Cream,  Fast Food",3.7,5,200
Eating Circles,"Alwarpet, Central Chennai", Central Chennai,Chennai,South Indian,4.4,5,300
Waf Bites,"Iyyapanthangal, West Chennai", West Chennai,Chennai,"Desserts,  Waffle",4.8,5,300
The Fruit Bowl Co.,"Royapettah, Central Chennai", Central Chennai,Chennai,Health Food,5,5,400
Pulp Fiction,"Purasavakkam, North Chennai", North Chennai,Chennai,"Juice,  Shakes,  Fast Food",4.3,5,400
Roll Over,"Anna Nagar, North Chennai", North Chennai,Chennai,"Desserts,  Fast Food,  Shakes",3.8,5,400
The Cake Shop,"The Leela Palace,MRC Nagar, Central Chennai", Central Chennai,Chennai,"Desserts,  Bakery and Confectionary",4.7,5,1000
The Alcove,"Besant Nagar, South Chennai", South Chennai,Chennai,"Continental,  Fast Food,  Italian",4.1,5,1000
Dindigul Thalappakatti,"Ambattur, North Chennai", North Chennai,Chennai,"Multi-Cuisine,  North Indian,  Chinese,  South Indian,  Biryani",3.7,5,700
Regos Cafe,"Tambaram West, South West Chennai", South West Chennai,Chennai,Fast Food,4.8,5,300
Makers Of Milkshakes," Sri Nagar Colony, Central East Hyderabad", Central East Hyderabad,Hyderabad,"Shakes,  Waffle",4.2,5,400
Almond House,"Lingapur Building,Himayath Nagar, Central Hyderabad", Central Hyderabad,Hyderabad,"Mithai,  Desserts",5,5,500
Shri Santosh Family Dhaba,"Banjara Hills, Central East Hyderabad", Central East Hyderabad,Hyderabad,"North Indian,  Chinese",2.6,5,600
Salt & Pepper,"The Central Court Hotel,Lakdi-Ka-Pul, Central Hyderabad", Central Hyderabad,Hyderabad,"North Indian,  Chinese,  Continental",2.8,5,1500
Kumbakarnas Restaurant,"Tarnaka, East Hyderabad", East Hyderabad,Hyderabad,"North Indian,  South Indian,  Hyderabadi,  Andhra",4,5,600
1989 Milkshakes,"Dilsukh Nagar, East Hyderabad", East Hyderabad,Hyderabad,"Fast Food,  Pizza,  Desserts,  Shakes",5,5,600
Pot Belly,"Yapral, Secunderabad", Secunderabad,Hyderabad,"Chinese,  Fast Food",4.6,5,600
New Chaitanya Restaurant,"Nagole, East Hyderabad", East Hyderabad,Hyderabad,"North Indian,  South Indian,  Chinese,  Biryani",3,5,500
1989 Pizza & Thick Shakes,"Uppal, East Hyderabad", East Hyderabad,Hyderabad,"Italian,  Fast Food,  Pizza,  Shakes",4.7,5,600
Dark Stone,"L B Nagar, East Hyderabad", East Hyderabad,Hyderabad,"Ice Cream,  Desserts,  Shakes",4,5,400
Southern Kitchen,"Hotel Swagath Grand,Hafeezpet, West Hyderabad", West Hyderabad,Hyderabad,South Indian,3.7,5,900
Tandoor Restaurant & Bakers,"Shameerpet, Secunderabad", Secunderabad,Hyderabad,"North Indian,  Chinese",3.2,5,600
H2O Sports Bar and Rooftop,"Hinjewadi, West Pune", West Pune,Pune,"North Indian,  Mughlai,  Oriental ,  Chinese,  Seafood",5,5,1500
Aha! Baangali,"Viman Nagar, East Pune", East Pune,Pune,"Bengali,  Seafood,  Desserts",4.9,5,700
Swades Veg-Non Veg,"Viman Nagar, East Pune", East Pune,Pune,"North Indian,  Maharashtrian",4.3,5,800
Cafe Freddo,"Sinhagad Road, South Pune", South Pune,Pune,"Fast Food,  Italian",3.8,5,600
Savlahari Mastani and Pot Ice Cream,"Hadapsar, East Pune", East Pune,Pune,"Desserts,  Ice Cream",4.5,5,300
Annapurna Pure Veg,"Hadapsar, East Pune", East Pune,Pune,"North Indian,  Chinese",4.3,5,600
Chai Shai - The Tea Cafe,"Kharadi, East Pune", East Pune,Pune,"Tea,  Fast Food",3.2,5,300
Spice It,"Hotel Ibis,Hinjewadi, West Pune", West Pune,Pune,"North Indian,  Italian,  Continental,  Seafood",3.1,5,1200
Wow! Momo,"Ultadanga, North Kolkata", North Kolkata,Kolkata,"Fast Food,  Tibetan",3.9,5,400
Wow! Momo,"Sealdah, North Kolkata", North Kolkata,Kolkata,"Fast Food,  Tibetan",3.7,5,400
Be Kebabii,"Entally, Central Kolkata", Central Kolkata,Kolkata,"North Indian,  Mughlai",4.4,5,400
Kaidi Kitchen,"Camac Street, Central Kolkata", Central Kolkata,Kolkata,"North Indian,  Continental,  Pizza",4.4,5,1600
50 Shades,"Park Street, Central Kolkata", Central Kolkata,Kolkata,"North Indian,  Chinese",4.8,5,800
Krazy For Chocolates,"Bangur Avenue, 24 Parganas North", 24 Parganas North,Kolkata,"Desserts,  Bakery and Confectionary",4.4,5,300
The Burger Factory,"Park Street, Central Kolkata", Central Kolkata,Kolkata,"Italian,  Chinese,  Burger,  North Indian,  Fast Food",2.7,5,700
Cafe Connect,"Elgin Road, South Kolkata", South Kolkata,Kolkata,"North Indian,  Italian,  Chinese",4.3,5,600
Royal China Restaurant & Lounge,"Elgin Road, South Kolkata", South Kolkata,Kolkata,Cantonese,4.8,5,2000
Koyla Cafe Lounge,"Ballygunge, South Kolkata", South Kolkata,Kolkata,"Italian,  Chinese",3.7,5,800
The Shake Factory,"Elgin Road, South Kolkata", South Kolkata,Kolkata,Shakes,4.8,5,400
Cocoa Bakery,"Ballygunge, South Kolkata", South Kolkata,Kolkata,"Desserts,  Bakery and Confectionary",4.6,5,500
Red Bamboo Shoot,"Ballygunge, South Kolkata", South Kolkata,Kolkata,"Chinese,  Oriental ",3.2,5,800
Eat Out,"Topsia, East Kolkata", East Kolkata,Kolkata,"North Indian,  Chinese",3.6,5,500
Ridhi Sidhi,"Chowringhee, Central Kolkata", Central Kolkata,Kolkata,"Italian,  Chinese,  South Indian",2.4,5,700
Sholo Ana Bangali,"Saltee Tech Park,Salt Lake, East Kolkata", East Kolkata,Kolkata,"Bengali,  Seafood",3.4,5,600
THE ORIZZONTE,"Kasba, South Kolkata", South Kolkata,Kolkata,"Multi-Cuisine,  North Indian,  Italian,  Chinese,  Continental",3.5,5,2200
Coffee N Mood,"Hindustan Park, South Kolkata", South Kolkata,Kolkata,"Coffee,  Tea",2.5,5,400
Kafe Kolorob,"Rajarhat, 24 Parganas North", 24 Parganas North,Kolkata,Fast Food,4.5,5,300
Chai Addaa,"Prince Anwar Shah Road, South Kolkata", South Kolkata,Kolkata,"Tea,  Desserts",4,5,500
Balaram Mullick and Radharaman Mullick Sweets,"Prince Anwar Shah Road, South Kolkata", South Kolkata,Kolkata,"Desserts,  Mithai,  Bakery and Confectionary",4.3,5,400
Krazy For Chocolates,"City Centre 2, New Town,Rajarhat, 24 Parganas North", 24 Parganas North,Kolkata,"Desserts,  Bakery and Confectionary",3.7,5,300
Wow! Momo,"Santoshpur, South Kolkata", South Kolkata,Kolkata,"Fast Food,  Tibetan",3.4,5,400
Neptune,"Howrah, Howrah", Howrah,Kolkata,Finger Food,3.2,5,1300
Krazzy for Waffle,"Garia, South Kolkata", South Kolkata,Kolkata,"Desserts,  Waffle,  Shakes",4.4,5,400
Wow! Momo,"Garia, South Kolkata", South Kolkata,Kolkata,"Fast Food,  Tibetan",3.8,5,400
Monginis,"Thakurpukur, South Kolkata", South Kolkata,Kolkata,"Desserts,  Bakery and Confectionary,  Fast Food",1,5,200
Azad Hind Dhaba,"Howrah, Howrah", Howrah,Kolkata,North Indian,4.1,5,800
Azad Hind Dhaba,"Hooghly, North Kolkata", North Kolkata,Kolkata,North Indian,4.5,5,800
Birmies,"Antriksh Complex,Ambawadi, West Ahmedabad", West Ahmedabad,Ahmedabad,"North Indian,  Chinese,  Italian,  Mexican",4,5,600
Roastery Cultur,"Bodakdev, West Ahmedabad", West Ahmedabad,Ahmedabad,"Coffee,  Fast Food",4.8,5,600
Pizza Tune,"Jyoti Plaza,Satellite, West Ahmedabad", West Ahmedabad,Ahmedabad,"Pizza,  Italian,  Fast Food",3.2,5,400
Legends Of Punjab,"Silver Radiance,Bodakdev, West Ahmedabad", West Ahmedabad,Ahmedabad,North Indian,4.5,5,1000
Gwalia Sweets,"Venus Atlantis Business Park,Prahlad Nagar, West Ahmedabad", West Ahmedabad,Ahmedabad,"Mithai,  North Indian,  Chinese,  Street Food",3.6,5,500
La'Freno Pizza,"Shivalik Yash Complex,Naranpura, North Ahmedabad", North Ahmedabad,Ahmedabad,"Fast Food,  Pizza",4.2,5,500
The Chocolate Room,"Naranpura, North Ahmedabad", North Ahmedabad,Ahmedabad,"Desserts,  Coffee,  Ice Cream,  Fast Food,  Shakes",2.8,5,500
Hotel Moti Mahal,"Sarkhej, West Ahmedabad", West Ahmedabad,Ahmedabad,"North Indian,  Chinese,  Continental,  Seafood,  Fast Food",4.4,5,800
Crush Coffee,"Bodakdev, West Ahmedabad", West Ahmedabad,Ahmedabad,Coffee,2.8,5,300
Pizza Zone,"Aishwarya Complex,Maninagar, East Ahmedabad", East Ahmedabad,Ahmedabad,"Pizza,  Italian,  Fast Food",2.6,5,500
Gwalia Sweets,"4D Square Mall,Motera, North Ahmedabad", North Ahmedabad,Ahmedabad,"Mithai,  North Indian,  Chinese,  Street Food",4.2,5,500
William John's Pizza,"Sparsh Arcade,Chandkheda, North Ahmedabad", North Ahmedabad,Ahmedabad,"Pizza,  Desserts,  Ice Cream,  Drinks",3.5,5,500
Mansar Coffee,"Sector 10, North Chandigarh", North Chandigarh,Chandigarh,"Italian,  Continental,  Fast Food,  Coffee",4.1,5,1100
Get Desserted,"Sector 8, East Chandigarh", East Chandigarh,Chandigarh,"Desserts,  Ice Cream",4.1,5,400
Roll Xpress,"Sector 15, North Chandigarh", North Chandigarh,Chandigarh,Fast Food,2.9,5,300
Pizza Garh,"Sector 30, South Chandigarh", South Chandigarh,Chandigarh,"Pizza,  Italian",3.6,5,300
Soya Hub,"Sector 37, West Chandigarh", West Chandigarh,Chandigarh,Fast Food,1.6,5,300
Curry N Kebab,"Mansa Devi Complex,Sector 5, Panchkula", Panchkula,Chandigarh,"North Indian,  Chinese",4.4,5,1000
World Food Centre,"Phase 10, Mohali", Mohali,Chandigarh,"North Indian,  Fast Food",3.8,5,900
Angels & Grail,"Phase 9, Mohali", Mohali,Chandigarh,"North Indian,  Chinese,  Oriental ,  Seafood",4.1,5,1000
Tibits,"Kharar road, Mohali", Mohali,Chandigarh,"North Indian,  South Indian,  Chinese",4.2,5,700
The Brewmaster,"Kharar road, Mohali", Mohali,Chandigarh,Finger Food,4.6,5,1500
Subway,"Sector 20, Panchkula", Panchkula,Chandigarh,Health Food,4.8,5,500
Snakkers,"Kharar road, Mohali", Mohali,Chandigarh,Fast Food,4.8,5,500
Nagpal Dhaba,"VIP Road, Zirakpur", Zirakpur,Chandigarh,"North Indian,  Chinese",2.6,5,600
Cremeux,"Navelim, South Goa", South Goa,Goa,"Italian,  Fast Food,  Desserts",3.8,5,800
The Wine Spring - Wine Bistro & Deli,"C Scheme, Central Jaipur", Central Jaipur,Jaipur,"North Indian,  Continental",3,5,1200
Kalyan Rooftop And Indoor Restaurant,"Gopalbari, North Jaipur", North Jaipur,Jaipur,"North Indian,  Chinese,  South Indian",3,5,1000
COCO - Coffee and Company,"Bani Park, Central Jaipur", Central Jaipur,Jaipur,"Finger Food,  Coffee",4.7,5,400
Safa,"Golden Tulip,Mirza Ismail Road, West Jaipur", West Jaipur,Jaipur,Finger Food,3.6,5,1800
Dolce,"Raja Park, East Jaipur", East Jaipur,Jaipur,"Italian,  Desserts,  Fast Food",3.7,5,1200
GVD Soni's Cafe,"Vaishali Nagar, West Jaipur", West Jaipur,Jaipur,"Chinese,  Fast Food,  Italian",3.6,5,600
TVG - The Vegetarian Grill,"Amer Road, North Jaipur", North Jaipur,Jaipur,"North Indian,  Italian,  Oriental ",4.1,5,900
The Momoz Hub,"GT Central Mall,Malviya Nagar, South Jaipur", South Jaipur,Jaipur,"Chinese,  Tibetan,  Fast Food",5,5,500
Brown Sugar Quick,"Malviya Nagar, South Jaipur", South Jaipur,Jaipur,Fast Food,3.4,5,600
Swad Anusar,"Malviya Nagar, South Jaipur", South Jaipur,Jaipur,"North Indian,  Mughlai",3.9,5,800
Funeats,"Treasure Island Mall,South Tukoganj, East Indore", East Indore,Indore,"North Indian,  Chinese,  Continental,  Italian",3.9,5,800
Beeji Bar and Restaurant,"Rampurawala Building,South Tukoganj, East Indore", East Indore,Indore,"North Indian,  Chinese",1.5,5,1400
Harmony's Restaurant,"South Tukoganj, East Indore", East Indore,Indore,"North Indian,  Chinese,  Fast Food",4.6,5,700
The Backyard Bowl,"Indore By Pass Road, East Indore", East Indore,Indore,"North Indian,  Chinese,  Continental",3.5,5,1000
Ring Road Social,"Nipania, East Indore", East Indore,Indore,"North Indian,  Continental,  American,  Asian",4.2,5,2000
Zest,"Papaya Tree Hotel,Rau, South Indore", South Indore,Indore,"North Indian,  Italian,  Chinese,  Fast Food",3.8,5,1700
Occasion,"Hotel Amar Vilas,Chandra Nagar, North Indore", North Indore,Indore,"Desserts,  Bakery and Confectionary",4.1,5,500
Tealogy,"Airen Heights,Vijay Nagar, East Indore", East Indore,Indore,"Fast Food,  Tea",3.9,5,300
Wah Ji Wah,"Shekhar Planet,Vijay Nagar, East Indore", East Indore,Indore,"North Indian,  Chinese",3.7,5,700
CakeSmith's Alley,"Vijay Nagar, East Indore", East Indore,Indore,"Fast Food,  Desserts,  Bakery and Confectionary",1.8,5,600
Chai Kaapi,"Vijay Nagar, East Indore", East Indore,Indore,"Fast Food,  Tea",3.4,5,400
La Foret - The Forest Cafe,"Indore By Pass Road, East Indore", East Indore,Indore,"Fast Food,  Shakes",4.8,5,600
Bakerywala,"Vijay Nagar, East Indore", East Indore,Indore,"North Indian,  Fast Food,  Italian,  Chinese,  South Indian",3.2,5,500
Tasty Foods,"Vijay Nagar, East Indore", East Indore,Indore,"North Indian,  Chinese,  South Indian,  Fast Food",4.6,5,700
The Silver Dining,"Indore By Pass Road, East Indore", East Indore,Indore,"North Indian,  Chinese",4.6,5,800
Bal Bal To,"Shobhagpura, West Udaipur", West Udaipur,Udaipur,"North Indian,  Chinese,  Fast Food",2.3,5,700
Kitchen on Fire,"Sanjay Place, Central Agra", Central Agra,Agra,"North Indian,  Chinese,  Continental",4.4,5,1100
Kings Spoon,"Sikandra, North Agra", North Agra,Agra,"North Indian,  Chinese,  Continental",4.8,5,500
Filmy Zayka,"Hotel Alleviate,Mantola, Central Agra", Central Agra,Agra,"North Indian,  Chinese",2.2,5,1500
C'est Chine,"Jaypee Palace Hotel & Convention Centre,Tajganj, East Agra", East Agra,Agra,Chinese,4.4,5,3000
Raju Omlet Centre,"Alkapuri, Central Vadodara", Central Vadodara,Vadodara,Street Food,5,5,300
Wok My Way,"Alkapuri Shopping Centre,Alkapuri, Central Vadodara", Central Vadodara,Vadodara,"Chinese,  Thai",3.4,5,700
Parampara Restaurant,"Hotel Yuvraj,Sayajiganj, Central Vadodara", Central Vadodara,Vadodara,"Multi-Cuisine,  North Indian,  Chinese,  South Indian,  Gujarati,  Fast Food",2.8,5,500
William John's Pizza,"Kendranagar, East Vadodara", East Vadodara,Vadodara,"Fast Food,  Pizza",3.9,5,500
Spice House,"Kendranagar, East Vadodara", East Vadodara,Vadodara,"Chinese,  North Indian",4.6,5,400
Icing On The Cake,"Dharampeth, West Nagpur", West Nagpur,Nagpur,"Italian,  Continental,  Bakery and Confectionary,  Desserts,  Fast Food",3,5,900
Feliz Cafe,"Regenta Central Hotel & Convention Centre,Nandanvan, East Nagpur", East Nagpur,Nagpur,"North Indian,  Italian,  Continental",4.3,5,1400
Dublin 88 - The Irish Hub,"Vayu Sena, West Nagpur", West Nagpur,Nagpur,"North Indian,  Continental",3.6,5,1300
Sizzling Bite,"Icon Business Center,Piplod, South Surat", South Surat,Surat,"North Indian,  Italian,  Chinese,  Fusion",1.6,5,1400
99 Pancakes,"Western Business Park,Vesu, South Surat", South Surat,Surat,"Desserts,  Waffle,  Fast Food",3.3,5,600
Mr.Dhokla,"Adajan Gam, West Surat", West Surat,Surat,"Gujarati,  Street Food",4.1,5,200
Shree Nav Durga Sandwiches,"Aastha Corporate Capital,Vesu, South Surat", South Surat,Surat,Fast Food,3.3,5,500
Nareshbhai Bhelwala,"Begampura, North Surat", North Surat,Surat,"Street Food,  Fast Food",3.2,5,400
The Crow Bar,"Silver Arc Mall,Gurdev Nagar, Central Ludhiana", Central Ludhiana,Ludhiana,"North Indian,  Italian,  Oriental ,  Finger Food",5,5,1500
The Chocolate Room,"Sarabha Nagar, West Ludhiana", West Ludhiana,Ludhiana,"Italian,  Mexican,  Fast Food,  Desserts",3.1,5,800
Talli Station,"Naraina, West Delhi", West Delhi,Delhi,"North Indian,  Chinese,  Fast Food",5,4,1500
TBK Kulcha's,"Janakpuri, West Delhi", West Delhi,Delhi,"Street Food,  Fast Food",4.5,4,500
Ama Thakali,"Majnu ka Tila, North Delhi", North Delhi,Delhi,Nepalese,4.3,4,600
Sardar-Ji-Bakhsh Coffee & Co.,"Panchsheel Park, South Delhi", South Delhi,Delhi,"Fast Food,  Coffee,  Desserts",5,4,500
Otik Cake Shop,"Rajouri Garden, West Delhi", West Delhi,Delhi,"Fast Food,  Bakery and Confectionary,  Desserts,  Shakes",5,4,500
AlKauser,"Punjabi Bagh, West Delhi", West Delhi,Delhi,"Mughlai,  North Indian",3.4,4,800
Shaolin,"Malviya Nagar, South Delhi", South Delhi,Delhi,"Chinese,  Seafood,  Fast Food,  Tibetan",3.6,4,800
MOC - The American Restaurant,"Mayur Vihar Phase - 3, East Delhi", East Delhi,Delhi,"American,  Burger,  Fast Food",3,4,400
Mr. Confectioner,"Pride Plaza Hotel Aerocity,Aerocity, South Delhi", South Delhi,Delhi,Bakery and Confectionary,4.8,4,1000
Channi Pishori Chicken,"Vikaspuri, West Delhi", West Delhi,Delhi,"Chinese,  Mughlai,  Fast Food",4.8,4,400
Unifrost Cafe,"MG Road, South Delhi", South Delhi,Delhi,"Desserts,  Coffee,  Fast Food,  Pizza",4.4,4,700
Cheese And More - The Kitchen,"Charmwood Village, Faridabad", Faridabad,Noida,"Fast Food,  Continental,  European,  American",5,4,800
PUBG Foodcity,"Uttam Nagar, West Delhi", West Delhi,Delhi,"Fast Food,  Chinese",3,4,400
Crepe-Fe,"Ardee City, Gurgaon", Gurgaon,Gurgaon,"Desserts,  Fast Food",5,4,400
Bizibean,"South Point Mall,DLF Phase - 5, Gurgaon", Gurgaon,Gurgaon,"Fast Food,  Coffee,  Tea",4.9,4,500
Pehle Chai,"Sushant Lok, Gurgaon", Gurgaon,Gurgaon,Tea,4.3,4,400
Sagar Ratna,"Sector 135, Noida", Noida,Noida,"South Indian,  North Indian,  Chinese",3.8,4,900
Kathi Cartel,"Super Mart 1,DLF Phase - 4, Gurgaon", Gurgaon,Gurgaon,"Fast Food,  North Indian,  Lebanese",2,4,700
The Brew Bar,"Radisson Gurugram Udyog Vihar,Udyog Vihar, Gurgaon", Gurgaon,Gurgaon,"Multi-Cuisine,  North Indian,  Italian,  Chinese,  Continental",4.2,4,2200
Chaayos,"Sector 14, Gurgaon", Gurgaon,Gurgaon,"Street Food,  Tea,  Fast Food",4.4,4,500
Chaayos,"Ardee Mall,Ardee City, Gurgaon", Gurgaon,Gurgaon,"Street Food,  Tea,  Fast Food",3.3,4,500
Dagrooz,"Sapphire 83 Mall,Sector 83, Gurgaon", Gurgaon,Gurgaon,"Multi-Cuisine,  North Indian,  Chinese",4.4,4,700
Beans & Creme,"Radisson MIDC,Near Andheri East Station, Andheri East", Andheri East,Mumbai,"Desserts,  Bakery and Confectionary",4.3,4,700
Little Asia,"Mahakali, Andheri East", Andheri East,Mumbai,"Asian,  Chinese,  Thai,  Burmese,  Malaysian",3.9,4,800
Shree Laxmi Sagar,"Vishwakarma Baug,Vile Parle West, Andheri West", Andheri West,Mumbai,"North Indian,  Chinese,  South Indian,  Fast Food",3.5,4,500
Elementaria Bakery Cafe,"Tian Building,Juhu, Andheri West", Andheri West,Mumbai,"Desserts,  Fast Food",3.6,4,800
Roll Me Crazy,"Bandra West, Bandra", Bandra,Mumbai,"Continental,  Fast Food",4.7,4,800
Wanton House,"Near Andheri West Station, Andheri West", Andheri West,Mumbai,"North Indian,  Asian,  Seafood,  Fast Food",4.1,4,900
Cafe Waffles Coffee & More,"Versova, Andheri West", Andheri West,Mumbai,"Desserts,  Coffee,  Drinks",4.4,4,300
Boojee Cafe,"Rays House CHS,Bandra West, Bandra", Bandra,Mumbai,"Fast Food,  Coffee",5,4,800
Nomada,"Near Andheri West Station, Andheri West", Andheri West,Mumbai,"American,  Fast Food",3.6,4,1500
Tibbs Frankie,"Kandivali East, North Western", North Western,Mumbai,Fast Food,4.3,4,500
New Food Junxion,"Mira Road, North Western", North Western,Mumbai,"North Indian,  Chinese,  Fast Food",4.4,4,500
99 Pancakes,"Charni Road, South Mumbai", South Mumbai,Mumbai,"Bakery and Confectionary,  Desserts,  Fast Food,  Shakes",1.3,4,500
Kanti Sweets,"St Patrick's Church Complex,Brigade Road, Central Bangalore", Central Bangalore,Bangalore,"Mithai,  Desserts",4.2,4,500
Lassi House,"Commercial Street, Central Bangalore", Central Bangalore,Bangalore,"Street Food,  Shakes,  Desserts",5,4,300
Imperial Restaurant,"Shivaji Nagar, Central Bangalore", Central Bangalore,Bangalore,"Chinese,  North Indian,  Mughlai",3.7,4,800
Sugar & Spice,"TAJ MG Road Bengaluru,MG Road, Central Bangalore", Central Bangalore,Bangalore,"Desserts,  Bakery and Confectionary",3.6,4,700
Kanti Sweets,"Malleshwaram, West Bangalore", West Bangalore,Bangalore,"Mithai,  Desserts",4.8,4,500
Indotalian II Cafe,"Sadashiva Nagar, North Bangalore", North Bangalore,Bangalore,Fast Food,4.7,4,600
Khan Saheb Grills and Rolls,"Mantri Square Mall,Malleshwaram, West Bangalore", West Bangalore,Bangalore,"North Indian,  Fast Food",2.9,4,600
Kanti Sweets,"Indiranagar, East Bangalore", East Bangalore,Bangalore,"Mithai,  Desserts",4,4,500
Frozen Bottle,"Koramangala, South Bangalore", South Bangalore,Bangalore,"Shakes,  Desserts,  Ice Cream",5,4,400
Empire Restaurant,"The Forum Mall,Koramangala, South Bangalore", South Bangalore,Bangalore,"North Indian,  Kerala,  South Indian,  Seafood,  Biryani",3.6,4,700
Waffle Stories,"Orion East Mall,Banaswadi, North Bangalore", North Bangalore,Bangalore,"Desserts,  Ice Cream,  Waffle,  Fast Food,  Drinks",4.8,4,400
Gelateria Montecatini Terme,"Indiranagar, East Bangalore", East Bangalore,Bangalore,"Desserts,  Ice Cream,  Assamese",4.3,4,300
Imperial Restaurant,"Koramangala, South Bangalore", South Bangalore,Bangalore,"Chinese,  North Indian,  Mughlai",3.1,4,800
Frozen Bottle,"Indiranagar, East Bangalore", East Bangalore,Bangalore,"Shakes,  Desserts,  Ice Cream",3.5,4,400
Kanti Sweets,"SNS Arcade,Murugeshpalya, East Bangalore", East Bangalore,Bangalore,"Mithai,  Desserts",4.3,4,500
Just Shawarma,"Basaveshwara Nagar, West Bangalore", West Bangalore,Bangalore,Lebanese,3.5,4,300
Budapest Bake Inn,"BTM Layout, South Bangalore", South Bangalore,Bangalore,"Fast Food,  Desserts",3.6,4,700
Kanti Sweets,"Mathikere, North Bangalore", North Bangalore,Bangalore,"Mithai,  Desserts",3.9,4,500
Spicy Platter,"BTM Layout, South Bangalore", South Bangalore,Bangalore,"North Indian,  Chinese,  Andhra,  Biryani",3.3,4,400
Checkpost,"JP Nagar, South Bangalore", South Bangalore,Bangalore,"North Indian,  Chinese,  South Indian",3.5,4,600
Laziz Pizza,"Vijay Nagar, West Bangalore", West Bangalore,Bangalore,"Pizza,  Fast Food",4.4,4,500
AQNI,"HBR layout, North Bangalore", North Bangalore,Bangalore,"North Indian,  Mughlai",3.3,4,500
Kanti Sweets,"PGR Tower,HSR Layout, South Bangalore", South Bangalore,Bangalore,"Mithai,  Desserts",5,4,500
Kanti Sweets,"Sobha Arcade,Bannerghatta Road, South Bangalore", South Bangalore,Bangalore,"Mithai,  Desserts",3.6,4,500
Ice Stone,"HSR Layout, South Bangalore", South Bangalore,Bangalore,"Desserts,  Ice Cream",4.7,4,400
The Urban Gully,"HSR Layout, South Bangalore", South Bangalore,Bangalore,"North Indian,  Fast Food,  Chinese,  Drinks",3.6,4,600
Kanti Sweets,"Jalahalli, North Bangalore", North Bangalore,Bangalore,"Mithai,  Desserts",4.3,4,500
Leon Grill,"Sahakara Nagar, North Bangalore", North Bangalore,Bangalore,"Mexican,  Burger,  Fast Food",5,4,600
Cafe Kabana,"Bannerghatta Road, South Bangalore", South Bangalore,Bangalore,"Continental,  Chinese",2.8,4,700
U.S. Pizza,"Beereshwara Shopping Complex,Ramamurthy Nagar, East Bangalore", East Bangalore,Bangalore,"Pizza,  Fast Food",2.9,4,600
Chef Baker's,"Marathahalli, East Bangalore", East Bangalore,Bangalore,"Bakery and Confectionary,  Desserts,  Fast Food",4.8,4,600
Black Velvet,"Bellandur, South Bangalore", South Bangalore,Bangalore,"Andhra,  Fast Food,  Finger Food",3.5,4,800
Ashwa,"Nagarbhavi, West Bangalore", West Bangalore,Bangalore,"North Indian,  Chinese,  Seafood,  Biryani",2.9,4,500
Cake Dilim,"Marathahalli, East Bangalore", East Bangalore,Bangalore,"Bakery and Confectionary,  Desserts",4.5,4,400
Koel's Pizzeria,"Hennur, North Bangalore", North Bangalore,Bangalore,"Pizza,  Italian",4.8,4,400
Dilli Da Dhaba,"Rajarajeshwari Nagar, West Bangalore", West Bangalore,Bangalore,"North Indian,  Chinese",4,4,500
Cake Dilim,"Kasavanahalli, South Bangalore", South Bangalore,Bangalore,"Bakery and Confectionary,  Desserts",2.9,4,400
Royal Calcutta,"Marathahalli, East Bangalore", East Bangalore,Bangalore,"Bengali,  North Indian,  Chinese",4.8,4,400
Cake Dilim,"Sarjapur Road, South Bangalore", South Bangalore,Bangalore,"Bakery and Confectionary,  Desserts",2.7,4,400
Kanti Sweets,"Electronic City, South Bangalore", South Bangalore,Bangalore,"Mithai,  Desserts",5,4,500
Hotel Godavari,"Brookefields, East Bangalore", East Bangalore,Bangalore,"North Indian,  Chinese",3.2,4,500
The Daily,"Electronic City, South Bangalore", South Bangalore,Bangalore,"North Indian,  Chinese",4.8,4,600
California Burrito,"Sarjapur Road, South Bangalore", South Bangalore,Bangalore,"Mexican,  Fast Food",3.2,4,500
Desi Khana,"Whitefield, East Bangalore", East Bangalore,Bangalore,North Indian,4.5,4,300
The Deli,"The Den Bengaluru,Whitefield, East Bangalore", East Bangalore,Bangalore,"Bakery and Confectionary,  Desserts",4.5,4,1100
Lassi Corner,"Varthur, East Bangalore", East Bangalore,Bangalore,"Desserts,  Ice Cream,  Drinks,  Fast Food",1.7,4,300
Gourmet,"Electronic City, South Bangalore", South Bangalore,Bangalore,"North Indian,  Italian,  Chinese,  Continental,  South Indian",4.7,4,1000
Nandi Upachar,"Kempegowda International Airport ,Devanahalli, North Bangalore", North Bangalore,Bangalore,South Indian,4.6,4,400
Murugan Idli Shop,"Kilpauk, North Chennai", North Chennai,Chennai,South Indian,3.9,4,300
Hotel Saravana Bhavan,"Adyar, South Chennai", South Chennai,Chennai,"South Indian,  North Indian,  Chinese",3.7,4,600
Hotel Saravana Bhavan,"Egmore, North Chennai", North Chennai,Chennai,"South Indian,  North Indian,  Chinese",3.4,4,600
Hotel Saravana Bhavan,"Purasavakkam, North Chennai", North Chennai,Chennai,"South Indian,  North Indian,  Chinese",3.6,4,600
MilkyWay,"Egmore, North Chennai", North Chennai,Chennai,"Ice Cream,  Fast Food,  Shakes",1,4,400
Dindigul Thalappakatti,"Park Town, North Chennai", North Chennai,Chennai,"Multi-Cuisine,  North Indian,  Chinese,  South Indian,  Biryani",3.8,4,700
Parfait,"Velachery, South West Chennai", South West Chennai,Chennai,"Italian,  Desserts,  Bakery and Confectionary",3.4,4,600
Makers Of Milkshakes,"Perambur, North Chennai", North Chennai,Chennai,"Shakes,  Waffle,  Fast Food",2.9,4,300
Spicezen - Absolute Veg Restaurant,"Chromepet, South West Chennai", South West Chennai,Chennai,"North Indian,  Street Food,  Fast Food",4.4,4,600
Ideal Garden Restaurant,"Mahabalipuram, South Chennai", South Chennai,Chennai,"Multi-Cuisine,  North Indian,  Chinese,  Continental",2.8,4,1000
Taco Bell,"L and T Mall,Panjagutta, Central East Hyderabad", Central East Hyderabad,Hyderabad,"Mexican,  Tex Mex",4.3,4,500
Country Oven,"Ameerpet, Central East Hyderabad", Central East Hyderabad,Hyderabad,"Desserts,  Fast Food,  Bakery and Confectionary,  Italian,  Chinese",5,4,800
Manu Bakers Delight,"Begumpet, Secunderabad", Secunderabad,Hyderabad,"Bakery and Confectionary,  Fast Food",4.7,4,400
Santosh Family Dhaba,"Kamala Towers,Begumpet, Secunderabad", Secunderabad,Hyderabad,"North Indian,  Chinese",5,4,800
Express By AB's,"Banjara Hills, Central East Hyderabad", Central East Hyderabad,Hyderabad,"North Indian,  Barbecue",3.8,4,600
Mid Land Bakers & Confectioners,"Ameerpet, Central East Hyderabad", Central East Hyderabad,Hyderabad,"Bakery and Confectionary,  Desserts,  Ice Cream,  Fast Food",3.1,4,400
Hydrate - The Bar,"Hampshire Plaza Hotel,Lakdi-Ka-Pul, Central Hyderabad", Central Hyderabad,Hyderabad,North Indian,3.1,4,1500
The ThickShake Factory,"Film Nagar, Central West Hyderabad", Central West Hyderabad,Hyderabad,Shakes,4.3,4,400
Sri Santosh Family Dhaba,"Tarnaka, East Hyderabad", East Hyderabad,Hyderabad,"North Indian,  Chinese",2.9,4,600
Coco Fit,"Kukatpally, West Hyderabad", West Hyderabad,Hyderabad,"Juice,  Shakes",5,4,300
Frozen Bottle,"Gachibowli, West Hyderabad", West Hyderabad,Hyderabad,"Shakes,  Desserts,  Waffle",3.4,4,300
Express By AB's,"Apurupa Silpi,Gachibowli, West Hyderabad", West Hyderabad,Hyderabad,"North Indian,  Barbecue",4.5,4,600
Cafe Liant,"Gandipet, West Hyderabad", West Hyderabad,Hyderabad,"Italian,  Fast Food,  Pizza,  Desserts,  Ice Cream,  Shakes",5,4,700
1989 Milkshakes,"Uppal, East Hyderabad", East Hyderabad,Hyderabad,"Fast Food,  Pizza,  Desserts,  Shakes",4.1,4,600
Austin 40 Cafehouse,"Deccan Gymkhana, West Pune", West Pune,Pune,"Continental,  Chinese",3.6,4,800
Retox,"Erandwane, West Pune", West Pune,Pune,"Asian,  Finger Food,  North Indian,  European,  Fast Food",3.8,4,1700
Pokket Cafe,"Siddhi Prerna Complex,Pimpale Gurav, West Pune", West Pune,Pune,"Fast Food,  Tea",3.9,4,400
Rollsz,"Pimple Saudagar, West Pune", West Pune,Pune,Fast Food,4.2,4,300
Pizzaronee,"Kondhwa, South Pune", South Pune,Pune,"Fast Food,  Pizza,  Italian",3.3,4,800
The Wadapav Cafe,"Akurdi, West Pune", West Pune,Pune,"Street Food,  Maharashtrian",2.8,4,300
The 2nd Story Cafe And Lounge,"Salt Lake, East Kolkata", East Kolkata,Kolkata,"North Indian,  Chinese,  Fast Food",5,4,1100
Shawarma Nation,"Salt Lake, East Kolkata", East Kolkata,Kolkata,Lebanese,3.9,4,700
Awesome,"Salt Lake, East Kolkata", East Kolkata,Kolkata,"Chinese,  Thai,  Seafood,  Bengali",2.9,4,600
Hotel Shivam Restaurant & Bar,"Hotel Shivam,Howrah, Howrah", Howrah,Kolkata,"North Indian,  Chinese",4.8,4,1000
Ice Cream Lab,"Shakespeare Sarani, Central Kolkata", Central Kolkata,Kolkata,"Desserts,  Ice Cream,  Shakes",4.5,4,600
ACS Chinese Flavour,"Wellesley, Central Kolkata", Central Kolkata,Kolkata,Chinese,2.7,4,300
Hakka Bakka,"Tiljala, South Kolkata", South Kolkata,Kolkata,Chinese,5,4,500
The Sugarr and Spice,"Nagerbazar, 24 Parganas North", 24 Parganas North,Kolkata,"Desserts,  Bakery and Confectionary",4.5,4,300
Spices & Sauces,"Dhakuria, South Kolkata", South Kolkata,Kolkata,"North Indian,  Chinese",3.6,4,1000
Krazzy for Waffle,"Kaikhali, 24 Parganas North", 24 Parganas North,Kolkata,"Desserts,  Waffle",2.7,4,400
Nalin Chandra Das & Sons,"New Town, 24 Parganas North", 24 Parganas North,Kolkata,Mithai,4.8,4,200
Turkisyano,"Lake Gardens, South Kolkata", South Kolkata,Kolkata,"Desserts,  Ice Cream",2.5,4,300
Wow! Momo,"E M Bypass, South Kolkata", South Kolkata,Kolkata,"Fast Food,  Tibetan",3.8,4,400
The Yellow Straw,"Pecon Tower,Rajarhat, 24 Parganas North", 24 Parganas North,Kolkata,"Juice,  Shakes,  Fast Food",4.8,4,300
The Sugarr and Spice,"Behala, South Kolkata", South Kolkata,Kolkata,"Desserts,  Bakery and Confectionary,  Fast Food",5,4,300
Eatelicious,"Behala, South Kolkata", South Kolkata,Kolkata,"Chinese,  Continental",3.9,4,600
Hotel Coco In,"Naktala, South Kolkata", South Kolkata,Kolkata,"North Indian,  Chinese",3.5,4,700
Monginis,"Jadavpur, South Kolkata", South Kolkata,Kolkata,"Desserts,  Bakery and Confectionary,  Fast Food",2.3,4,200
Baraf - The Last Metro,"Garia, South Kolkata", South Kolkata,Kolkata,"North Indian,  Chinese,  European,  Oriental ",4.3,4,1000
Jadu Kadai,"Behala, South Kolkata", South Kolkata,Kolkata,"North Indian,  Chinese",3.4,4,500
Buddha Bites,"Thakurpukur, South Kolkata", South Kolkata,Kolkata,"Chinese,  Asian",2.8,4,1000
7/12 Fried Ice Cream Parlour,"Star Mall,Madhyamgram, 24 Parganas North", 24 Parganas North,Kolkata,"Desserts,  Ice Cream",3.8,4,400
Kabhi B,"Twinkle Complex,Satellite, West Ahmedabad", West Ahmedabad,Ahmedabad,"Desserts,  Bakery and Confectionary,  Fast Food",3.1,4,200
The Chocolate Room,"Satellite, West Ahmedabad", West Ahmedabad,Ahmedabad,"Desserts,  Coffee,  Ice Cream,  Fast Food,  Shakes",4.7,4,500
Vadilal- Hangout,"Paldi, Central Ahmedabad", Central Ahmedabad,Ahmedabad,"Desserts,  Ice Cream,  Fast Food",3.3,4,250
Silver Dew,"Hotel Silver Cloud,New Wadaj, North Ahmedabad", North Ahmedabad,Ahmedabad,"Multi-Cuisine,  North Indian,  Chinese,  Continental,  South Indian,  Gujarati",4.1,4,700
Kabhi B,"Vandematram Complex,Gota, North Ahmedabad", North Ahmedabad,Ahmedabad,"Desserts,  Bakery and Confectionary,  Fast Food",5,4,200
The Egg Eatery,"Chandkheda, North Ahmedabad", North Ahmedabad,Ahmedabad,Fast Food,4,4,600
Rajvee Food Corner,"Pratik Mall,Gandhinagar, North Ahmedabad", North Ahmedabad,Ahmedabad,"North Indian,  Chinese,  Fast Food",5,4,600
Choice Of Pizza,"Platinum Plaza,Nikol, East Ahmedabad", East Ahmedabad,Ahmedabad,"Italian,  Pizza",4.2,4,500
Kabhi B,"Super Mall 1,Gandhinagar, North Ahmedabad", North Ahmedabad,Ahmedabad,"Desserts,  Bakery and Confectionary,  Fast Food",3.8,4,200
Sai Sweets,"Sector 22, Central Chandigarh", Central Chandigarh,Chandigarh,North Indian,4.7,4,400
Subway,"Sector 22, Central Chandigarh", Central Chandigarh,Chandigarh,Health Food,4,4,500
DND - Daily Nutritional Diet,"Phase 3, Mohali", Mohali,Chandigarh,Health Food,5,4,400
Dice,"Naya Gaon, North Chandigarh", North Chandigarh,Chandigarh,"Italian,  Chinese,  Continental",3.8,4,600
Zorica's Cafe,"Sector 37, West Chandigarh", West Chandigarh,Chandigarh,"Fast Food,  Desserts,  Drinks",4.3,4,500
Roll Xpress,"Sector 32, South Chandigarh", South Chandigarh,Chandigarh,Fast Food,3.3,4,300
Classic Pizza,"Sector 37, West Chandigarh", West Chandigarh,Chandigarh,"Fast Food,  Pizza,  Italian",2.1,4,800
Guru Nanak,"Sector 70, Mohali", Mohali,Chandigarh,"North Indian,  South Indian",4.3,4,600
Beans n Buns,"Sector 71, Mohali", Mohali,Chandigarh,Fast Food,4.4,4,700
Burger Point,"Sector 67, Mohali", Mohali,Chandigarh,"Fast Food,  Burger",4.5,4,400
Pizza Freakerz,"Sector 67, Mohali", Mohali,Chandigarh,"Fast Food,  Pizza",4.3,4,500
European Bite,"Panchkula Shopping Complex,Dhakoli, Zirakpur", Zirakpur,Chandigarh,"Desserts,  Fast Food,  Waffle",3.6,4,400
Jamavar,"The Leela Goa,Cavelossim, South Goa", South Goa,Goa,"North Indian,  Mughlai",4.8,4,4600
Cremeux,"Santa Cruz, North Goa", North Goa,Goa,"Italian,  Fast Food,  Desserts",5,4,800
Woo Bar,"W Goa,Vagator, North Goa", North Goa,Goa,"Continental,  Finger Food",4.5,4,3100
Citrus Cafe,"Lemon Tree Premier Hotel,Bani Park, Central Jaipur", Central Jaipur,Jaipur,"Multi-Cuisine,  North Indian,  Continental,  Oriental ,  Rajasthani",4.5,4,2000
Cafe Viva Bar,"Leisure Inn Grand Chanakya,Mirza Ismail Road, West Jaipur", West Jaipur,Jaipur,"North Indian,  Chinese,  Continental,  Thai",3,4,1200
Quyu's Cafe,"Vaishali Nagar, West Jaipur", West Jaipur,Jaipur,"Multi-Cuisine,  Italian,  Continental,  Fast Food",5,4,1100
Arogo,"Grand Uniara Hotel,Narayan Singh Circle, East Jaipur", East Jaipur,Jaipur,"North Indian,  South Indian,  Seafood",4.2,4,1400
Grab A Coffee,"Malviya Nagar, South Jaipur", South Jaipur,Jaipur,"Fast Food,  Coffee,  Shakes",5,4,600
Namo Tandoori Chulha Chai Pakode Wala,"Malviya Nagar, South Jaipur", South Jaipur,Jaipur,Fast Food,5,4,300
Punjabi Tadka Pure Veg Restaurant,"Mansarovar, South Jaipur", South Jaipur,Jaipur,"North Indian,  Fast Food",1.7,4,800
Blue Pluto,"Tonk Road, South Jaipur", South Jaipur,Jaipur,"North Indian,  Chinese,  Italian",4.7,4,900
Ten 11 Lounge and Bar,"Malviya Nagar, South Jaipur", South Jaipur,Jaipur,"North Indian,  Continental,  Italian,  Asian,  Finger Food",2.4,4,1700
The Amber Kitchen,"DoubleTree by Hilton,Kukas, South Jaipur", South Jaipur,Jaipur,"Multi-Cuisine,  North Indian,  European,  Asian",3.9,4,2000
Home Sweet Home,"Hazratganj, Central Lucknow", Central Lucknow,Lucknow,"Fast Food,  Pizza",3,4,800
Pizzatarian,"Aliganj, North Lucknow", North Lucknow,Lucknow,"Italian,  Pizza",4.7,4,500
Pomona Orchard,"Gomti Nagar, East Lucknow", East Lucknow,Lucknow,Fast Food,4.2,4,200
Zync Bar & Lounge,"Levana Cyber Heights,Gomti Nagar, East Lucknow", East Lucknow,Lucknow,"Chinese,  Fast Food",3.9,4,1000
Mocha,"YN Road, Central Indore", Central Indore,Indore,"Continental,  Fast Food,  Italian",4.6,4,1100
Panache,"Vijay Nagar, East Indore", East Indore,Indore,North Indian,4.5,4,400
London Bubble Co.,"Vijay Nagar, East Indore", East Indore,Indore,Desserts,3.8,4,300
Ketley - The Modern Tapri,"Vijay Nagar, East Indore", East Indore,Indore,"North Indian,  Italian,  Fast Food",2.5,4,500
Platterzz,"Bhopalpura, Central Udaipur", Central Udaipur,Udaipur,"North Indian,  Italian,  Thai",2.8,4,1000
New Pizza King,"Shahganj, West Agra", West Agra,Agra,"Italian,  Pizza",4.3,4,200
The Greens Restaurant & Herbal Cafe,"Rakabganj, Central Agra", Central Agra,Agra,"North Indian,  Chinese,  South Indian",4.2,4,1000
Lobby Bar,"Holiday Inn Agra MG Road,Civil Lines, North Agra", North Agra,Agra,Finger Food,4.5,4,2000
The Forest,"Sikandra, North Agra", North Agra,Agra,"North Indian,  Chinese,  South Indian",4.1,4,700
Golden China Restaurant,"Tajganj, East Agra", East Agra,Agra,"Chinese,  Seafood",4.2,4,900
Maple Grand,"Tajganj, East Agra", East Agra,Agra,"North Indian,  Continental,  South Indian",4.7,4,1100
Shayhub,"Kamla Nagar, North Agra", North Agra,Agra,Fast Food,4.2,4,200
Shree Radhika Restaurant,"Vadiwadi, Central Vadodara", Central Vadodara,Vadodara,"North Indian,  Chinese",4.3,4,700
Nutty Affair,"Vadiwadi, Central Vadodara", Central Vadodara,Vadodara,"Desserts,  Shakes",5,4,400
Times Cafe,"Sayajiganj, Central Vadodara", Central Vadodara,Vadodara,Fast Food,4.5,4,400
The Square Meal,"Vadiwadi, Central Vadodara", Central Vadodara,Vadodara,"North Indian,  Fast Food",4.4,4,600
Goodies Cafeteria,"Sayajiganj, Central Vadodara", Central Vadodara,Vadodara,"North Indian,  Fast Food,  Bakery and Confectionary",4.5,4,700
Toss Chinese & Barbecue,"Ramdaspeth, West Nagpur", West Nagpur,Nagpur,"North Indian,  Chinese,  Barbecue",3.3,4,300
The Chocolate Room,"Gokulpeth, West Nagpur", West Nagpur,Nagpur,"Desserts,  Bakery and Confectionary,  Coffee",4.3,4,500
Food Links,"Wardhaman Nagar, East Nagpur", East Nagpur,Nagpur,Fast Food,3.8,4,500
Rsvp Restrobar & Rooftop,"Hingna T Point, South Nagpur", South Nagpur,Nagpur,"North Indian,  Mughlai,  Continental,  Oriental ,  Fast Food",3.5,4,800
The Latest Recipe,"Le Méridien Nagpur,Wardha Road, South Nagpur", South Nagpur,Nagpur,"North Indian,  Continental,  Italian,  Oriental ",5,4,2100
Hong Kong II,"Kipps Market,Sarabha Nagar, West Ludhiana", West Ludhiana,Ludhiana,"North Indian,  Chinese,  Seafood",4.3,4,1500
The Yard Lounge & Bar,"Pakhowal Road, West Ludhiana", West Ludhiana,Ludhiana,"North Indian,  Italian,  Chinese",3.5,4,900
Aura,"The Claridges,Aurangzeb Road, Central Delhi", Central Delhi,Delhi,Finger Food,4.7,3,4000
Bhukkad's Cafe,"Kamla Nagar, North Delhi", North Delhi,Delhi,Fast Food,4.7,3,400
Chimney Sizzlers,"Yashwant Place,Chanakyapuri, South Delhi", South Delhi,Delhi,"Chinese,  Fast Food",4.5,3,800
MOC - The American Restaurant,"Mayur Vihar Phase - 1, East Delhi", East Delhi,Delhi,"American,  Burger,  Fast Food",3.7,3,400
The Waffle Co.,"Sangam Courtyard,RK Puram, South Delhi", South Delhi,Delhi,"Desserts,  Waffle,  Shakes",4.3,3,400
NCC - NorthEastern & Chinese Cafe,"Safdarjung, South Delhi", South Delhi,Delhi,"Chinese,  North Eastern",4.6,3,1000
Kitchen & Chicken,"South Extension - 2, South Delhi", South Delhi,Delhi,"Chinese,  Fast Food,  North Indian",2,3,700
Six Degree,"Safdarjung Enclave Market,Safdarjung, South Delhi", South Delhi,Delhi,"North Indian,  Chinese,  Italian,  Fast Food",3.3,3,500
Bread and More,"Vasant Vihar, South Delhi", South Delhi,Delhi,"Desserts,  Bakery and Confectionary",4.6,3,500
Veer Ji Malai Chaap Wale,"Karkardooma, East Delhi", East Delhi,Delhi,"Fast Food,  North Indian",2.3,3,600
Bintang Sweet Thrills,"Rajouri Garden, West Delhi", West Delhi,Delhi,"Desserts,  Fast Food",5,3,400
Kake Da Hotel,"Malviya Nagar, South Delhi", South Delhi,Delhi,North Indian,4.3,3,1000
Healthy Chef,"Janakpuri, West Delhi", West Delhi,Delhi,"Health Food,  North Indian",4,3,800
Sunrise Cafe,"Chhatarpur, South Delhi", South Delhi,Delhi,"North Indian,  Continental,  Chinese,  Fast Food",5,3,900
Govinda Restaurant,"Dwarka, West Delhi", West Delhi,Delhi,"North Indian,  Chinese,  Biryani",4.8,3,650
Haristo Cafe & Pizzeria,"Advocate Chamber,Raj Nagar, Ghaziabad", Ghaziabad,Ghaziabad,"Italian,  Chinese,  Continental,  Shakes",3.3,3,800
Stormborn,"Sector 16, Faridabad", Faridabad,Noida,"Fast Food,  Pizza,  Italian",4.3,3,1600
Hn'ny Pizzeria,"Narela, North Delhi", North Delhi,Delhi,"Pizza,  Fast Food",3.3,3,400
The Master Kitchen,"81 High Street,Sector 81, Faridabad", Faridabad,Noida,"Fast Food,  Chinese,  Shakes",5,3,700
Hunger Cure,"Omaxe World Street,Sector 79, Faridabad", Faridabad,Noida,"Fast Food,  Chinese",2.7,3,500
The Wine Table,"Ventura Building,Powai, Powai", Powai,Mumbai,"Finger Food,  Fast Food",4.7,3,1800
HAS Juices and More,"R City Mall,Ghatkopar West, Central Suburbs", Central Suburbs,Mumbai,Juice,2.7,3,400
Fiona,"Marol, Andheri East", Andheri East,Mumbai,"North Indian,  South Indian,  Malvani",4.7,3,1000
Oliva,"Harileela CHS,Vile Parle East, Andheri East", Andheri East,Mumbai,"Pizza,  Italian,  Continental",4.3,3,700
TIB - The Ice-cream Bakery,"Vashi, Navi Mumbai", Navi Mumbai,Mumbai,Ice Cream,4.7,3,300
Tibbs Frankie,"Malad East, North Western", North Western,Mumbai,Fast Food,4.3,3,500
Sindhful,"Khar West, Bandra", Bandra,Mumbai,"Sindhi,  North Indian,  Chinese",4.2,3,800
Suruchi Bhog,"Airoli, Navi Mumbai", Navi Mumbai,Mumbai,"North Indian,  Chinese,  Seafood",4.2,3,800
Silver Spoon,"Near Andheri West Station, Andheri West", Andheri West,Mumbai,"North Indian,  Chinese",3,3,600
Tibbs Frankie,"Inorbit Mall,Vashi, Navi Mumbai", Navi Mumbai,Mumbai,Fast Food,1.7,3,200
Bandra Gomantak,"Bandra West, Bandra", Bandra,Mumbai,"Multi-Cuisine,  North Indian,  Chinese,  Seafood,  Mughlai,  Malvani",3.6,3,800
New Sernyaa,"Adarsh Nagar, Andheri West", Andheri West,Mumbai,"Tibetan,  Chinese,  Seafood,  Burmese",1.7,3,800
Phelia Terrace,"First Avenue,Goregaon West, North Western", North Western,Mumbai,"North Indian,  Chinese,  Oriental ,  Fast Food",3.3,3,2000
Express Eats by Tasca,"Cosmos Paradise,Thane West, Thane", Thane,Mumbai,Fast Food,3.3,3,500
Preeti Sandwich and Juice Centre,"Amanda Shopping Centre,Thane West, Thane", Thane,Mumbai,Fast Food,4.7,3,600
Farmhouse Palladium,"Borivali West, North Western", North Western,Mumbai,"North Indian,  Italian,  Chinese,  Continental,  Seafood",5,3,2000
Tibbs Frankie,"High Street Phoenix Mall,Lower Parel, South Mumbai", South Mumbai,Mumbai,Fast Food,3.7,3,200
The Wadapav Cafe,"Borivali East, North Western", North Western,Mumbai,"Street Food,  Fast Food,  Maharashtrian",1.8,3,400
La Crosta,"Kharghar, Navi Mumbai", Navi Mumbai,Mumbai,"Italian,  Mexican",4.1,3,400
Tibbs Frankie,"Kharghar, Navi Mumbai", Navi Mumbai,Mumbai,Fast Food,4,3,500
WOW Cafe,"Kalyan West, Dombivali", Dombivali,Mumbai,"North Indian,  Chinese,  Fast Food",4.2,3,900
Kanti Sweets,"Cunningham Road, Central Bangalore", Central Bangalore,Bangalore,"Mithai,  Desserts",4.7,3,500
Anjappar Chettinad,"Curzon Complex,Brigade Road, Central Bangalore", Central Bangalore,Bangalore,"South Indian,  Chettinad,  Chinese,  Seafood",4.3,3,700
Mynt,"Vivanta Bengaluru,Residency Road, Central Bangalore", Central Bangalore,Bangalore,North Indian,4.2,3,1800
Royal Treat,"Richmond Town, Central Bangalore", Central Bangalore,Bangalore,"North Indian,  Chinese",3.7,3,500
South Ruchis Square,"Race Course Road, West Bangalore", West Bangalore,Bangalore,"North Indian,  South Indian,  Chinese",4.5,3,800
Richie Rich,"High Grounds, Central Bangalore", Central Bangalore,Bangalore,"Desserts,  Ice Cream,  Fast Food",4.6,3,500
Orchid,"JP Cordial,Race Course Road, West Bangalore", West Bangalore,Bangalore,"North Indian,  Chinese,  Continental,  South Indian",4,3,800
Sagar,"Seshadripuram, West Bangalore", West Bangalore,Bangalore,"Multi-Cuisine,  North Indian,  Chinese,  South Indian",5,3,500
Hotel Fanoos,"Richmond Town, Central Bangalore", Central Bangalore,Bangalore,"North Indian,  Arabian,  Biryani",1.9,3,500
Lassi Shop,"Frazer Town, North Bangalore", North Bangalore,Bangalore,"Drinks,  Ice Cream",3,3,300
Brews N Bites,"Jayanagar, South Bangalore", South Bangalore,Bangalore,"Chinese,  Fast Food,  Coffee,  Drinks",5,3,800
Kurtoskalacs,"Koramangala, South Bangalore", South Bangalore,Bangalore,"Fast Food,  Desserts,  Drinks",4.7,3,600
The Yogisthan Cafe,"Indiranagar, East Bangalore", East Bangalore,Bangalore,Health Food,4.7,3,700
Mystique Palate,"Jayanagar, South Bangalore", South Bangalore,Bangalore,"Chinese,  Thai,  Fast Food,  Tibetan",4.5,3,400
Akss - India Reimagined,"Indiranagar, East Bangalore", East Bangalore,Bangalore,"Modern Indian,  North Indian",4.7,3,1800
The Lobby Lounge and Terrace,"Four Seasons,Ganga Nagar, North Bangalore", North Bangalore,Bangalore,"North Indian,  Finger Food,  Desserts",4.6,3,2400
Kanti Sweets,"Rajajinagar, West Bangalore", West Bangalore,Bangalore,"Mithai,  Desserts",3.7,3,500
Nuage,"Indiranagar, East Bangalore", East Bangalore,Bangalore,"Italian,  Continental,  Desserts,  Bakery and Confectionary",3.8,3,1200
Kanti Sweets,"Basaveshwara Nagar, West Bangalore", West Bangalore,Bangalore,"Mithai,  Desserts",4.7,3,500
Kanti Sweets,"RT Nagar, North Bangalore", North Bangalore,Bangalore,"Mithai,  Desserts",4,3,500
Kanti Sweets,"BTM Layout, South Bangalore", South Bangalore,Bangalore,"Mithai,  Desserts",3.7,3,500
Barbeque Delight,"Koramangala, South Bangalore", South Bangalore,Bangalore,"Multi-Cuisine,  Seafood,  Mughlai,  Biryani",4.7,3,700
Bangalore Bites,"BTM Layout, South Bangalore", South Bangalore,Bangalore,"Italian,  Chinese",3.7,3,300
Sagar,"Vijay Nagar, West Bangalore", West Bangalore,Bangalore,"South Indian,  North Indian,  Chinese,  Shakes",2,3,500
Kanti Sweets,"Uttarahalli, South Bangalore", South Bangalore,Bangalore,"Mithai,  Desserts",4.7,3,500
Lassi House,"Banaswadi, North Bangalore", North Bangalore,Bangalore,"Fast Food,  Shakes,  Desserts",4,3,300
Kanti Sweets,"Sandeep Arcade,Kasturi Nagar, North Bangalore", North Bangalore,Bangalore,"Mithai,  Desserts",4,3,500
Malabar Cafe,"Mathikere, North Bangalore", North Bangalore,Bangalore,"North Indian,  Biryani,  Chinese,  South Indian",3.9,3,400
Punjabi Masala,"Banashankari, South Bangalore", South Bangalore,Bangalore,"Rajasthani,  North Indian",2.4,3,800
Thanco's Natural Ice Cream,"Chandra Layout, West Bangalore", West Bangalore,Bangalore,"Ice Cream,  Desserts",2.1,3,400
Hustle,"HSR Layout, South Bangalore", South Bangalore,Bangalore,"Fast Food,  Contemporary Continental,  Italian",5,3,800
Andhra Biryanis,"Nagawara, North Bangalore", North Bangalore,Bangalore,"North Indian,  Chinese,  Biryani",3.9,3,600
Drunken Monkey,"Bannerghatta Road, South Bangalore", South Bangalore,Bangalore,"Juice,  Fast Food",4.7,3,500
Kanti Sweets,"Rajarajeshwari Nagar, West Bangalore", West Bangalore,Bangalore,"Mithai,  Desserts",5,3,500
Twillight Tandoor Resto,"Rajarajeshwari Nagar, West Bangalore", West Bangalore,Bangalore,"North Indian,  Chinese",4.6,3,500
Ching's With A Twist,"Hebbal, North Bangalore", North Bangalore,Bangalore,"Chinese,  North Indian",4.3,3,600
Mast Marathi,"HSR Layout, South Bangalore", South Bangalore,Bangalore,"Maharashtrian,  Street Food",1.4,3,300
@ The BBQ,"Bellandur, South Bangalore", South Bangalore,Bangalore,"North Indian,  Chinese,  Continental",5,3,700
Grill House,"Rajarajeshwari Nagar, West Bangalore", West Bangalore,Bangalore,Andhra,3.3,3,300
Kanti Sweets,"Patel Complex,Sarjapur Road, South Bangalore", South Bangalore,Bangalore,"Mithai,  Desserts",4,3,500
Kanti Sweets,"Vidyaranyapura, North Bangalore", North Bangalore,Bangalore,"Mithai,  Desserts",3.7,3,500
Kabab Mandra,"Sarjapur Road, South Bangalore", South Bangalore,Bangalore,North Indian,3.7,3,400
Connie's Steakhouse,"Hennur, North Bangalore", North Bangalore,Bangalore,"Continental,  Fast Food,  Seafood",4.2,3,1800
Over The Stone,"Rajarajeshwari Nagar, West Bangalore", West Bangalore,Bangalore,"Desserts,  Ice Cream",5,3,300
Kabab Mandra,"Mahadevapura, East Bangalore", East Bangalore,Bangalore,North Indian,2.7,3,400
Kanti Sweets,"Kengeri, West Bangalore", West Bangalore,Bangalore,"Mithai,  Desserts",4.7,3,500
Cake Dilim,"Whitefield, East Bangalore", East Bangalore,Bangalore,"Bakery and Confectionary,  Desserts",3.6,3,400
Godavari Delights,"Electronic City, South Bangalore", South Bangalore,Bangalore,"Chinese,  Andhra,  Biryani",5,3,600
Brews N Bites,"Electronic City, South Bangalore", South Bangalore,Bangalore,"Chinese,  Fast Food,  Coffee,  Drinks",3.1,3,800
The Kim Chi Chef,"Apple City,Kadugodi, East Bangalore", East Bangalore,Bangalore,Chinese,4.6,3,400
The Verandah,"Old Madras Road, East Bangalore", East Bangalore,Bangalore,"North Indian,  European",5,3,500
Kanti Sweets,"Old Madras Road, East Bangalore", East Bangalore,Bangalore,"Mithai,  Desserts",4,3,500
Bharath Restaurant,"Gokulam Park Hotel,Ashok Nagar, West Chennai", West Chennai,Chennai,"North Indian,  Chinese",3.3,3,800
Brownie Heaven,"Egmore, North Chennai", North Chennai,Chennai,Desserts,4,3,400
Murugan Idli Shop,"Anna Nagar, North Chennai", North Chennai,Chennai,South Indian,3.7,3,300
Roll Over,"Velachery, South West Chennai", South West Chennai,Chennai,"Desserts,  Ice Cream,  Fast Food,  Shakes",2.8,3,400
Hotel Saravana Bhavan,"Alandur, West Chennai", West Chennai,Chennai,"South Indian,  North Indian,  Chinese",2.8,3,600
The Lounge,"Holiday Inn,Thiruvanmiyur, South Chennai", South Chennai,Chennai,Fast Food,5,3,1000
The Madras Bakery,"Mogappair, West Chennai", West Chennai,Chennai,"Desserts,  Bakery and Confectionary",4.6,3,400
Mr.Papdi,"Grand Arcade,Velachery, South West Chennai", South West Chennai,Chennai,"North Indian,  Chinese,  Chaat",3.1,3,600
Juice'r rus,"Thiruvanmiyur, South Chennai", South Chennai,Chennai,"Juice,  Shakes,  Desserts",4,3,300
Dindigul Thalappakatti,"Perambur, North Chennai", North Chennai,Chennai,"Multi-Cuisine,  North Indian,  Chinese,  South Indian,  Biryani",2.5,3,700
Oasis,"Park Plaza Chennai,Thuraipakkam, South West Chennai", South West Chennai,Chennai,"Multi-Cuisine,  North Indian,  Chinese,  South Indian",5,3,1500
Holiday Inn Express,"Banjara Hills, Central East Hyderabad", Central East Hyderabad,Hyderabad,"North Indian,  Italian,  Chinese",1.7,3,1400
Cream Shakes,"SR Nagar, Central East Hyderabad", Central East Hyderabad,Hyderabad,Shakes,1.9,3,300
Beijing Bites,"Cuba Food Havana,Film Nagar, Central West Hyderabad", Central West Hyderabad,Hyderabad,Chinese,4,3,400
10 Downing Street,"Kompally, Secunderabad", Secunderabad,Hyderabad,"North Indian,  Continental,  Chinese,  Multi-Cuisine,  Fusion",5,3,1800
The Fort Club,"Ambiance Fort,Attapur, South Hyderabad", South Hyderabad,Hyderabad,"North Indian,  Chinese,  South Indian",3.7,3,500
Express By AB's,"Pammasani Complex,Jubilee Hills, Central West Hyderabad", Central West Hyderabad,Hyderabad,"North Indian,  Barbecue",2.7,3,600
Cream Town,"Malkajgiri, Secunderabad", Secunderabad,Hyderabad,"Desserts,  Ice Cream,  Fast Food,  Shakes",2.8,3,300
Bake Bar,"Madhapur, West Hyderabad", West Hyderabad,Hyderabad,"Desserts,  Bakery and Confectionary",5,3,400
Taste of Rajasthan,"Madhapur, West Hyderabad", West Hyderabad,Hyderabad,"Rajasthani,  North Indian",2.1,3,400
Coco Fit,"Madhapur, West Hyderabad", West Hyderabad,Hyderabad,"Juice,  Shakes,  Ice Cream",2.7,3,300
Raju Gari Vantillu,"Gachibowli, West Hyderabad", West Hyderabad,Hyderabad,"North Indian,  South Indian,  Mughlai",3.1,3,1200
900 Degree Brick Oven Pizza,"Kondapur, West Hyderabad", West Hyderabad,Hyderabad,"Pizza,  Fast Food",4.3,3,600
Kesariya's Sweets,"Kondapur, West Hyderabad", West Hyderabad,Hyderabad,"Desserts,  Mithai,  Street Food,  Chaat",1.3,3,200
Chinnari's Kitchen,"Gachibowli, West Hyderabad", West Hyderabad,Hyderabad,"North Indian,  South Indian",5,3,1200
Mid Land Bakers & Confectioners,"Hafeezpet, West Hyderabad", West Hyderabad,Hyderabad,"Bakery and Confectionary,  Continental,  Desserts",1,3,400
The Wadapav Cafe,"Erandwane, West Pune", West Pune,Pune,"Street Food,  Maharashtrian",4,3,300
CnP House - Chicken And Paratha,"Wakad, West Pune", West Pune,Pune,"North Indian,  Biryani",4.7,3,800
Sumadhu Pure Veg,"Sinhagad Road, South Pune", South Pune,Pune,"North Indian,  Chinese,  South Indian",3.8,3,600
Subway,"Parvati, South Pune", South Pune,Pune,Health Food,4.7,3,500
Casablanca Lounge Bar,"Pimpale Gurav, West Pune", West Pune,Pune,"North Indian,  Chinese,  Continental,  European",4.3,3,1000
Knight Riders,"Mundhwa, East Pune", East Pune,Pune,"North Indian,  Chinese,  Continental",3.7,3,700
Punjabi Chef,"Mundhwa, East Pune", East Pune,Pune,North Indian,1,3,500
Khushboo,"Dhankawdi, South Pune", South Pune,Pune,"North Indian,  Chinese,  South Indian",3,3,700
Fat Cat's Cafe,"Wanowrie, South Pune", South Pune,Pune,"Fast Food,  Coffee,  Desserts",4.4,3,600
Chinese Dragon,"Seasons Mall,Magarpatta City, East Pune", East Pune,Pune,Chinese,4.3,3,600
Madeline,"Hadapsar, East Pune", East Pune,Pune,"Desserts,  Fast Food",4,3,900
Vintage Cafe,"Kondhwa, South Pune", South Pune,Pune,Fast Food,5,3,800
Taste N Twist,"Gera Park View,Kharadi, East Pune", East Pune,Pune,"Fast Food,  Burger",4.3,3,600
Cafe Buddy's Espresso,"Ravet, West Pune", West Pune,Pune,"Fast Food,  Coffee",5,3,600
Chaurang Restaurant By Emerald Resort,"Talegaon Dabhade, West Pune", West Pune,Pune,"North Indian,  Continental,  Oriental ",5,3,1900
Krazy For Chocolates,"Kankurgachhi, East Kolkata", East Kolkata,Kolkata,Desserts,5,3,300
New Paul Dhaba,"Maniktala, North Kolkata", North Kolkata,Kolkata,"North Indian,  Chinese",4.3,3,500
Petuk Kolkata,"Hati Bagan, North Kolkata", North Kolkata,Kolkata,"North Indian,  Chinese",3.9,3,500
Krazy For Chocolates,"City Centre 1,Salt Lake, East Kolkata", East Kolkata,Kolkata,Desserts,5,3,300
Wow! Momo,"Esplanade, Central Kolkata", Central Kolkata,Kolkata,"Fast Food,  Tibetan",2.8,3,400
Kung Pao ,"Salt Lake, East Kolkata", East Kolkata,Kolkata,"Chinese,  Burmese",3.1,3,800
Meals 'O' Memories,"Bangur Avenue, 24 Parganas North", 24 Parganas North,Kolkata,"Italian,  Fast Food",4.5,3,300
Aatithya,"Lake Town, East Kolkata", East Kolkata,Kolkata,"Chinese,  Bengali",3.7,3,500
China Town,"Howrah, Howrah", Howrah,Kolkata,Chinese,5,3,800
Don Giovanni's,"Beliaghata, East Kolkata", East Kolkata,Kolkata,"Chinese,  North Indian,  Italian,  Thai",3.7,3,1200
Ganesh Pav Bhaji,"Salt Lake, East Kolkata", East Kolkata,Kolkata,Street Food,3.8,3,200
Krazy For Chocolates,"Minto Park, South Kolkata", South Kolkata,Kolkata,"Desserts,  Fast Food",5,3,300
Wow! Momo,"Camac Street, Central Kolkata", Central Kolkata,Kolkata,"Fast Food,  Tibetan",3.7,3,400
Cloud Tavern,"Sarat Bose Road, South Kolkata", South Kolkata,Kolkata,"Chinese,  Continental,  Italian",5,3,600
Haji Shaheb,"Bhawanipur, South Kolkata", South Kolkata,Kolkata,"North Indian,  Biryani",4.7,3,400
Bombay Kulfi,"Bhawanipur, South Kolkata", South Kolkata,Kolkata,"Desserts,  Ice Cream",3.1,3,200
Wow! Momo,"Ballygunge, South Kolkata", South Kolkata,Kolkata,"Fast Food,  Tibetan",3,3,400
Utsav Restaurant,"Hazra, South Kolkata", South Kolkata,Kolkata,"North Indian,  Chinese,  Continental",5,3,800
Goofys Chicken Shack,"Howrah, Howrah", Howrah,Kolkata,Fast Food,4.5,3,400
Aamaze Dhaba,"Kasba, South Kolkata", South Kolkata,Kolkata,"North Indian,  Chinese",5,3,800
Balaram Mullick and Radharaman Mullick Sweets,"Kasba, South Kolkata", South Kolkata,Kolkata,"Desserts,  Mithai,  Bakery and Confectionary",3.2,3,400
Coffee N Mood,"Southern Avenue, South Kolkata", South Kolkata,Kolkata,"Coffee,  Desserts,  Shakes",3.1,3,400
Cafe Kathmandu,"Southern Avenue, South Kolkata", South Kolkata,Kolkata,"Italian,  Coffee,  Tea,  Fast Food",4.7,3,800
Wow! Momo,"Baranagar, 24 Parganas North", 24 Parganas North,Kolkata,"Fast Food,  Tibetan",3,3,400
3 Cheers,"Kalikapur, South Kolkata", South Kolkata,Kolkata,"North Indian,  Chinese",3.5,3,700
London Lounge,"Jadavpur, South Kolkata", South Kolkata,Kolkata,Fast Food,5,3,400
Shawarma Nation,"Prince Anwar Shah Road, South Kolkata", South Kolkata,Kolkata,Lebanese,3.3,3,700
The Sugarr and Spice,"Rashbehari Avenue, South Kolkata", South Kolkata,Kolkata,"Bakery and Confectionary,  Desserts",1.3,3,300
Wow! Momo,"Tollygunge, South Kolkata", South Kolkata,Kolkata,"Fast Food,  Tibetan",5,3,400
The Yellow Straw,"New Town, 24 Parganas North", 24 Parganas North,Kolkata,"Juice,  Shakes",4.3,3,300
Sholo Ana Bangali,"Garia, South Kolkata", South Kolkata,Kolkata,Bengali,3.8,3,600
Thyme And Whisk,"Ambawadi, West Ahmedabad", West Ahmedabad,Ahmedabad,"North Indian,  Italian,  Mexican,  Asian",5,3,1800
Jahanvee Restaurant,"Gulbai Tekra, West Ahmedabad", West Ahmedabad,Ahmedabad,"North Indian,  Chinese,  Continental",5,3,700
Hocco Eatery,"Vastrapur, West Ahmedabad", West Ahmedabad,Ahmedabad,"Fast Food,  Shakes,  Desserts,  Ice Cream,  Pizza",5,3,600
Khichdi Etc,"Gala Business Center,Navrangpura, West Ahmedabad", West Ahmedabad,Ahmedabad,"North Indian,  Health Food",5,3,500
Hocco Eatery,"Navrangpura, West Ahmedabad", West Ahmedabad,Ahmedabad,"Desserts,  Ice Cream,  Fast Food,  Shakes",3.1,3,500
Hocco Eatery,"Stadium Complex,Navrangpura, West Ahmedabad", West Ahmedabad,Ahmedabad,"Desserts,  Ice Cream,  Fast Food,  Shakes",3.7,3,500
429 Restaurant,"Ellis Bridge, Central Ahmedabad", Central Ahmedabad,Ahmedabad,"Multi-Cuisine,  North Indian,  Chinese,  Mexican,  Fast Food",5,3,800
Recess Cafe,"Armoise Hotel,Navrangpura, West Ahmedabad", West Ahmedabad,Ahmedabad,"North Indian,  Fast Food,  Italian,  Shakes",4.2,3,700
Vadilal- Hangout,"Kala Siddhi Appartments,Satellite, West Ahmedabad", West Ahmedabad,Ahmedabad,"Desserts,  Ice Cream,  Fast Food",3.8,3,250
The Shake Maker,"Paldi, Central Ahmedabad", Central Ahmedabad,Ahmedabad,"Desserts,  Shakes,  Fast Food",2.3,3,400
Stuff's Food,"Naranpura, North Ahmedabad", North Ahmedabad,Ahmedabad,North Indian,4,3,600
Pizza Zone Classic Pizzeria,"Maple Trade Center,Thaltej, West Ahmedabad", West Ahmedabad,Ahmedabad,"Pizza,  Italian,  Fast Food",4.5,3,500
Khichdi Etc,"Campus Corner 1,Prahlad Nagar, West Ahmedabad", West Ahmedabad,Ahmedabad,"North Indian,  Gujarati",4.7,3,500
Vadilal Scoop Shop,"Raipur, East Ahmedabad", East Ahmedabad,Ahmedabad,"Ice Cream,  Desserts",5,3,300
Hocco Eatery,"Bhadra, East Ahmedabad", East Ahmedabad,Ahmedabad,"Fast Food,  Shakes,  Desserts,  Ice Cream,  Pizza",3.9,3,600
We Knead It,"Thaltej, West Ahmedabad", West Ahmedabad,Ahmedabad,"Desserts,  Bakery and Confectionary",5,3,300
The Shake Maker,"Maninagar, East Ahmedabad", East Ahmedabad,Ahmedabad,"Fast Food,  Shakes",4.7,3,500
Rasna Restaurant,"Maninagar, East Ahmedabad", East Ahmedabad,Ahmedabad,"North Indian,  Chinese,  Continental,  South Indian,  Desserts,  Ice Cream",5,3,700
Hocco Eatery,"Amrapali Complex,Bopal, West Ahmedabad", West Ahmedabad,Ahmedabad,"Fast Food,  Shakes,  Desserts,  Ice Cream,  Pizza",3.7,3,600
The Golden BBQ,"Sabarmati, North Ahmedabad", North Ahmedabad,Ahmedabad,Barbecue,4.7,3,300
Kabhi B,"Motera, North Ahmedabad", North Ahmedabad,Ahmedabad,"Desserts,  Bakery and Confectionary,  Fast Food",3.7,3,200
Chandni Bhaji Pav,"Nikol, East Ahmedabad", East Ahmedabad,Ahmedabad,"North Indian,  Chinese",1.9,3,500
"The 7 Waves, Resto & Cafe","Adalaj Gandhinagar, North Ahmedabad", North Ahmedabad,Ahmedabad,"North Indian,  Mexican,  Asian,  Fast Food",3,3,1000
Amigo's Cafe,"Sector 8, East Chandigarh", East Chandigarh,Chandigarh,"Fast Food,  Pizza,  Italian",4.2,3,500
Subway,"Sector 32, South Chandigarh", South Chandigarh,Chandigarh,Health Food,5,3,500
Kailash Restaurant,"Sector 19, East Chandigarh", East Chandigarh,Chandigarh,"North Indian,  Chinese",1,3,600
Tucker's House,"Sector 32, South Chandigarh", South Chandigarh,Chandigarh,"Fast Food,  Italian",3.2,3,700
Subway,"Sector 46, South Chandigarh", South Chandigarh,Chandigarh,Health Food,4,3,500
Guru Nanak Sweets,"Sector 46, South Chandigarh", South Chandigarh,Chandigarh,"North Indian,  Fast Food",3.3,3,600
Transform Diet,"Phase 7, Mohali", Mohali,Chandigarh,"Italian,  Health Food",5,3,500
Cake n Bake,"Phase 7, Mohali", Mohali,Chandigarh,"North Indian,  Desserts,  Chinese",3.7,3,700
Brew & Blend,"VR Punjab Mall,Kharar road, Mohali", Mohali,Chandigarh,"Desserts,  Coffee,  Fast Food",5,3,600
Club Hollywood BLVD,"Sector 82, Mohali", Mohali,Chandigarh,"North Indian,  Chinese,  Continental,  Mexican,  American",5,3,1300
Roll Xpress,"Sector 20, Panchkula", Panchkula,Chandigarh,Fast Food,2.2,3,300
Barbeque Bay,"Club Mahindra Emerald Palms,Benaulim, South Goa", South Goa,Goa,"North Indian,  Barbecue",4.3,3,2500
New Matsya Sagar,"Porvorim, North Goa", North Goa,Goa,"North Indian,  Goan,  Chinese,  Seafood",4.7,3,700
Cafe White Sage,"Civil Lines, Central Jaipur", Central Jaipur,Jaipur,"Italian,  Continental,  Asian",5,3,1400
The Feast,"C Scheme, Central Jaipur", Central Jaipur,Jaipur,"Bakery and Confectionary,  Desserts,  Fast Food",4.7,3,600
Brown Sugar Quick,"Bais Godam, Central Jaipur", Central Jaipur,Jaipur,Fast Food,3.9,3,600
Tooka Restobar,"Hotel Sarovar Premiere,Lal Kothi, Central Jaipur", Central Jaipur,Jaipur,Multi-Cuisine,3.5,3,2000
The Tattoo Cafe,"Chandpole, Central Jaipur", Central Jaipur,Jaipur,"North Indian,  Italian",4.2,3,1300
1st Story,"Four Points By Sheraton Hotel,Tonk Road, South Jaipur", South Jaipur,Jaipur,Finger Food,3.3,3,2000
OHM,"The Theme Hotel,Tonk Road, South Jaipur", South Jaipur,Jaipur,Finger Food,4.7,3,1500
Marky Momos,"Pratap Nagar, South Jaipur", South Jaipur,Jaipur,"Fast Food,  Chinese",4.7,3,600
Mr. Bean's Pizza,"Tonk Road, South Jaipur", South Jaipur,Jaipur,"Fast Food,  Pizza,  Italian",5,3,700
Kalyan Heritage Rooftop Restaurant,"Jagatpura, South Jaipur", South Jaipur,Jaipur,"North Indian,  Chinese",2.3,3,700
Neptune,"Fortune Park BBD,Hazratganj, Central Lucknow", Central Lucknow,Lucknow,Finger Food,3.7,3,1800
Saada Veda,"Alambagh, South Lucknow", South Lucknow,Lucknow,"North Indian,  Chinese",2.5,3,900
Foodleasure,"Gomti Nagar, East Lucknow", East Lucknow,Lucknow,"North Indian,  Fast Food",3.7,3,600
Edge,"Hotel Novotel Lucknow,Gomti Nagar, East Lucknow", East Lucknow,Lucknow,Finger Food,3.9,3,2000
Sadda Adda,"Aliganj, North Lucknow", North Lucknow,Lucknow,"North Indian,  Chinese",4.3,3,400
Deluxe Bar,"RNT Marg, East Indore", East Indore,Indore,"North Indian,  Mughlai",4.7,3,700
Lancer Cocktail Lounge,"Hotel Crown Palace,South Tukoganj, East Indore", East Indore,Indore,"North Indian,  Continental,  Oriental ",3.7,3,2000
Tealogy,"South Tukoganj, East Indore", East Indore,Indore,"Fast Food,  Tea",2.1,3,300
Ego,"Shekhar Central,Old Palasia, Central Indore", Central Indore,Indore,"North Indian,  Chinese,  Finger Food",3.2,3,1200
Cake Me Up,"Hotel WOW,Vijay Nagar, East Indore", East Indore,Indore,"Bakery and Confectionary,  Desserts",4.7,3,600
Bunk,"Vijay Nagar, East Indore", East Indore,Indore,Fast Food,4.3,3,300
Chill Baby,"Siyaganj, Central Indore", Central Indore,Indore,Fast Food,3,3,500
Brother's Cafe,"Vijay Nagar, East Indore", East Indore,Indore,"North Indian,  Fast Food",4.6,3,500
Hotel Prithviraj,"Vijay Nagar, East Indore", East Indore,Indore,North Indian,4.1,3,700
Chick N Serve,"Khajrana, East Indore", East Indore,Indore,"Lebanese,  Fast Food,  North Indian,  Chinese",4.3,3,900
Applause,"Khajrana, East Indore", East Indore,Indore,"Italian,  Finger Food",4.6,3,2000
Dhaba Cafe,"Metro Tower,Vijay Nagar, East Indore", East Indore,Indore,"Street Food,  Fast Food",2.7,3,500
Spice Route,"Shekhar Planet,Vijay Nagar, East Indore", East Indore,Indore,South Indian,2.8,3,500
The Allahabadi,"Vijay Nagar, East Indore", East Indore,Indore,"North Indian,  Mughlai",3,3,800
Cafe Boho,"Chand Pole, South Udaipur", South Udaipur,Udaipur,"North Indian,  Fast Food",4.3,3,700
Aab-o-Dana at Hilltop,"Hotel Hilltop Palace,Fateh Sagar, West Udaipur", West Udaipur,Udaipur,North Indian,4.3,3,2100
Ark,"Hiran Magri, South Udaipur", South Udaipur,Udaipur,"Continental,  Oriental ,  North Indian",5,3,2200
Green Chick Chop,"Khandari, North Agra", North Agra,Agra,"North Indian,  Fast Food",5,3,300
DJLECIOUS,"Civil Lines, North Agra", North Agra,Agra,Bakery and Confectionary,5,3,400
Selfie Restaurant,"Sikandra, North Agra", North Agra,Agra,"North Indian,  South Indian",3.5,3,800
Marleys The Milkshake,"Tajganj, East Agra", East Agra,Agra,"Shakes,  Desserts,  Ice Cream",4.6,3,400
Cafe Golden Elephant,"Ramada Plaza Agra,Tajganj, East Agra", East Agra,Agra,"North Indian,  Chinese,  Continental",4.6,3,2500
La Benito,"Vadiwadi, Central Vadodara", Central Vadodara,Vadodara,"Italian,  Mexican,  Lebanese",5,3,1100
Fat Burgers,"Sayajiganj, Central Vadodara", Central Vadodara,Vadodara,"Fast Food,  Burger",5,3,500
Kabhi B,"Subhanpura, Central Vadodara", Central Vadodara,Vadodara,"Desserts,  Bakery and Confectionary",3.2,3,600
Chatkazz,"Karelibagh, North Vadodara", North Vadodara,Vadodara,Fast Food,3,3,400
Nukkad Pe,"Karelibagh, North Vadodara", North Vadodara,Vadodara,"Fast Food,  Shakes",2.7,3,300
Flavor,"Makarpura GIDC, South Vadodara", South Vadodara,Vadodara,"North Indian,  Chinese",2.7,3,900
Ice Lounge,"Hotel Hardeo,Sitabuldi, Central Nagpur", Central Nagpur,Nagpur,"Italian,  Chinese,  Seafood",4.3,3,1500
FSB,"Dhantoli, West Nagpur", West Nagpur,Nagpur,"North Indian,  Italian,  Oriental ",4.2,3,1600
Toast,"Sadar, West Nagpur", West Nagpur,Nagpur,Fast Food,3.7,3,500
Riwayet,"Dharampeth, West Nagpur", West Nagpur,Nagpur,North Indian,2.7,3,1200
Crostino,"Ayodhya Nagar, South Nagpur", South Nagpur,Nagpur,Fast Food,3,3,500
Orbiyo Natural Icecreams,"Shanthinath Apartment,Wardhaman Nagar, East Nagpur", East Nagpur,Nagpur,"Desserts,  Ice Cream",4.7,3,200
Hotel Ashoka Imperial,"Manish Nagar, South Nagpur", South Nagpur,Nagpur,"North Indian,  Chinese",4.5,3,900
Zero Degree Restaurant & Lounge,"Zero Degree,Hingna T Point, South Nagpur", South Nagpur,Nagpur,"North Indian,  Chinese,  Continental",4.2,3,2000
The Habitat,"Hingna T Point, South Nagpur", South Nagpur,Nagpur,"North Indian,  Chinese,  Continental",5,3,1000
Taste of Bhagwati,"City Light, South Surat", South Surat,Surat,"Multi-Cuisine,  North Indian,  Italian,  Asian,  Street Food,  Shakes",4.2,3,1100
Hotel Riyasat,"Industrial Area, South Ludhiana", South Ludhiana,Ludhiana,"North Indian,  Oriental ,  Mughlai",5,3,2600
Dovka Bar,"Nirvana Hotel Banquets Club,PAU, Central Ludhiana", Central Ludhiana,Ludhiana,"North Indian,  Chinese,  Finger Food",4.3,3,1500
Bistro 55,"Paharganj, Central Delhi", Central Delhi,Delhi,"Multi-Cuisine,  North Indian,  Italian,  Chinese,  Continental",5,2,500
Giani,"Connaught Place, Central Delhi", Central Delhi,Delhi,"Desserts,  Ice Cream,  Shakes",3,2,400
Dilli Gate,"Daryaganj, Central Delhi", Central Delhi,Delhi,"North Indian,  Chinese,  Mughlai",4.5,2,600
No. 1 Uncles Parantha,"South Extension - 1, South Delhi", South Delhi,Delhi,"North Indian,  Fast Food",4,2,400
Full Stop,"Vijay Nagar, North Delhi", North Delhi,Delhi,"Multi-Cuisine,  North Indian,  Italian,  Chinese,  Continental",5,2,1200
Frozen Bottle,"Defence Colony, South Delhi", South Delhi,Delhi,"Shakes,  Desserts,  Ice Cream",3,2,300
Ada'e Haandi's,"Moti Bagh, South Delhi", South Delhi,Delhi,"North Indian,  Chinese,  Seafood",4,2,600
Nazeer Delicacies,"RK Puram, South Delhi", South Delhi,Delhi,"North Indian,  Mughlai",4.5,2,1000
Otik Cake Shop,"Model Town 2, North Delhi", North Delhi,Delhi,"Fast Food,  Bakery and Confectionary,  Desserts,  Shakes",5,2,500
Cafe Sandoz,"SDA, South Delhi", South Delhi,Delhi,"Italian,  Chinese,  Asian,  Continental,  Fast Food,  Shakes",5,2,1000
Saleem's Restaurant,"Kailash Colony, South Delhi", South Delhi,Delhi,"Mughlai,  North Indian",4.5,2,500
Fabcafe By Fabindia,"Rajouri Garden, West Delhi", West Delhi,Delhi,"Health Food,  Modern Indian,  North Indian,  Continental",5,2,1200
Giani,"Punjabi Bagh, West Delhi", West Delhi,Delhi,"Desserts,  Ice Cream,  Shakes",5,2,400
Bubble Waffle,"Karkardooma, East Delhi", East Delhi,Delhi,"Desserts,  Waffle,  Fast Food,  Shakes",2,2,500
Sardar-Ji-Bakhsh Coffee & Co.,"Punjabi Bagh, West Delhi", West Delhi,Delhi,"Fast Food,  Coffee,  Desserts",4.5,2,700
Subway,"Karkardooma, East Delhi", East Delhi,Delhi,Health Food,1,2,500
Truffle Story,"Chittaranjan Park, South Delhi", South Delhi,Delhi,"Bakery and Confectionary,  Desserts",4.4,2,400
Crispy Bites,"Prashant Vihar, North Delhi", North Delhi,Delhi,"North Indian,  Fast Food,  Chinese",3.5,2,500
Tummy Nation,"Paschim Vihar, West Delhi", West Delhi,Delhi,"North Indian,  Chinese,  Fast Food",5,2,800
Miam,"Lado Sarai, South Delhi", South Delhi,Delhi,"Bakery and Confectionary,  Desserts",3,2,900
Kake Da Hotel,"Vasant Kunj, South Delhi", South Delhi,Delhi,North Indian,4,2,1000
Bluemoon Restrobar,"Dwarka, West Delhi", West Delhi,Delhi,"North Indian,  Chinese",5,2,600
Chaayos,"Sector 50, Noida", Noida,Noida,"Street Food,  Tea,  Fast Food",4.5,2,500
Waffles,"The Umrao,Samalkha, South Delhi", South Delhi,Delhi,"Fast Food,  Bakery and Confectionary,  Coffee,  Tea,  Shakes",3.5,2,800
Khaane Ki Dukaan,"Sector 37, Faridabad", Faridabad,Noida,"North Indian,  Chinese",4.5,2,700
The Udta Punjab,"Raj Nagar, Ghaziabad", Ghaziabad,Ghaziabad,"Fast Food,  Italian",4.5,2,600
The Burger Club,"Sushant Lok Phase 1, Gurgaon", Gurgaon,Gurgaon,"Burger,  Fast Food",4.5,2,600
Chef's On Fire,"Sector 21C, Faridabad", Faridabad,Noida,"Fast Food,  Shakes",4.5,2,600
Sparsa Cafe,"Star Tower,Sector 30, Gurgaon", Gurgaon,Gurgaon,"Italian,  Fast Food",5,2,500
Rule The Rolls,"32nd Avenue,Sector 15, Gurgaon", Gurgaon,Gurgaon,Fast Food,4.5,2,800
Mr Ohashi,"Sector 14, Faridabad", Faridabad,Noida,Asian,5,2,1200
Pizzaiolo,"Eros City Square,Sector 49, Gurgaon", Gurgaon,Gurgaon,"Italian,  Pizza",5,2,800
The Coffizza,"Sector 81, Faridabad", Faridabad,Noida,"Italian,  Fast Food,  Coffee",3.8,2,600
Yummy Tummy Corner,"Sapphire 83 Mall,Sector 83, Gurgaon", Gurgaon,Gurgaon,North Indian,4.5,2,400
Elementaria Bakery Cafe,"Powai, Powai", Powai,Mumbai,"Desserts,  Fast Food,  Coffee",5,2,800
Thambbi,"Mulund West, Central Suburbs", Central Suburbs,Mumbai,"North Indian,  South Indian,  Street Food",5,2,800
Taco Cheena,"Parekh Compound,Santacruz East, Bandra", Bandra,Mumbai,"Oriental ,  Chinese",4.4,2,800
Tibbs Frankie,"Narayan Niwas,Vile Parle East, Andheri East", Andheri East,Mumbai,Fast Food,4,2,200
Anant Palace,"Ghansoli, Navi Mumbai", Navi Mumbai,Mumbai,"North Indian,  Chinese",5,2,1000
Sauces and Spices Restaurant & Bar,"Vile Parle West, Andheri West", Andheri West,Mumbai,"Multi-Cuisine,  North Indian,  Chinese,  Seafood,  Biryani",4,2,800
Tibbs Frankie,"Juhu, Andheri West", Andheri West,Mumbai,Fast Food,3,2,200
Pishu's,"Near Andheri West Station, Andheri West", Andheri West,Mumbai,"Juice,  Shakes,  Fast Food,  Health Food",4,2,600
Misal Adda,"Thane West, Thane", Thane,Mumbai,"Maharashtrian,  Street Food",3.8,2,200
Thambbi,"Gagangiri CHS,Thane West, Thane", Thane,Mumbai,"North Indian,  South Indian",3,2,800
PizzAah! District,"7 Bungalows, Andheri West", Andheri West,Mumbai,"Italian,  Pizza,  Fast Food",2.4,2,600
Shake N Crack,"Sanpada, Navi Mumbai", Navi Mumbai,Mumbai,"Fast Food,  Shakes",2.3,2,200
HAS South Bombay,"Inorbit Mall,Malad West, North Western", North Western,Mumbai,"South Indian,  Health Food",3.5,2,500
Pizza Caprina,"Nerul, Navi Mumbai", Navi Mumbai,Mumbai,Pizza,3.5,2,400
Kattyz,"Amrapali Shopping Center,Vasant Vihar, Thane", Thane,Mumbai,Fast Food,3,2,200
99 Pancakes,"Prabhadevi, South Mumbai", South Mumbai,Mumbai,"Bakery and Confectionary,  Desserts,  Fast Food,  Shakes",3,2,500
Frozen Bottle,"Bhoomi Enclave,Kandivali West, North Western", North Western,Mumbai,"Desserts,  Shakes,  Ice Cream",2.5,2,500
Dhamaka Cafe & Lounge Bar,"Mahavir Icon,CBD-Belapur, Navi Mumbai", Navi Mumbai,Mumbai,"Italian,  Continental,  Chinese,  Mughlai",4,2,1500
Pizzaria House,"Kandivali West, North Western", North Western,Mumbai,"Pizza,  Fast Food",1,2,1000
Shake Me Up,"Mira Road, North Western", North Western,Mumbai,"Shakes,  Fast Food",5,2,500
Some Place Nice,"Poonam Sagar Complex,Mira Road, North Western", North Western,Mumbai,"North Indian,  Chinese,  Fast Food",2.1,2,1800
GO69 Pizza,"Mira Road East, North Western", North Western,Mumbai,"Fast Food,  Pizza,  Italian",4.5,2,600
The Mumbai Masala,"Fort, South Mumbai", South Mumbai,Mumbai,"Multi-Cuisine,  North Indian,  Chinese,  South Indian,  Street Food",4.5,2,500
Sassy Teaspoon,"Express Towers,Nariman Point, South Mumbai", South Mumbai,Mumbai,"Bakery and Confectionary,  Desserts",4.5,2,400
Tequila N Spices,"Ulhasnagar, Dombivali", Dombivali,Mumbai,"North Indian,  Finger Food,  Fast Food",2.5,2,1000
Bistro Grill,"Kalyan East, Dombivali", Dombivali,Mumbai,"Chinese,  North Indian,  Continental",3,2,700
OZAA Mediterranean. Grill.,"Oakwood Premier Prestige Bangalore,Vittal Mallya Road, Central Bangalore", Central Bangalore,Bangalore,"Mediterranean,  American",3,2,2500
Kafegram Food and Beverages,"Shanti Nagar, Central Bangalore", Central Bangalore,Bangalore,"Fast Food,  Bakery and Confectionary",5,2,800
Tea and Wine Lounge,"Radisson Blu Atria Bengaluru,Palace Road, West Bangalore", West Bangalore,Bangalore,"Coffee,  Tea,  Desserts",4.6,2,1000
Khan Saheb Grills and Rolls,"Commercial Street, Central Bangalore", Central Bangalore,Bangalore,"North Indian,  Fast Food",4,2,600
Sandwichwallas,"Jayanagar, South Bangalore", South Bangalore,Bangalore,"Fast Food,  Pizza,  Shakes",5,2,300
Hotel Karavali Beach,"Seshadripuram, West Bangalore", West Bangalore,Bangalore,"Mangalorean,  Seafood",3.5,2,500
Sampurna,"Ulsoor, Central Bangalore", Central Bangalore,Bangalore,"South Indian,  Andhra",4,2,800
Haji Ali Juice Centre,"Nissa Enclave,Frazer Town, North Bangalore", North Bangalore,Bangalore,"Desserts,  Ice Cream,  Shakes",3.5,2,400
Fruit Face,"Malleshwaram, West Bangalore", West Bangalore,Bangalore,"Fast Food,  Drinks,  Shakes",4,2,400
Wok Face,"Malleshwaram, West Bangalore", West Bangalore,Bangalore,"Chinese,  Fast Food",3.5,2,500
Cream N Cha,"Indiranagar, East Bangalore", East Bangalore,Bangalore,"Desserts,  Drinks,  Fast Food",3.8,2,400
Roast 'N' Frost,"Rajajinagar, West Bangalore", West Bangalore,Bangalore,"Fast Food,  Desserts",5,2,500
Tycoons - Fine Dine and Retro Bar,"Indiranagar, East Bangalore", East Bangalore,Bangalore,"North Indian,  Continental,  Asian",3.5,2,1700
Brownie Heaven,"Indiranagar, East Bangalore", East Bangalore,Bangalore,Desserts,4.5,2,400
Waffle Stories,"Jayanagar, South Bangalore", South Bangalore,Bangalore,"Desserts,  Waffle",4,2,400
Sandwichwallas,"Jayanagar, South Bangalore", South Bangalore,Bangalore,"Fast Food,  Pizza,  Shakes",5,2,300
Kanti Sweets,"Renuka Complex,New Thippasandra, East Bangalore", East Bangalore,Bangalore,"Mithai,  Desserts",5,2,500
Pizza Stop,"Koramangala, South Bangalore", South Bangalore,Bangalore,"Pizza,  Fast Food",4.5,2,500
Kanti Sweets,"Vijay Nagar, West Bangalore", West Bangalore,Bangalore,"Mithai,  Desserts",4.5,2,500
Chakh Le,"Jeevan Bhima Nagar, East Bangalore", East Bangalore,Bangalore,"North Indian,  Chinese",5,2,500
Gurukrupa Paratha House,"Old Airport Road, East Bangalore", East Bangalore,Bangalore,"North Indian,  Chinese",3.5,2,400
Express By AB's,"BTM Layout, South Bangalore", South Bangalore,Bangalore,"North Indian,  Barbecue",5,2,400
Pizza Stop,"Banashankari, South Bangalore", South Bangalore,Bangalore,"Pizza,  Fast Food",3,2,500
Hotel Godavari,"BTM Layout, South Bangalore", South Bangalore,Bangalore,"North Indian,  Chinese",3,2,500
Shree Mahalakshmi Sweets,"Banashankari, South Bangalore", South Bangalore,Bangalore,"Mithai,  Street Food",2.5,2,400
Kanti Sweets,"Chandra Layout, West Bangalore", West Bangalore,Bangalore,"Mithai,  Desserts",4,2,500
Barbeque Delight,"Koramangala, South Bangalore", South Bangalore,Bangalore,"Multi-Cuisine,  Chinese,  South Indian,  Seafood,  Kerala,  Biryani",1.4,2,700
Kanti Sweets,"Srinivasa Building,Banaswadi, North Bangalore", North Bangalore,Bangalore,"Mithai,  Desserts",4.3,2,500
Kanti Sweets,"Nagarbhavi, West Bangalore", West Bangalore,Bangalore,"Mithai,  Desserts",5,2,500
Nandhini Deluxe,"Banashankari, South Bangalore", South Bangalore,Bangalore,"Multi-Cuisine,  North Indian,  Chinese,  Seafood,  Andhra",4,2,1300
Antra Veg.,"Banashankari, South Bangalore", South Bangalore,Bangalore,"North Indian,  Chinese",3.8,2,800
Cucumber Town,"BTM Layout, South Bangalore", South Bangalore,Bangalore,"Seafood,  Kerala",5,2,600
Kanti Sweets,"Santosh Tower,Sanjay Nagar, North Bangalore", North Bangalore,Bangalore,"Mithai,  Desserts",4.5,2,500
Limitless Bar & Kitchen,"Kalyan Nagar, North Bangalore", North Bangalore,Bangalore,"North Indian,  South Indian",5,2,1000
Cake Dilim,"Murugeshpalya, East Bangalore", East Bangalore,Bangalore,"Bakery and Confectionary,  Desserts",1,2,400
Healthy Fuel,"Kalyan Nagar, North Bangalore", North Bangalore,Bangalore,"Health Food,  Shakes",5,2,300
Pizza Stop,"Banaswadi, North Bangalore", North Bangalore,Bangalore,"Pizza,  Fast Food",4,2,500
Frozen Bottle,"Kammanahalli, North Bangalore", North Bangalore,Bangalore,"Shakes,  Desserts,  Ice Cream",3.5,2,400
Guntur Spice,"HSR Layout, South Bangalore", South Bangalore,Bangalore,"North Indian,  Seafood,  Chinese,  South Indian",4,2,400
Kanti Sweets,"HSR Layout, South Bangalore", South Bangalore,Bangalore,"Mithai,  Desserts",3,2,500
IceBreakers,"HSR Layout, South Bangalore", South Bangalore,Bangalore,"Desserts,  Ice Cream,  Shakes",3.8,2,400
Sree Spicy Hub,"Jeevan Bhima Nagar, East Bangalore", East Bangalore,Bangalore,"North Indian,  Chinese,  Andhra",1,2,500
The Crust Factory,"Comfort INN Insys,Mathikere, North Bangalore", North Bangalore,Bangalore,"Bakery and Confectionary,  Desserts",2.3,2,400
Authentic Andhra Restaurant,"HSR Layout, South Bangalore", South Bangalore,Bangalore,"North Indian,  Chinese,  Seafood,  Andhra",3,2,800
Kanti Sweets,"MRS Complex,Ramamurthy Nagar, East Bangalore", East Bangalore,Bangalore,"Mithai,  Desserts",5,2,500
Frozen Bottle,"JP Nagar, South Bangalore", South Bangalore,Bangalore,"Shakes,  Desserts,  Ice Cream",1.5,2,400
Vasudev Adiga's,"Bannerghatta Road, South Bangalore", South Bangalore,Bangalore,"South Indian,  North Indian,  Chinese",4.2,2,500
Five Star Chicken,"Siddappa Complex,Kaggadasapura, East Bangalore", East Bangalore,Bangalore,Fast Food,4.5,2,300
125 Gms,"HSR Layout, South Bangalore", South Bangalore,Bangalore,"North Indian,  Chinese,  Fast Food",5,2,300
Frost & Feather,"HSR Layout, South Bangalore", South Bangalore,Bangalore,"Fast Food,  Pizza,  Shakes",4.5,2,500
Kanti Sweets,"Ashoka Complex,Jalahalli, North Bangalore", North Bangalore,Bangalore,"Mithai,  Desserts",5,2,500
Ultimate Cuisine,"New BEL Road, North Bangalore", North Bangalore,Bangalore,"North Indian,  Fast Food",1,2,900
Cafe Del Sol,"Nagarbhavi, West Bangalore", West Bangalore,Bangalore,"Desserts,  Fast Food,  Italian",4,2,600
Chaatimes,"Bannerghatta Road, South Bangalore", South Bangalore,Bangalore,"Street Food,  Chaat",4.5,2,200
Kanti Sweets,"Nagawara, North Bangalore", North Bangalore,Bangalore,"Mithai,  Desserts",2.5,2,500
Lassi Corner,"Ramamurthy Nagar, East Bangalore", East Bangalore,Bangalore,"Desserts,  Ice Cream,  Drinks,  Fast Food",3,2,300
Bake Ur Wish,"Nagarbhavi, West Bangalore", West Bangalore,Bangalore,"Desserts,  Fast Food,  Bakery and Confectionary",3.5,2,500
Gopaljee Cafe,"Sarjapur Road, South Bangalore", South Bangalore,Bangalore,"North Indian,  Street Food",3,2,300
Thanco's Natural Ice Cream,"Nagarbhavi, West Bangalore", West Bangalore,Bangalore,"Ice Cream,  Desserts",1,2,400
Kanti Sweets,"KR Puram, East Bangalore", East Bangalore,Bangalore,"Mithai,  Desserts",4.5,2,500
Suryawanshi,"Sarjapur Road, South Bangalore", South Bangalore,Bangalore,"Maharashtrian,  Seafood",5,2,600
Lassi Corner RM,"Ramamurthy Nagar, East Bangalore", East Bangalore,Bangalore,"Desserts,  Ice Cream,  Drinks,  Fast Food",3,2,300
Malabar Cafe,"Marathahalli, East Bangalore", East Bangalore,Bangalore,"South Indian,  Kerala",4.5,2,400
Kababji Cafe,"Phoenix Marketcity,Whitefield, East Bangalore", East Bangalore,Bangalore,Fast Food,3,2,500
Naga's,"Phoenix Marketcity,Whitefield, East Bangalore", East Bangalore,Bangalore,"North Indian,  Andhra,  Biryani",2.5,2,500
Kanti Sweets,"VV Arcade,Kundalahalli, East Bangalore", East Bangalore,Bangalore,"Mithai,  Desserts",4.5,2,500
Kanti Sweets,"Electronic City, South Bangalore", South Bangalore,Bangalore,"Mithai,  Desserts",4,2,500
Imperial Restaurant,"Saroja Square,Marathahalli, East Bangalore", East Bangalore,Bangalore,"Chinese,  North Indian,  Shakes",4.4,2,800
Pepperwood,"Sarjapur Road, South Bangalore", South Bangalore,Bangalore,Fast Food,5,2,300
Chill,"Radha Hometel Hotel,Whitefield, East Bangalore", East Bangalore,Bangalore,North Indian,3.5,2,1200
Pacheeze Cafe,"KR Puram, East Bangalore", East Bangalore,Bangalore,"Fast Food,  Italian,  Pizza,  Burger",3.5,2,500
Kanti Sweets,"SMK Complex,Yelahanka, North Bangalore", North Bangalore,Bangalore,"Mithai,  Desserts",4,2,500
Chef Baker's,"Kundalahalli, East Bangalore", East Bangalore,Bangalore,"Bakery and Confectionary,  Desserts,  Fast Food",4.5,2,600
Cake Dilim,"Brookefields, East Bangalore", East Bangalore,Bangalore,"Bakery and Confectionary,  Desserts",2,2,400
Dil Se Dilli,"Whitefield, East Bangalore", East Bangalore,Bangalore,North Indian,3,2,500
Cake Dilim,"Doddanekundi, East Bangalore", East Bangalore,Bangalore,"Bakery and Confectionary,  Desserts",3.5,2,400
Frozen Bottle,"Electronic City, South Bangalore", South Bangalore,Bangalore,"Shakes,  Desserts,  Ice Cream",4.5,2,400
Cake Dilim,"Whitefield, East Bangalore", East Bangalore,Bangalore,"Bakery and Confectionary,  Desserts",4,2,400
Pizza Republic,"Electronic City, South Bangalore", South Bangalore,Bangalore,Pizza,5,2,500
Kanti Sweets,"Yelahanka, North Bangalore", North Bangalore,Bangalore,"Mithai,  Desserts",4.5,2,500
Thanco's Natural Ice Cream,"Arya Hub Mall,Whitefield, East Bangalore", East Bangalore,Bangalore,"Ice Cream,  Desserts",3.5,2,400
Kabab Mandra,"Whitefield, East Bangalore", East Bangalore,Bangalore,North Indian,3,2,400
Kanti Sweets,"Bannerghatta Road, South Bangalore", South Bangalore,Bangalore,"Mithai,  Desserts",5,2,500
Lassi Corner,"Kadugodi, East Bangalore", East Bangalore,Bangalore,"Desserts,  Ice Cream,  Drinks,  Fast Food",1,2,300
Kanti Sweets,"Magadi Road, West Bangalore", West Bangalore,Bangalore,"Mithai,  Desserts",3.5,2,500
Makers Of Milkshakes,"Kodambakkam, West Chennai", West Chennai,Chennai,"Shakes,  Waffle,  Fast Food",4,2,300
Murugan Idli Shop,"Thyagaraya Nagar, Central Chennai", Central Chennai,Chennai,South Indian,3.8,2,300
Murugan Idli Shop,"Thyagaraya Nagar, Central Chennai", Central Chennai,Chennai,South Indian,2.9,2,300
Express By AB's,"Thyagaraya Nagar, Central Chennai", Central Chennai,Chennai,"North Indian,  Barbecue",5,2,700
Hotel Saravana Bhavan,"Ashok Nagar, West Chennai", West Chennai,Chennai,"South Indian,  North Indian,  Chinese",4.4,2,600
Teasers,"Nungambakkam, Central Chennai", Central Chennai,Chennai,Tea,5,2,300
Murugan Idli Shop,"Vadapalani, West Chennai", West Chennai,Chennai,South Indian,4.5,2,300
Freak Shake Bro,"KK Nagar, West Chennai", West Chennai,Chennai,"Ice Cream,  Shakes",3.5,2,300
Topi Vappa Biriyani,"Thyagaraya Nagar, Central Chennai", Central Chennai,Chennai,"Chinese,  Biryani",1,2,400
Royal Sandwich,"Alwarpet, Central Chennai", Central Chennai,Chennai,"Fast Food,  Shakes",3.5,2,300
Waf Bites,"Adyar, South Chennai", South Chennai,Chennai,"Desserts,  Waffle",4.5,2,300
Cake Waves,"Virugambakkam, West Chennai", West Chennai,Chennai,"Desserts,  Bakery and Confectionary,  Fast Food",2.5,2,400
Chai Xpress,"Kilpauk, North Chennai", North Chennai,Chennai,"Tea,  Fast Food",2.3,2,300
Roll Over,"St. Thomas Mount, West Chennai", West Chennai,Chennai,"Desserts,  Fast Food,  Shakes",4.5,2,400
Jaipurya - The Desi Gourmet,"Egmore, North Chennai", North Chennai,Chennai,"Fast Food,  Desserts,  Drinks",3,2,300
Atte - Glocal Cafe,"Besant Nagar, South Chennai", South Chennai,Chennai,Fast Food,5,2,400
Express By AB's,"Porur, West Chennai", West Chennai,Chennai,"North Indian,  Barbecue",4.5,2,700
Cake Waves,"Velachery, South West Chennai", South West Chennai,Chennai,"Desserts,  Bakery and Confectionary,  Fast Food",4,2,400
Murugan Idli Shop,"Perambur, North Chennai", North Chennai,Chennai,South Indian,3,2,300
Hotel Saravana Bhavan,"George Town, North Chennai", North Chennai,Chennai,"South Indian,  North Indian,  Chinese",3.4,2,600
Pedreno's,"Old Mahabalipuram Road OMR, South West Chennai", South West Chennai,Chennai,"Continental,  Mexican,  Italian",3.5,2,1500
Brownie Heaven,"Thiruvanmiyur, South Chennai", South Chennai,Chennai,Desserts,3,2,400
Murugan Idli Shop,"Porur, West Chennai", West Chennai,Chennai,South Indian,2,2,300
Dindigul Thalappakatti,"Old Mahabalipuram Road OMR, South West Chennai", South West Chennai,Chennai,"Multi-Cuisine,  North Indian,  Chinese,  South Indian,  Biryani",5,2,700
Le Wrap Factorie,"Medavakkam, South West Chennai", South West Chennai,Chennai,Fast Food,4.5,2,400
Madras Coffee House,"Tambaram East, South West Chennai", South West Chennai,Chennai,"Street Food,  Coffee,  Desserts",4.6,2,200
Almond House,"Sanai Plaza,Begumpet, Secunderabad", Secunderabad,Hyderabad,"Mithai,  Street Food,  Desserts",5,2,500
Gappe Vappe,"Sanai Plaza,Begumpet, Secunderabad", Secunderabad,Hyderabad,"Street Food,  Fast Food",5,2,500
Subway,"Mayfair Complex,SP Road, Secunderabad", Secunderabad,Hyderabad,Health Food,3.8,2,400
Amantran,"Himayath Nagar, Central Hyderabad", Central Hyderabad,Hyderabad,Bengali,3.4,2,300
Frozen Bottle,"Himayath Nagar, Central Hyderabad", Central Hyderabad,Hyderabad,"Shakes,  Desserts",4,2,300
Skypark Cafe,"Owner's Pride,Banjara Hills, Central East Hyderabad", Central East Hyderabad,Hyderabad,"Multi-Cuisine,  North Indian,  Italian,  Chinese,  Continental",2.5,2,1000
Sizzling Joe,"Terminal Drive In,Sindhi Colony, Secunderabad", Secunderabad,Hyderabad,"Sizzlers,  Fast Food",1,2,500
Mid Land Bakers & Confectioners,"Ameerpet, Central East Hyderabad", Central East Hyderabad,Hyderabad,"Bakery and Confectionary,  Chinese,  Desserts,  Fast Food",1.5,2,400
Makers Of Milkshakes,"Film Nagar, Central West Hyderabad", Central West Hyderabad,Hyderabad,"Shakes,  Waffle",3,2,400
Coco Fit,"Madhapur, West Hyderabad", West Hyderabad,Hyderabad,"Juice,  Shakes",4,2,300
Kinara Grand,"Malkajgiri, Secunderabad", Secunderabad,Hyderabad,"North Indian,  Chinese",3,2,800
Mid Land Bakers & Confectioners,"Manikonda, West Hyderabad", West Hyderabad,Hyderabad,"Bakery and Confectionary,  Chinese,  Desserts,  Fast Food",4,2,400
Hotel Swagath Grand,"Medchal, Secunderabad", Secunderabad,Hyderabad,"North Indian,  Chinese,  Biryani",1,2,900
Temptations,"Kompally, Secunderabad", Secunderabad,Hyderabad,"Desserts,  Ice Cream,  Shakes,  Fast Food",5,2,600
Gappe Vappe,"Gachibowli, West Hyderabad", West Hyderabad,Hyderabad,"Street Food,  Fast Food",2.5,2,500
The Hyderabad Oven,"Gachibowli, West Hyderabad", West Hyderabad,Hyderabad,North Indian,4.5,2,500
Chef Baker's,"Hafeezpet, West Hyderabad", West Hyderabad,Hyderabad,"Fast Food,  Desserts",2.3,2,600
World of Tortillas,"GSM Mall,Miyapur, West Hyderabad", West Hyderabad,Hyderabad,"Continental,  Mexican",4,2,600
Makers Of Milkshakes,"Lingampally, West Hyderabad", West Hyderabad,Hyderabad,"Shakes,  Waffle",4.5,2,400
Rockwell Cafe & Bar,"F.C. Road, West Pune", West Pune,Pune,"Continental,  Finger Food,  Chinese",5,2,1200
Words and Sips Book Cafe,"F.C. Road, West Pune", West Pune,Pune,Fast Food,1.4,2,500
Pimlico,"Kothrud, West Pune", West Pune,Pune,"North Indian,  Continental",4.4,2,900
CnP House,"Baner, West Pune", West Pune,Pune,"North Indian,  Mughlai",5,2,1000
Cake Dior,"Koregaon Park, East Pune", East Pune,Pune,"Desserts,  Bakery and Confectionary",4.5,2,700
Sugardough,"Kothrud, West Pune", West Pune,Pune,"Fast Food,  Bakery and Confectionary",5,2,600
Sassy Teaspoon,"Sanskruti Lifestyle Complex,Koregaon Park, East Pune", East Pune,Pune,"Bakery and Confectionary,  Desserts",5,2,400
Kasturi Mastani House,"Kothrud, West Pune", West Pune,Pune,"Fast Food,  South Indian,  Street Food",2.3,2,500
Cafe Deja Vu,"Bavdhan, West Pune", West Pune,Pune,Fast Food,4.4,2,500
Mother's Kitchen,"Wakad, West Pune", West Pune,Pune,"North Indian,  Chinese",5,2,1000
Daiwong,"Lunkad Garden,Viman Nagar, East Pune", East Pune,Pune,"Chinese,  Seafood,  Asian",3.9,2,1000
Coffee All Day,"Warje, South Pune", South Pune,Pune,"Fast Food,  Coffee,  Shakes",5,2,400
Mekong Folks,"Viman Nagar, East Pune", East Pune,Pune,"Asian,  Chinese,  Sushi,  Cantonese",5,2,1800
The Wadapav Cafe,"Balewadi, West Pune", West Pune,Pune,"Fast Food,  Maharashtrian",4.5,2,300
Sandwich Express,"Viman Nagar, East Pune", East Pune,Pune,"Fast Food,  Juice",4,2,300
Bombay Chow,"Warje, South Pune", South Pune,Pune,"North Indian,  Continental,  Chinese,  Thai",2.5,2,800
Basilico,"Wadgaon Sheri, East Pune", East Pune,Pune,"North Indian,  Chinese,  South Indian,  Continental,  Fast Food",4.4,2,700
Hotel Al Zaika,"Karve Nagar, West Pune", West Pune,Pune,"North Indian,  Chinese,  Biryani",1,2,400
Fly Curry,"Pimple Saudagar, West Pune", West Pune,Pune,"North Indian,  Chinese",2.9,2,500
Circle Of Crust,"Hadapsar, East Pune", East Pune,Pune,"Italian,  Pizza",5,2,900
Char Bar,"Echoing Green,Wakad, West Pune", West Pune,Pune,"Continental,  Mexican,  Lebanese,  Italian,  Asian",4.5,2,1700
Bliss Bakery,"Narayan Tower,Salunkhe Vihar, South Pune", South Pune,Pune,"Desserts,  Bakery and Confectionary",3.5,2,300
Chula,"Narayan Tower,Salunkhe Vihar, South Pune", South Pune,Pune,"North Indian,  Chinese",2.3,2,600
The Cheers Lounge,"Akurdi, West Pune", West Pune,Pune,"Multi-Cuisine,  North Indian,  Continental,  Seafood,  Oriental ",4,2,1000
@49,"Maniktala, North Kolkata", North Kolkata,Kolkata,"North Indian,  Chinese",5,2,600
Ganguram & Sons,"Maniktala, North Kolkata", North Kolkata,Kolkata,"Fast Food,  Mithai",3.5,2,200
Apu's Kitchen,"Kankurgachhi, East Kolkata", East Kolkata,Kolkata,"North Indian,  Chinese,  Fast Food",3.8,2,500
Ayan Fast Food Center,"B B D Bagh, Central Kolkata", Central Kolkata,Kolkata,"Chinese,  Fast Food,  Biryani",5,2,300
Wow! Momo,"Salt Lake, East Kolkata", East Kolkata,Kolkata,"Fast Food,  Tibetan",4.5,2,400
Hungry Hippo,"Lake Town, East Kolkata", East Kolkata,Kolkata,Fast Food,5,2,400
The Burger Factory,"Salt Lake, East Kolkata", East Kolkata,Kolkata,Burger,5,2,700
The Hidden Kitchen,"Bangur Avenue, 24 Parganas North", 24 Parganas North,Kolkata,"North Indian,  Chinese,  Continental,  Fast Food",5,2,600
Fruitose,"Bangur Avenue, 24 Parganas North", 24 Parganas North,Kolkata,"Fast Food,  Juice",5,2,300
Wow! Momo,"Salt Lake, East Kolkata", East Kolkata,Kolkata,"Fast Food,  Tibetan",3.1,2,400
Rajnigandha Bar,"Park Street, Central Kolkata", Central Kolkata,Kolkata,"North Indian,  Chinese",2.1,2,1000
Adil Biryani Restaurant,"Park Circus, South Kolkata", South Kolkata,Kolkata,"Mughlai,  Biryani",3,2,400
Chinese Quisine Restaurant,"Lake Town, East Kolkata", East Kolkata,Kolkata,Chinese,1.6,2,600
Cafe By The Lane,"Shibpur, Howrah", Howrah,Kolkata,Fast Food,5,2,700
Ice O Metry,"Sarat Bose Road, South Kolkata", South Kolkata,Kolkata,"Desserts,  Ice Cream",5,2,300
Empire Bar,"Chowringhee, Central Kolkata", Central Kolkata,Kolkata,Finger Food,3.5,2,1000
Arihant Naturals Ice Cream,"Bhawanipur, South Kolkata", South Kolkata,Kolkata,"Desserts,  Ice Cream",5,2,300
My Oven Story,"Liluah, Howrah", Howrah,Kolkata,"Desserts,  Fast Food",5,2,200
Chinese Quisine Restaurant,"Salt Lake, East Kolkata", East Kolkata,Kolkata,Chinese,3,2,600
Happy Cones,"Bhawanipur, South Kolkata", South Kolkata,Kolkata,"Desserts,  Ice Cream,  Fast Food",5,2,300
3 Idiots Dhaba,"Kasba, South Kolkata", South Kolkata,Kolkata,"North Indian,  Chinese",3,2,800
Sai Jalpan Junction,"Kestopur, 24 Parganas North", 24 Parganas North,Kolkata,South Indian,2.5,2,200
Gusto Cafe & Kitchen,"Golpark, South Kolkata", South Kolkata,Kolkata,"North Indian,  Italian,  Chinese,  Continental",5,2,700
Shourav's,"Kasba, South Kolkata", South Kolkata,Kolkata,"North Indian,  Chinese",4.3,2,500
Sanmuga Villas,"Rajarhat, 24 Parganas North", 24 Parganas North,Kolkata,South Indian,5,2,500
Drishti,"Hotel Sudesh Tower,Desapriya Park, South Kolkata", South Kolkata,Kolkata,"North Indian,  Chinese",2.6,2,600
The Sugarr and Spice,"Kidderpore, West Kolkata", West Kolkata,Kolkata,"Desserts,  Bakery and Confectionary",3.5,2,300
Hungry Tide,"Dhakuria, South Kolkata", South Kolkata,Kolkata,"Continental,  Thai,  Seafood",4.6,2,400
Love Desi Chinese,"Baranagar, 24 Parganas North", 24 Parganas North,Kolkata,"North Indian,  Chinese",4,2,500
The Tibetan Cuisine,"Baguiati, 24 Parganas North", 24 Parganas North,Kolkata,"Fast Food,  North Indian,  Tibetan",3,2,300
Wow! Momo,"Kavi Nazrul Metro Station,Kalighat, South Kolkata", South Kolkata,Kolkata,"Fast Food,  Tibetan",2,2,400
Wow! Momo,"Hooghly, North Kolkata", North Kolkata,Kolkata,"Fast Food,  Tibetan",5,2,400
The Tibetan Flavours,"Rajarhat, 24 Parganas North", 24 Parganas North,Kolkata,"Chinese,  Tibetan",5,2,500
Number 18,"Prince Anwar Shah Road, South Kolkata", South Kolkata,Kolkata,North Indian,3,2,700
Gokul Shree,"Alipore, South Kolkata", South Kolkata,Kolkata,Street Food,3.5,2,100
The Chef,"Jadavpur, South Kolkata", South Kolkata,Kolkata,"Chinese,  Bengali",4,2,500
Emoji,"New Town, 24 Parganas North", 24 Parganas North,Kolkata,"North Indian,  Chinese,  Continental",4.4,2,500
Rath,"Belgharia, 24 Parganas North", 24 Parganas North,Kolkata,"North Indian,  Chinese,  Bengali",2.5,2,400
Chai Addaa,"Golf Green, South Kolkata", South Kolkata,Kolkata,"Fast Food,  Tea",3,2,500
The Sugarr and Spice,"Behala, South Kolkata", South Kolkata,Kolkata,"Desserts,  Bakery and Confectionary,  Fast Food",4,2,300
The Sugarr and Spice,"Naktala, South Kolkata", South Kolkata,Kolkata,"Desserts,  Bakery and Confectionary",5,2,300
Curry Pot,"Jadavpur, South Kolkata", South Kolkata,Kolkata,Bengali,3,2,300
Wow! Momo,"Garia, South Kolkata", South Kolkata,Kolkata,"Fast Food,  Tibetan",3,2,400
Monginis,"Hooghly, North Kolkata", North Kolkata,Kolkata,"Desserts,  Bakery and Confectionary,  Fast Food",2.5,2,200
Monginis,"Barasat, 24 Parganas North", 24 Parganas North,Kolkata,"Desserts,  Bakery and Confectionary,  Fast Food",4.5,2,200
Wow! Momo,"Chandannagar, North Kolkata", North Kolkata,Kolkata,"Fast Food,  Tibetan",4,2,400
Vadilal Scoop Shop,"Ambawadi, West Ahmedabad", West Ahmedabad,Ahmedabad,"Ice Cream,  Desserts",5,2,300
The Shake Maker,"Navrangpura, West Ahmedabad", West Ahmedabad,Ahmedabad,"Desserts,  Shakes,  Fast Food",5,2,400
Bhog,"Vastrapur, West Ahmedabad", West Ahmedabad,Ahmedabad,"North Indian,  Continental,  Fast Food",5,2,800
The Shake Maker,"Galaxy Bazar,Vastrapur, West Ahmedabad", West Ahmedabad,Ahmedabad,"Desserts,  Shakes,  Fast Food",5,2,400
Kabhi B,"Sukh Shanti Complex,Paldi, Central Ahmedabad", Central Ahmedabad,Ahmedabad,"Desserts,  Bakery and Confectionary,  Fast Food",4.4,2,200
The Chocolate Room,"Shree Krishna Center,Navrangpura, West Ahmedabad", West Ahmedabad,Ahmedabad,"Desserts,  Coffee,  Ice Cream,  Fast Food,  Shakes",3.5,2,500
Kabhi B,"Bodakdev, West Ahmedabad", West Ahmedabad,Ahmedabad,"Desserts,  Bakery and Confectionary,  Fast Food",5,2,500
The Shake Maker,"Bodakdev, West Ahmedabad", West Ahmedabad,Ahmedabad,"Desserts,  Shakes,  Fast Food",5,2,400
Kabhi B,"Ashram Road, Central Ahmedabad", Central Ahmedabad,Ahmedabad,"Desserts,  Bakery and Confectionary,  Fast Food",4.6,2,200
Tea Post,"JB Tower,Drive in Road, West Ahmedabad", West Ahmedabad,Ahmedabad,"Fast Food,  Tea",3,2,300
Kalapi,"Lal Darwaja, Central Ahmedabad", Central Ahmedabad,Ahmedabad,"North Indian,  Chinese,  Continental",3,2,600
Mauve,"Bodakdev, West Ahmedabad", West Ahmedabad,Ahmedabad,"Continental,  Italian,  Asian",4.5,2,1000
Hocco Eatery,"Maninagar, East Ahmedabad", East Ahmedabad,Ahmedabad,"Fast Food,  Shakes,  Desserts,  Ice Cream,  Pizza",3.9,2,600
Puffizza,"Maninagar, East Ahmedabad", East Ahmedabad,Ahmedabad,"Pizza,  Italian",4.5,2,700
Gwalia Sweets,"Bapunagar, East Ahmedabad", East Ahmedabad,Ahmedabad,"Mithai,  Street Food,  Fast Food",3,2,500
The Shake Maker,"Chandkheda, North Ahmedabad", North Ahmedabad,Ahmedabad,"Desserts,  Shakes,  Fast Food",5,2,400
Kabhi B,"Chandkheda, North Ahmedabad", North Ahmedabad,Ahmedabad,"Desserts,  Bakery and Confectionary,  Fast Food",5,2,200
Kabhi B,"Chandkheda, North Ahmedabad", North Ahmedabad,Ahmedabad,"Desserts,  Bakery and Confectionary,  Fast Food",3,2,200
Appu's Pizzeria,"Nikol, East Ahmedabad", East Ahmedabad,Ahmedabad,"Italian,  Pizza,  Fast Food",3.8,2,500
Sky Cake & Cafe,"Gandhinagar, North Ahmedabad", North Ahmedabad,Ahmedabad,"Desserts,  Bakery and Confectionary,  Pizza",5,2,400
Subway,"Sector 35, West Chandigarh", West Chandigarh,Chandigarh,Health Food,5,2,500
Flames,"Sector 32, South Chandigarh", South Chandigarh,Chandigarh,"North Indian,  Chinese",4.5,2,600
Pakka Tandoor,"Sector 19, East Chandigarh", East Chandigarh,Chandigarh,"North Indian,  Fast Food",1,2,600
Peacock Restaurant,"Hotel Rajshree,Industrial Area Phase 1, South Chandigarh", South Chandigarh,Chandigarh,"Multi-Cuisine,  North Indian,  Chinese,  Continental",5,2,1000
Piccante,"Hyatt Regency,Industrial Area Phase 1, South Chandigarh", South Chandigarh,Chandigarh,Italian,4.5,2,2000
Stage,"Hyatt Regency,Industrial Area Phase 1, South Chandigarh", South Chandigarh,Chandigarh,Finger Food,4.4,2,1600
Chick Blast,"Sector 32, South Chandigarh", South Chandigarh,Chandigarh,"Burger,  Finger Food",3,2,400
Slounge,"Lemon Tree Hotel,Industrial Area Phase 1, South Chandigarh", South Chandigarh,Chandigarh,Finger Food,3.6,2,1700
ZanKou Chicken Roll,"Phase 3, Mohali", Mohali,Chandigarh,Fast Food,5,2,300
Roll Xpress,"Sector 7, Panchkula", Panchkula,Chandigarh,Fast Food,5,2,300
Roll Kar De Yaar,"Phase 3, Mohali", Mohali,Chandigarh,Fast Food,3.5,2,200
Baba Chicken,"Phase 10, Mohali", Mohali,Chandigarh,"North Indian,  Chinese,  Mughlai",4.4,2,800
Subway,"Mansa Devi Complex,Sector 5, Panchkula", Panchkula,Chandigarh,Health Food,3,2,500
Dumpling Hood,"Phase 3, Mohali", Mohali,Chandigarh,"Tibetan,  Fast Food",1,2,500
Dialogue Cafe by Hotel Sapphire,"Ambala Road, Zirakpur", Zirakpur,Chandigarh,"North Indian,  European,  American",4.5,2,600
Guru Nanak,"Sector 78, Mohali", Mohali,Chandigarh,"North Indian,  Chinese",5,2,400
Highway Inn,"Sector 82, Mohali", Mohali,Chandigarh,"North Indian,  Chinese",5,2,1200
Subway,"Chandigarh Road, Zirakpur", Zirakpur,Chandigarh,Health Food,5,2,500
10-11 Kitchen,"VIP Road, Zirakpur", Zirakpur,Chandigarh,North Indian,5,2,600
Muglai - Ambala Wale,"Apple Heights,VIP Road, Zirakpur", Zirakpur,Chandigarh,"Mughlai,  Finger Food",3.5,2,300
The Lama,"C Scheme, Central Jaipur", Central Jaipur,Jaipur,Continental,5,2,1200
Quyu's Taproom,"C Scheme, Central Jaipur", Central Jaipur,Jaipur,"North Indian,  Italian,  Oriental ",4,2,900
Jaipur Blues,"Bais Godam, Central Jaipur", Central Jaipur,Jaipur,"Italian,  Chinese,  Street Food,  Fast Food",3.5,2,800
Brown Bites,"C Scheme, Central Jaipur", Central Jaipur,Jaipur,"Bakery and Confectionary,  Coffee,  Fast Food",2.5,2,900
Cafe Viva,"Leisure Inn Grand Chanakya,Mirza Ismail Road, West Jaipur", West Jaipur,Jaipur,"North Indian,  Chinese,  Italian,  Seafood",4.5,2,1300
Pakwaan Restaurant,"Bani Park, Central Jaipur", Central Jaipur,Jaipur,"Multi-Cuisine,  North Indian,  Italian,  Chinese",3.5,2,900
Brown Sugar Quick,"Bapu Nagar, South Jaipur", South Jaipur,Jaipur,Fast Food,4,2,600
Spicy Grilled Tikka & Curry Restaurant,"Vaishali Nagar, West Jaipur", West Jaipur,Jaipur,North Indian,5,2,600
Cosmos Jaipur,"Raja Park, East Jaipur", East Jaipur,Jaipur,"Fast Food,  Italian",4.3,2,600
Green Sugar,"Shyam Nagar, West Jaipur", West Jaipur,Jaipur,"North Indian,  Chinese,  Italian",5,2,800
Fusion Health Food,"Mansarovar, South Jaipur", South Jaipur,Jaipur,"Health Food,  Tea",4.5,2,400
Subway,"Elements Mall,Ajmer Road, West Jaipur", West Jaipur,Jaipur,"Fast Food,  Health Food",3,2,600
Game of Spices,"Mansarovar, South Jaipur", South Jaipur,Jaipur,"North Indian,  Chinese,  South Indian,  Biryani",5,2,800
Ka10 Kitchen,"Raja Park, East Jaipur", East Jaipur,Jaipur,"North Indian,  Chinese,  Fast Food",4.6,2,700
WTF,"Ajmer Road, West Jaipur", West Jaipur,Jaipur,"Italian,  Fast Food",5,2,500
Punjabi Tadka Pure Veg Restaurant,"Vaishali Nagar, West Jaipur", West Jaipur,Jaipur,"North Indian,  Fast Food",3,2,800
Kanha,"Ajmer Road, West Jaipur", West Jaipur,Jaipur,"North Indian,  Fast Food,  Chinese,  South Indian",3.4,2,500
NutriPlate,"Mahanagar, North Lucknow", North Lucknow,Lucknow,"Fast Food,  Health Food",4,2,400
Royal Hut By Royal Cafe,"Hazratganj, Central Lucknow", Central Lucknow,Lucknow,Fast Food,1,2,400
Rim Zim Club & Resort,"Rajendra Nagar, South Indore", South Indore,Indore,North Indian,4.4,2,1500
Sardarji's Punjabi Zayka,"Rau, South Indore", South Indore,Indore,"North Indian,  Chinese",3.4,2,800
Laxmi Narayan Doodhwala,"The Mark Building,Old Palasia, Central Indore", Central Indore,Indore,Mithai,3.1,2,200
Lamiyas,"Nipania, East Indore", East Indore,Indore,Arabian,4.5,2,500
BBC - Billiards Bar Cafe,"Vijay Nagar, East Indore", East Indore,Indore,Fast Food,3,2,400
Koffee King,"New Palasia, Central Indore", Central Indore,Indore,"Fast Food,  Coffee,  Desserts,  Ice Cream",1,2,400
Ethyl Bar,"Radisson Blu Hotel Indore,Vijay Nagar, East Indore", East Indore,Indore,Finger Food,4.3,2,2800
Cakes N Craft,"Shekhar Planet,Vijay Nagar, East Indore", East Indore,Indore,"Bakery and Confectionary,  Desserts",2.5,2,500
Veerji's Biryani,"Vijay Nagar, East Indore", East Indore,Indore,"North Indian,  Biryani",5,2,1000
Chai Kaapi,"Indore By Pass Road, East Indore", East Indore,Indore,"Fast Food,  Tea",3,2,400
Foodies Nation,"Ambamata, West Udaipur", West Udaipur,Udaipur,"North Indian,  Chinese,  Fast Food",3.5,2,600
RJ27,"Fateh Sagar, West Udaipur", West Udaipur,Udaipur,"North Indian,  Mughlai,  Fast Food",5,2,1600
Liquid Lounge,"Ramada Resort and Spa,Fateh Sagar, West Udaipur", West Udaipur,Udaipur,Finger Food,4,2,1000
Star Ultimate Pizza,"Arjun Nagar, West Agra", West Agra,Agra,Fast Food,4.4,2,400
Hungernomia,"Civil Lines, North Agra", North Agra,Agra,Fast Food,4.5,2,600
Pizza Inn,"Sikandra, North Agra", North Agra,Agra,Fast Food,4.5,2,500
Plush Bar,"Double Tree By Hilton Hotel Agra,Tajganj, East Agra", East Agra,Agra,Finger Food,4.5,2,2000
MoMo 2 Go – The Patisserie Shop,"Courtyard By Marriott Agra,Tajganj, East Agra", East Agra,Agra,"Coffee,  Tea",4.5,2,500
The Grand Buffet,"Jaypee Palace Hotel & Convention Centre,Tajganj, East Agra", East Agra,Agra,"North Indian,  Continental",4,2,2000
Tea Post - Apne Chai Ki Dukaan,"Gorwa, West Vadodara", West Vadodara,Vadodara,"Fast Food,  Tea",5,2,300
Kabhi B,"Nizampura, North Vadodara", North Vadodara,Vadodara,"Desserts,  Bakery and Confectionary",4.5,2,600
Whatta Waffle,"Vadiwadi, Central Vadodara", Central Vadodara,Vadodara,"Desserts,  Fast Food",5,2,500
Oven Magick,"Shivalay Complex 2,Diwalipura, West Vadodara", West Vadodara,Vadodara,"Desserts,  Bakery and Confectionary",5,2,500
Kabhi B,"Akota, Central Vadodara", Central Vadodara,Vadodara,"Desserts,  Bakery and Confectionary",5,2,600
Coffee Yard,"Akota, Central Vadodara", Central Vadodara,Vadodara,Fast Food,2,2,400
Da Pizzarium,"Gotri, West Vadodara", West Vadodara,Vadodara,"Italian,  Pizza",4.4,2,400
Pizzini Pizza,"Kendranagar, East Vadodara", East Vadodara,Vadodara,"Fast Food,  Pizza",4,2,500
Side Walk,"Hotel Hardeo,Sitabuldi, Central Nagpur", Central Nagpur,Nagpur,"North Indian,  Chinese,  Asian",4.3,2,1600
The Locals Bar & Cafe,"AD Complex,Sadar, West Nagpur", West Nagpur,Nagpur,"North Indian,  Continental,  Mexican",4.4,2,900
Lush House,"Bajaj Nagar, West Nagpur", West Nagpur,Nagpur,"Multi-Cuisine,  North Indian,  Chinese,  American,  Afghani",3,2,800
Mr. Hops Brew Cafe,"Wardha Road, South Nagpur", South Nagpur,Nagpur,"Italian,  Chinese",5,2,500
MiCasa,"Gokulpeth, West Nagpur", West Nagpur,Nagpur,"North Indian,  Chinese",4.6,2,1200
Taco Bell,"LuLu Mall,Edappally, East Kochi", East Kochi,Kochi,"Mexican,  Fast Food",3.5,2,500
Bakers Bunch,"Aagam Arcade,Vesu, South Surat", South Surat,Surat,"Fast Food,  Bakery and Confectionary",2.1,2,500
Bakers Bunch,"Krutika Society,City Light, South Surat", South Surat,Surat,"Fast Food,  Bakery and Confectionary",4.6,2,500
G Dada,"Adajan Gam, West Surat", West Surat,Surat,"North Indian,  Gujarati",1,2,500
DR Pizza and Foods,"Varachha, East Surat", East Surat,Surat,"Fast Food,  Pizza,  Italian",5,2,500
Confusion Off,"Industrial Area, South Ludhiana", South Ludhiana,Ludhiana,"North Indian,  Chinese",4.4,2,900
Brix,"Industrial Area, South Ludhiana", South Ludhiana,Ludhiana,"Fast Food,  Italian",4.4,2,900
V2V Restaurant,"Hotel V2V,Samrala Chowk, East Ludhiana", East Ludhiana,Ludhiana,"Multi-Cuisine,  North Indian,  Italian,  Chinese,  Continental,  Oriental ",5,2,800
Shahi Khansama,"Model Town, South Ludhiana", South Ludhiana,Ludhiana,"North Indian,  Chinese,  Fast Food",4,2,800
Captain Sam's,"Gurdev Nagar, Central Ludhiana", Central Ludhiana,Ludhiana,"Fast Food,  Pizza",5,2,800
Hera Feri Fries,"BRS Nagar, West Ludhiana", West Ludhiana,Ludhiana,Fast Food,4.4,2,400
Ice Cream Studio,"Sarabha Nagar, West Ludhiana", West Ludhiana,Ludhiana,"Desserts,  Ice Cream",1,2,600
Mughal-E-Hazam,"Connaught Place, Central Delhi", Central Delhi,Delhi,North Indian,5,1,1200
Thalassery Restaurant,"Rajinder Nagar, West Delhi", West Delhi,Delhi,"North Indian,  Chinese,  Fast Food",5,1,800
The Waffle Co.,"Rajinder Nagar, West Delhi", West Delhi,Delhi,"Desserts,  Waffle,  Shakes",5,1,400
Bake Club,"East Patel Nagar, West Delhi", West Delhi,Delhi,"Bakery and Confectionary,  Desserts,  Fast Food",5,1,500
Tikka Junction,"Kamla Nagar, North Delhi", North Delhi,Delhi,"North Indian,  Chinese",4,1,1500
3 Friends Pizza,"Pandav Nagar, East Delhi", East Delhi,Delhi,Pizza,5,1,400
Cafe Emoji's,"Moti Bagh, South Delhi", South Delhi,Delhi,Fast Food,5,1,500
Bhalla King,"Lajpat Nagar - 2, South Delhi", South Delhi,Delhi,"Street Food,  Fast Food",5,1,300
Ada'e Haandi's,"RK Puram, South Delhi", South Delhi,Delhi,"North Indian,  Mughlai,  Chinese",5,1,800
KOST,"Lajpat Nagar - 4, South Delhi", South Delhi,Delhi,"Italian,  Chinese,  Fast Food",5,1,1000
The Waffle Co.,"Naraina, West Delhi", West Delhi,Delhi,"Desserts,  Waffle,  Shakes",5,1,400
Anupama Sweet,"Kailash Colony, South Delhi", South Delhi,Delhi,"North Indian,  South Indian,  Fast Food,  Mithai",5,1,400
Giani,"Model Town 2, North Delhi", North Delhi,Delhi,"Desserts,  Ice Cream,  Shakes",4,1,400
Defaulter Cafe,"Moti Bagh, South Delhi", South Delhi,Delhi,"North Indian,  Chinese,  Continental",1,1,800
Ambarsariya Spice,"Rajouri Garden, West Delhi", West Delhi,Delhi,"North Indian,  Chinese",5,1,1500
Spice Aangan,"SDA Market,SDA, South Delhi", South Delhi,Delhi,"North Indian,  Mughlai",5,1,600
Dhansoo Cafe,"Tagore Garden, West Delhi", West Delhi,Delhi,"North Indian,  Seafood,  Street Food",4,1,2000
Meethi By Wok In The Clouds,"Rajouri Garden, West Delhi", West Delhi,Delhi,"Desserts,  Mithai",4,1,1000
The Waffle Co.,"Greater Kailash - 2, South Delhi", South Delhi,Delhi,"Desserts,  Waffle,  Shakes",5,1,400
The Waffle Co.,"Shalimar Bagh, North Delhi", North Delhi,Delhi,"Desserts,  Waffle,  Shakes",4,1,400
Munchies Midnight Delivery,"Vardhman Sunrise Plaza,Vasundhara Enclave, East Delhi", East Delhi,Delhi,Fast Food,5,1,400
Six Degree Cakes and Coffees,"Safdarjung Enclave Market,Safdarjung, South Delhi", South Delhi,Delhi,Bakery and Confectionary,1,1,500
Sardar-Ji-Bakhsh Coffee & Co.,"Aggarwal Millennium Tower,Netaji Subhash Place, North Delhi", North Delhi,Delhi,"Fast Food,  Coffee,  Desserts",3,1,700
Little Chef,"Kalkaji, South Delhi", South Delhi,Delhi,"North Indian,  Mughlai,  Chinese",4,1,600
Wendy's,"Kalkaji, South Delhi", South Delhi,Delhi,"Fast Food,  Burger,  American",5,1,500
Food Uncensored,"Sheikh Sarai, South Delhi", South Delhi,Delhi,Fast Food,5,1,400
Madly Bangalee,"Chittaranjan Park, South Delhi", South Delhi,Delhi,Bengali,3,1,800
Bread Talk,"Select Citywalk Mall,Saket, South Delhi", South Delhi,Delhi,"Desserts,  Fast Food,  Bakery and Confectionary",4,1,500
M Dosa Express,"Jail Road, West Delhi", West Delhi,Delhi,South Indian,5,1,400
Noire - Live Kitchen,"Greater Kailash - 2, South Delhi", South Delhi,Delhi,"Italian,  Continental",3,1,1500
Pizza Connection,"Kalkaji, South Delhi", South Delhi,Delhi,"Fast Food,  Pizza,  Italian",5,1,500
Giani,"Subhash Nagar, West Delhi", West Delhi,Delhi,"Desserts,  Ice Cream,  Shakes",1,1,400
Mughal Punjab,"Vasant Arcade Shopping Complex,Vasant Kunj, South Delhi", South Delhi,Delhi,"North Indian,  Mughlai",4,1,900
The Cake Mistri,"Paschim Vihar, West Delhi", West Delhi,Delhi,"Fast Food,  Bakery and Confectionary,  Desserts",5,1,500
Big Belly Burger,"Sainik Farms, South Delhi", South Delhi,Delhi,Burger,5,1,500
The Shalimar Xpress,"Sahibabad, Ghaziabad", Ghaziabad,Ghaziabad,"North Indian,  Chinese",4,1,800
Punjabi By Nature Express,"Vasant Kunj, South Delhi", South Delhi,Delhi,North Indian,1,1,1100
The Mint Food,"Rohini, North Delhi", North Delhi,Delhi,"North Indian,  Chinese",5,1,700
Shree Maakhan,"Vikaspuri, West Delhi", West Delhi,Delhi,"North Indian,  Chinese,  Continental,  South Indian",5,1,400
Chick Chicken Barbeque,"Indirapuram, Ghaziabad", Ghaziabad,Ghaziabad,"North Indian,  Chinese,  Mughlai",5,1,800
Giani,"Dwarka, West Delhi", West Delhi,Delhi,"Desserts,  Ice Cream,  Shakes",5,1,400
Hungry Hackers,"Jaipuria Sunrise Plaza,Indirapuram, Ghaziabad", Ghaziabad,Ghaziabad,Fast Food,5,1,600
Cinnamon Courtyard,"Aditya City Centre,Indirapuram, Ghaziabad", Ghaziabad,Ghaziabad,"North Indian,  Continental,  Oriental ",1,1,1500
Hong Kong Express,"Vasant Kunj, South Delhi", South Delhi,Delhi,"Chinese,  Thai",1,1,800
Cake Palace,"Dwarka, West Delhi", West Delhi,Delhi,"Fast Food,  Bakery and Confectionary,  Desserts",5,1,400
Appetizing Bakes,"Kapashera, South Delhi", South Delhi,Delhi,"Desserts,  Bakery and Confectionary,  Fast Food",5,1,300
New Ferringhi Garden & Restaurant,"DLF Phase - 2, Gurgaon", Gurgaon,Gurgaon,"North Indian,  Chinese,  Mughlai",5,1,800
Blue Tokai Coffee Roasters,"DLF Phase - 1, Gurgaon", Gurgaon,Gurgaon,"Coffee,  Fast Food",5,1,900
Chaayos,"DLF Qutub Plaza Complex,DLF Phase - 1, Gurgaon", Gurgaon,Gurgaon,"Street Food,  Tea,  Fast Food",5,1,500
The Mask Cafe And Lounge,"Kingswood Avenue,Crossings Republik, Ghaziabad", Ghaziabad,Ghaziabad,"Multi-Cuisine,  North Indian,  Italian,  Chinese,  Mexican,  American",5,1,1300
Chaayos,"DLF Phase - 1, Gurgaon", Gurgaon,Gurgaon,"Street Food,  Tea,  Fast Food",4,1,500
Mogli's Coffee,"City Centre Mall,MG Road, Gurgaon", Gurgaon,Gurgaon,"Fast Food,  Coffee",5,1,700
Gola Sizzlers,"Raj Nagar, Ghaziabad", Ghaziabad,Ghaziabad,"Sizzlers,  North Indian,  Chinese",4,1,1100
The Burger Club,"Sector 14, Gurgaon", Gurgaon,Gurgaon,"Burger,  Fast Food",5,1,600
Mogli's Coffee,"Sector 67, Gurgaon", Gurgaon,Gurgaon,"Italian,  Continental,  American,  Fast Food,  Desserts",5,1,800
Bizibean,"DLF Star Mall,Sector 30, Gurgaon", Gurgaon,Gurgaon,"Fast Food,  Coffee,  Tea",5,1,500
Bollywood Tadka,"Sector 31, Gurgaon", Gurgaon,Gurgaon,"North Indian,  Chinese,  Mughlai,  Fast Food",5,1,800
Mughal-Fe by Crepe-Fe,"Ardee City, Gurgaon", Gurgaon,Gurgaon,"North Indian,  Mughlai",5,1,900
ABC Biryani Wala,"NIT, Faridabad", Faridabad,Noida,Biryani,5,1,300
Houz Cafe Bar,"Sector 65, Gurgaon", Gurgaon,Gurgaon,"World Cuisine,  Italian,  Mediterranean,  French,  Lebanese,  Indian Cuisine",5,1,2200
Coffee Ville,"Sohna Road, Gurgaon", Gurgaon,Gurgaon,"Coffee,  Health Food",1,1,400
Stop My Starvation,"Sohna Road, Gurgaon", Gurgaon,Gurgaon,"Desserts,  Fast Food,  Shakes,  Waffle",5,1,600
Grill Inn,"The Grand Venice Mall,Surajpur Site 4, NCR Greater Noida", NCR Greater Noida,Noida,Fast Food,1,1,500
Kake Da Hotel,"Powai, Powai", Powai,Mumbai,"North Indian,  Chinese,  Mughlai",5,1,900
Flax,"Powai Plaza,Powai, Powai", Powai,Mumbai,Health Food,4,1,900
Pizza Caprina,"Premier Emperor Building,Marol, Andheri East", Andheri East,Mumbai,"Pizza,  Italian",5,1,400
Thambbi,"Ghatkopar West, Central Suburbs", Central Suburbs,Mumbai,"North Indian,  South Indian",1,1,800
FoodPost,"Marol, Andheri East", Andheri East,Mumbai,"North Indian,  Chinese",4,1,1000
White Barn - Waterstones Club,"Marol, Andheri East", Andheri East,Mumbai,"North Indian,  Continental",5,1,1400
Rome Pizzeria,"Near Andheri East Station, Andheri East", Andheri East,Mumbai,"Italian,  Pizza",5,1,400
Wowfillss,"Parel, South Mumbai", South Mumbai,Mumbai,"Bakery and Confectionary,  Waffle,  Desserts,  Shakes",5,1,500
The Float House,"Mulund West, Central Suburbs", Central Suburbs,Mumbai,"North Indian,  Fast Food,  Italian,  Chinese",5,1,900
The Pancake Story,"Narayan Niwas,Vile Parle East, Andheri East", Andheri East,Mumbai,"Desserts,  Fast Food",5,1,500
The Food Master,"Vashi, Navi Mumbai", Navi Mumbai,Mumbai,Fast Food,5,1,500
Blisss,"Vashi, Navi Mumbai", Navi Mumbai,Mumbai,Bakery and Confectionary,5,1,300
Burn by KLS Fine Dine,"Veera Desai, Andheri West", Andheri West,Mumbai,"North Indian,  Chinese",4,1,1400
Hangla's,"Near Andheri West Station, Andheri West", Andheri West,Mumbai,"Fast Food,  North Indian",5,1,500
99 Pancakes,"Silver Croft Building,Bandra West, Bandra", Bandra,Mumbai,"Bakery and Confectionary,  Desserts,  Fast Food,  Shakes",5,1,500
Punjabi Rasoi,"Hari Niwas,Bandra West, Bandra", Bandra,Mumbai,"North Indian,  Chinese,  Mughlai",4,1,600
Dhamaka Cafe & Lounge Bar,"Bandra West, Bandra", Bandra,Mumbai,"Italian,  Continental,  Chinese,  Mughlai",4,1,1500
Cafe Nutrithink,"Panch Pakhadi, Thane", Thane,Mumbai,"Continental,  Health Food",4,1,1000
British Waffle Co.,"Vastu Tower,Goregaon East, North Western", North Western,Mumbai,"Waffle,  Desserts,  Shakes",1,1,400
BrewDog Mid-Town Mumbai,"Lower Parel, South Mumbai", South Mumbai,Mumbai,"North Indian,  European,  Asian",5,1,1600
House of Misal,"Borivali West, North Western", North Western,Mumbai,"Maharashtrian,  Street Food",5,1,200
"Ambrosia Cakes, Bakes and Snacks","Malad West, North Western", North Western,Mumbai,"Desserts,  Bakery and Confectionary",4,1,400
Amar Juice & Restaurant,"Borivali West, North Western", North Western,Mumbai,"Multi-Cuisine,  North Indian,  Chinese,  South Indian,  Mexican,  Street Food,  Fast Food,  Juice,  Shakes",4,1,500
Yum In Tum,"Borivali West, North Western", North Western,Mumbai,"Italian,  Lebanese,  Fast Food",5,1,400
GASTRONOM,"Bhailal Building,Lower Parel, South Mumbai", South Mumbai,Mumbai,"Asian,  Italian,  Chinese",4,1,800
Tokyo Treat,"Bhailal Building,Lower Parel, South Mumbai", South Mumbai,Mumbai,"Japanese,  Sushi",3,1,1000
99 Pancakes,"Lower Parel, South Mumbai", South Mumbai,Mumbai,"Bakery and Confectionary,  Desserts,  Fast Food,  Shakes",4,1,500
Thee Confectionery,"Lower Parel, South Mumbai", South Mumbai,Mumbai,"Desserts,  Bakery and Confectionary",1,1,600
Hotel Sindhudurga Coastal,"Kharghar, Navi Mumbai", Navi Mumbai,Mumbai,"Seafood,  Malvani",5,1,700
Ministry of Sounds,"Cosmos Jewels,Ghodbunder Road, Thane", Thane,Mumbai,"North Indian,  Chinese,  Fast Food",4,1,1000
Eggsplore,"Essel World,Borivali West, North Western", North Western,Mumbai,"Fast Food,  Street Food",5,1,500
My Cafe,"Mira Road East, North Western", North Western,Mumbai,Fast Food,5,1,500
Flax,"Hubtown Skybay,Breach Candy, South Mumbai", South Mumbai,Mumbai,Health Food,3,1,900
99 Pancakes,"Sukh Sagar Building,Girgaum, South Mumbai", South Mumbai,Mumbai,"Bakery and Confectionary,  Desserts,  Fast Food,  Shakes",1,1,500
Tibbs Frankie,"CR2 Mall,Nariman Point, South Mumbai", South Mumbai,Mumbai,Fast Food,5,1,300
Tibbs Frankie,"Cuffe Parade, South Mumbai", South Mumbai,Mumbai,Fast Food,5,1,500
Wings On Fire,"Dattani Square Mall,Vasai West, North Western", North Western,Mumbai,"North Indian,  Chinese,  Continental,  Mughlai",5,1,1000
RCB Bar & Cafe,"Church Street, Central Bangalore", Central Bangalore,Bangalore,Finger Food,5,1,1800
Pizza Stop,"Lavelle Road, Central Bangalore", Central Bangalore,Bangalore,"Pizza,  Fast Food",5,1,500
Mirage,"Ashok Nagar, Central Bangalore", Central Bangalore,Bangalore,"Seafood,  Asian,  South American",5,1,2500
Gelateria Montecatini Terme,"Lavelle Road, Central Bangalore", Central Bangalore,Bangalore,"Desserts,  Ice Cream",4,1,300
Nandhini Deluxe,"St. Marks Road, Central Bangalore", Central Bangalore,Bangalore,"Multi-Cuisine,  North Indian,  Chinese,  Seafood,  Andhra",4,1,1300
Sweet Chariot,"Residency Road, Central Bangalore", Central Bangalore,Bangalore,Bakery and Confectionary,4,1,400
Little White Kitchen,"Brigade Road, Central Bangalore", Central Bangalore,Bangalore,"Fast Food,  Chinese,  Continental",5,1,500
Sreeraj Lassi Bar,"Shivaji Nagar, Central Bangalore", Central Bangalore,Bangalore,"Desserts,  Ice Cream,  Shakes",5,1,200
Bon Sante,"Brigade Road, Central Bangalore", Central Bangalore,Bangalore,"Italian,  Continental",3,1,800
Taamara,"Race Course Road, West Bangalore", West Bangalore,Bangalore,"Chinese,  South Indian,  North Indian",5,1,600
Juice Junction,"Wilson Garden, South Bangalore", South Bangalore,Bangalore,"Fast Food,  Juice",5,1,200
Ramji Chaiwale,"Ulsoor, Central Bangalore", Central Bangalore,Bangalore,"Tea,  Fast Food",5,1,300
Sweet Chariot,"Prestige Center Point,Cunningham Road, Central Bangalore", Central Bangalore,Bangalore,Bakery and Confectionary,3,1,400
Kanti Sweets,"Majestic, West Bangalore", West Bangalore,Bangalore,"Mithai,  Desserts",2.8,1,500
Sreeraj Lassi Bar,"Wilson Garden, South Bangalore", South Bangalore,Bangalore,"Desserts,  Ice Cream",5,1,200
Lassi Shop,"Shivaji Nagar, Central Bangalore", Central Bangalore,Bangalore,"Drinks,  Ice Cream",4,1,300
Daivik,"Race Course Road, West Bangalore", West Bangalore,Bangalore,"North Indian,  Chinese,  South Indian",3,1,500
C Sharp Kitchen,"Church Street, Central Bangalore", Central Bangalore,Bangalore,"Continental,  North Indian,  Chinese",1,1,600
Chicano,"Frazer Town, North Bangalore", North Bangalore,Bangalore,"Fast Food,  Pizza,  Italian",5,1,500
Kanti Sweets,"Vasanth Nagar, Central Bangalore", Central Bangalore,Bangalore,"Mithai,  Desserts",2,1,500
JuiceMaker,"Vasanth Nagar, Central Bangalore", Central Bangalore,Bangalore,Fast Food,1,1,400
Vasudev Adiga's,"Gajanana Tower,Majestic, West Bangalore", West Bangalore,Bangalore,"South Indian,  North Indian,  Chinese",1,1,500
Fanoos,"Frazer Town, North Bangalore", North Bangalore,Bangalore,North Indian,5,1,400
Sigdee,"Frazer Town, North Bangalore", North Bangalore,Bangalore,"North Indian,  Chinese,  Fast Food",4,1,500
Frozen Bottle,"ETA Mall,Magadi Road, West Bangalore", West Bangalore,Bangalore,"Shakes,  Desserts,  Ice Cream",4,1,400
Sandwichwallas,"Basavanagudi, South Bangalore", South Bangalore,Bangalore,"Fast Food,  Pizza,  Shakes",5,1,300
Shruti Delicacy,"Koramangala, South Bangalore", South Bangalore,Bangalore,"South Indian,  North Indian,  Chinese",5,1,400
Gullu's Chat,"Seshadripuram, West Bangalore", West Bangalore,Bangalore,Street Food,2,1,300
Kanti Sweets,"Jayanagar, South Bangalore", South Bangalore,Bangalore,"Mithai,  Desserts",5,1,500
IceBreakers,"Koramangala, South Bangalore", South Bangalore,Bangalore,"Desserts,  Ice Cream,  Shakes,  Waffle",5,1,400
Chetty's Coffee,"Indiranagar, East Bangalore", East Bangalore,Bangalore,South Indian,5,1,200
Tarbouche,"Koramangala, South Bangalore", South Bangalore,Bangalore,Turkish,4,1,300
Ice Cream Lab,"Koramangala, South Bangalore", South Bangalore,Bangalore,"Desserts,  Ice Cream",5,1,300
Fanoos Xprss,"Jayanagar, South Bangalore", South Bangalore,Bangalore,North Indian,5,1,600
Malabar Cafe,"BTM Layout, South Bangalore", South Bangalore,Bangalore,"South Indian,  Kerala",5,1,400
Sweet Chariot,"Koramangala, South Bangalore", South Bangalore,Bangalore,Bakery and Confectionary,4,1,400
Chaatimes,"HanumanthaNagar, South Bangalore", South Bangalore,Bangalore,"Street Food,  Chaat",3,1,200
Dr. Bubbles,"Jayanagar, South Bangalore", South Bangalore,Bangalore,"Ice Cream,  Waffle,  Desserts",4,1,400
Lassi Bistro,"Rajajinagar, West Bangalore", West Bangalore,Bangalore,"Shakes,  Ice Cream,  Drinks",5,1,200
Kanti Sweets,"Koramangala, South Bangalore", South Bangalore,Bangalore,"Mithai,  Desserts",5,1,500
Shawarma Time,"Ulsoor, Central Bangalore", Central Bangalore,Bangalore,Arabian,1,1,300
Kanti Sweets,"RT Nagar, North Bangalore", North Bangalore,Bangalore,"Mithai,  Desserts",5,1,500
Potful,"JP Nagar, South Bangalore", South Bangalore,Bangalore,"North Indian,  Biryani",4,1,800
Ramji Chaiwale,"Anjaneya Techno Park,Old Airport Road, East Bangalore", East Bangalore,Bangalore,"Tea,  Fast Food",4,1,300
Hotel The Emirates,"Madiwala, South Bangalore", South Bangalore,Bangalore,"Multi-Cuisine,  North Indian,  Chinese,  South Indian,  Arabian",5,1,600
Tummy Fuel,"Jayanagar, South Bangalore", South Bangalore,Bangalore,"Fast Food,  Chaat,  Drinks",4,1,500
Kanti Sweets,"New Thippasandra, East Bangalore", East Bangalore,Bangalore,"Mithai,  Desserts",5,1,500
Kanti Sweets,"New BEL Road, North Bangalore", North Bangalore,Bangalore,"Mithai,  Desserts",4,1,500
Kanti Sweets,"Ganga Nagar, North Bangalore", North Bangalore,Bangalore,"Mithai,  Desserts",2.8,1,500
Coco Barista,"BTM Layout, South Bangalore", South Bangalore,Bangalore,Fast Food,5,1,400
The Jade Kitchen,"JP Nagar, South Bangalore", South Bangalore,Bangalore,"Chinese,  Thai,  North Indian",5,1,600
Sreeraj Lassi Bar,"Jayanagar, South Bangalore", South Bangalore,Bangalore,"Desserts,  Ice Cream,  Shakes",1,1,200
Muralikrishna,"Bannerghatta Road, South Bangalore", South Bangalore,Bangalore,"North Indian,  Andhra",5,1,700
Royal Calcutta,"Koramangala, South Bangalore", South Bangalore,Bangalore,"Bengali,  North Indian,  Chinese",5,1,400
Thanco's Natural Ice Cream,"Vijay Nagar, West Bangalore", West Bangalore,Bangalore,"Ice Cream,  Desserts",5,1,400
Thanco's Natural Ice Cream,"Yeshwantpur, North Bangalore", North Bangalore,Bangalore,"Ice Cream,  Desserts",5,1,400
Sandwich Hub,"Jayanagar, South Bangalore", South Bangalore,Bangalore,Fast Food,1,1,300
Chaat Street,"Kalyan Nagar, North Bangalore", North Bangalore,Bangalore,"Street Food,  Chaat",5,1,200
Express By AB's,"Kalyan Nagar, North Bangalore", North Bangalore,Bangalore,"North Indian,  Barbecue",5,1,400
Swagatham Rayalaseema Ruchulu,"Kalyan Nagar, North Bangalore", North Bangalore,Bangalore,"North Indian,  Andhra,  Biryani",5,1,600
Shree Mahalakshmi Sweets,"Nagarbhavi, West Bangalore", West Bangalore,Bangalore,"Mithai,  Street Food",5,1,400
Pizza Stop,"JP Nagar, South Bangalore", South Bangalore,Bangalore,"Pizza,  Fast Food",4,1,500
Leon Grill,"JP Nagar, South Bangalore", South Bangalore,Bangalore,"Mexican,  Burger,  Fast Food",4,1,600
Alter Ego D'Deli Cafe,"HRBR Layout, East Bangalore", East Bangalore,Bangalore,"Continental,  Italian,  Burger",3,1,800
Thai Gallery,"Banaswadi, North Bangalore", North Bangalore,Bangalore,Thai,5,1,700
Kanti Sweets,"Ganga Complex,New BEL Road, North Bangalore", North Bangalore,Bangalore,"Mithai,  Desserts",4,1,500
Pappu Chaiwala Restaurant & Cafe,"HSR Layout, South Bangalore", South Bangalore,Bangalore,"Fast Food,  North Indian,  Street Food,  Tea",5,1,300
Pappu Chaiwale Restaurant & Cafe,"Vijay Nagar, West Bangalore", West Bangalore,Bangalore,Fast Food,1,1,500
Pie Square,"JP Nagar, South Bangalore", South Bangalore,Bangalore,"Italian,  Pizza,  Fast Food",3,1,800
House Of Lassi,"Bommanahalli, South Bangalore", South Bangalore,Bangalore,"Shakes,  Ice Cream,  Fast Food",5,1,300
Sweet Chariot,"Basaveshwara Nagar, West Bangalore", West Bangalore,Bangalore,Bakery and Confectionary,1,1,400
Chaai Resto,"Kalyan Nagar, North Bangalore", North Bangalore,Bangalore,"Tea,  Fast Food",2,1,200
Fresh Press Canteen,"JP Nagar, South Bangalore", South Bangalore,Bangalore,Fast Food,5,1,500
Krazy Adda,"Basaveshwara Nagar, West Bangalore", West Bangalore,Bangalore,"Fast Food,  Pizza,  Desserts,  Ice Cream,  Shakes",1,1,400
Bamboo Hut,"SPR Comforts,Nagarbhavi, West Bangalore", West Bangalore,Bangalore,"Chinese,  Continental,  Thai,  Mexican",3,1,700
Kung Food,"Banaswadi, North Bangalore", North Bangalore,Bangalore,"Chinese,  Thai",3,1,800
Saapad Raman,"Banaswadi, North Bangalore", North Bangalore,Bangalore,"South Indian,  Chettinad",1,1,400
Kanti Bakes and Flakes,"Sobha Arcade,Bannerghatta Road, South Bangalore", South Bangalore,Bangalore,"Mithai,  Desserts",5,1,500
Frozen Bottle,"Doddanekundi, East Bangalore", East Bangalore,Bangalore,"Shakes,  Desserts,  Ice Cream",5,1,400
Shawarma Inc,"Vega City Mall,Bannerghatta Road, South Bangalore", South Bangalore,Bangalore,"Fast Food,  Arabian",1,1,300
Shanghai Times,"Vega City Mall,Bannerghatta Road, South Bangalore", South Bangalore,Bangalore,Chinese,1,1,400
Baohood,"Hebbal, North Bangalore", North Bangalore,Bangalore,"Chinese,  Fast Food",5,1,600
Rad Bistro,"Red Shore Plaza,Hebbal, North Bangalore", North Bangalore,Bangalore,"Continental,  Fast Food",3,1,500
The Wokchow,"Mathikere, North Bangalore", North Bangalore,Bangalore,"Chinese,  Thai",1,1,400
Juice Junction,"JP Nagar, South Bangalore", South Bangalore,Bangalore,"Fast Food,  Juice",1,1,200
Cream & Fudge,"JP Nagar, South Bangalore", South Bangalore,Bangalore,"Desserts,  Ice Cream,  Shakes",5,1,300
The Paramount Hotel,"HRBR Layout, East Bangalore", East Bangalore,Bangalore,"North Indian,  Seafood,  Fast Food,  Biryani",1,1,800
Thanco's Natural Ice Cream,"JP Nagar, South Bangalore", South Bangalore,Bangalore,"Ice Cream,  Desserts",5,1,400
Chaatimes,"JP Nagar, South Bangalore", South Bangalore,Bangalore,"Street Food,  Chaat",4,1,200
Shree Mahalakshmi Sweets,"Sahakara Nagar, North Bangalore", North Bangalore,Bangalore,"Mithai,  Street Food",5,1,400
Chef Baker's,"Mahadevapura, East Bangalore", East Bangalore,Bangalore,"Bakery and Confectionary,  Desserts,  Fast Food",5,1,600
Momo Jojo,"JP Nagar, South Bangalore", South Bangalore,Bangalore,"Chinese,  Seafood,  Tibetan",3,1,400
Kanti Sweets,"Hennur, North Bangalore", North Bangalore,Bangalore,"Mithai,  Desserts",1,1,500
Suras Kitchen,"Rajarajeshwari Nagar, West Bangalore", West Bangalore,Bangalore,"North Indian,  Chinese",5,1,700
Kanti Sweets,"Bannerghatta Road, South Bangalore", South Bangalore,Bangalore,"Mithai,  Desserts",5,1,500
Chef Baker's,"Nagawara, North Bangalore", North Bangalore,Bangalore,"Bakery and Confectionary,  Desserts,  Fast Food",1,1,600
Thanco's Natural Ice Cream,"Infantry Road, Central Bangalore", Central Bangalore,Bangalore,"Ice Cream,  Desserts",5,1,400
Potful,"Sarjapur Road, South Bangalore", South Bangalore,Bangalore,"North Indian,  Biryani",4,1,800
Chef Baker's,"Bellandur, South Bangalore", South Bangalore,Bangalore,"Bakery and Confectionary,  Desserts,  Fast Food",4,1,600
Kanti Sweets,"JP Nagar, South Bangalore", South Bangalore,Bangalore,"Mithai,  Desserts",1,1,500
Kanti Bakes and Flakes,"Sahakara Nagar, North Bangalore", North Bangalore,Bangalore,"Mithai,  Desserts",3,1,500
Bake Delite,"Kumaraswamy Layout, South Bangalore", South Bangalore,Bangalore,Desserts,1,1,200
Punjabi Masala,"Rajarajeshwari Nagar, West Bangalore", West Bangalore,Bangalore,"North Indian,  Rajasthani",5,1,600
Floating Cafe,"Chikkajala, North Bangalore", North Bangalore,Bangalore,"Italian,  Indian Cuisine",5,1,400
Kanti Sweets,"Hanumakka Patel Ramaiah Complex,Hennur, North Bangalore", North Bangalore,Bangalore,"Mithai,  Desserts",4,1,500
Bowl Macha,"Bannerghatta Road, South Bangalore", South Bangalore,Bangalore,"North Indian,  Health Food",5,1,500
Buzz A Pizza,"Bannerghatta Road, South Bangalore", South Bangalore,Bangalore,"Italian,  Pizza",5,1,600
Indian Paratha Factory,"HSR Layout, South Bangalore", South Bangalore,Bangalore,North Indian,1,1,300
Kanti Sweets,"Jalahalli, North Bangalore", North Bangalore,Bangalore,"Mithai,  Desserts",5,1,500
Kanti Sweets,"Rajarajeshwari Nagar, West Bangalore", West Bangalore,Bangalore,"Mithai,  Desserts",4,1,500
Kanti Sweets,"KR Puram, East Bangalore", East Bangalore,Bangalore,"Mithai,  Desserts",3,1,500
Express By AB's,"Marathahalli, East Bangalore", East Bangalore,Bangalore,"North Indian,  Barbecue",4,1,400
Kanti Bakes & Flakes,"Sarjapur Road, South Bangalore", South Bangalore,Bangalore,"Mithai,  Desserts",2.8,1,500
Bangalore Bites,"Rajarajeshwari Nagar, West Bangalore", West Bangalore,Bangalore,"Italian,  Chinese",1,1,300
Vasudev Adiga's,"Hari Sai Complex,Kengeri, West Bangalore", West Bangalore,Bangalore,"South Indian,  North Indian,  Chinese",5,1,500
Thanco's Natural Ice Cream,"Yelahanka, North Bangalore", North Bangalore,Bangalore,"Ice Cream,  Desserts",5,1,400
Frozen Bottle,"Brookefield Mall,Brookefields, East Bangalore", East Bangalore,Bangalore,"Shakes,  Desserts,  Ice Cream",5,1,400
Grill Biryanis,"Jalahalli, North Bangalore", North Bangalore,Bangalore,"North Indian,  Biryani",1,1,600
Cultch Resto Cafe,"Marathahalli, East Bangalore", East Bangalore,Bangalore,"Chinese,  Continental,  Drinks",5,1,600
East Delicious,"Marathahalli, East Bangalore", East Bangalore,Bangalore,"Chinese,  Thai",4,1,500
Maria Taste Circle,"Marathahalli, East Bangalore", East Bangalore,Bangalore,"Kerala,  North Indian,  Chinese,  Seafood",1,1,600
Kanti Sweets,"Jalahalli, North Bangalore", North Bangalore,Bangalore,Mithai,4,1,500
Kanti Sweets,"Yelahanka, North Bangalore", North Bangalore,Bangalore,"Mithai,  Desserts",5,1,500
Cake Dilim,"Bellandur, South Bangalore", South Bangalore,Bangalore,"Bakery and Confectionary,  Desserts",1,1,400
Five Star Chicken,"Kundalahalli, East Bangalore", East Bangalore,Bangalore,Fast Food,2,1,300
Shanghai Times,"Brookefield Mall,Brookefields, East Bangalore", East Bangalore,Bangalore,Chinese,2,1,400
Snoopy Paws Cafe,"Yelahanka, North Bangalore", North Bangalore,Bangalore,Fast Food,5,1,600
Andhra Biryanis,"Whitefield, East Bangalore", East Bangalore,Bangalore,"North Indian,  Chinese",4,1,600
Five Star Chicken,"Narendrappe Complex,Whitefield, East Bangalore", East Bangalore,Bangalore,Fast Food,1,1,300
Curry On Tikka,"Electronic City, South Bangalore", South Bangalore,Bangalore,"North Indian,  Fast Food",5,1,600
The Platonic Cafe,"Electronic City, South Bangalore", South Bangalore,Bangalore,"Desserts,  Ice Cream,  Fast Food,  Shakes",5,1,600
Five Star Chicken,"Poornima Complex,Whitefield, East Bangalore", East Bangalore,Bangalore,Fast Food,5,1,300
The Paramount Hotel,"Electronic City, South Bangalore", South Bangalore,Bangalore,North Indian,1,1,800
The Nest,"The Den Bengaluru,Whitefield, East Bangalore", East Bangalore,Bangalore,Finger Food,1,1,1800
Tikhi Mirch,"Yelahanka, North Bangalore", North Bangalore,Bangalore,"North Indian,  Chinese,  Continental",3,1,700
Cake Dilim,"Sarjapur Road, South Bangalore", South Bangalore,Bangalore,"Bakery and Confectionary,  Desserts",5,1,400
Kabab Mandra,"KR Puram, East Bangalore", East Bangalore,Bangalore,North Indian,1,1,400
American Bites,"Sarjapur Road, South Bangalore", South Bangalore,Bangalore,"Fast Food,  Burger",5,1,500
Cinnamon - By Click Hotels,"Doddajala, North Bangalore", North Bangalore,Bangalore,"North Indian,  Continental",5,1,1300
Lotus Bar,"Royal Lotus View,Chikkajala, North Bangalore", North Bangalore,Bangalore,"Chinese,  Italian",3,1,700
Kanti Sweets,"Doddaballapura, North Bangalore", North Bangalore,Bangalore,"Mithai,  Desserts",3,1,500
Chai Nagri,"Koramangala, South Bangalore", South Bangalore,Bangalore,"Fast Food,  Coffee,  Tea,  Shakes",5,1,500
Murugan Idli Shop,"West Mambalam, West Chennai", West Chennai,Chennai,South Indian,5,1,300
Hotel Saravana Bhavan,"Thyagaraya Nagar, Central Chennai", Central Chennai,Chennai,"South Indian,  North Indian,  Chinese",3.8,1,600
Murugan Idli Shop,"Thyagaraya Nagar, Central Chennai", Central Chennai,Chennai,South Indian,3,1,300
Madras Coffee House,"Vadapalani, West Chennai", West Chennai,Chennai,"Street Food,  Coffee,  Desserts",5,1,200
Madras Coffee House,"Alwarpet, Central Chennai", Central Chennai,Chennai,"Street Food,  Coffee,  Desserts",5,1,200
Cake Waves,"Avadi, North Chennai", North Chennai,Chennai,"Desserts,  Bakery and Confectionary,  Fast Food",5,1,400
Hotel Saravana Bhavan,"Saligramam, West Chennai", West Chennai,Chennai,"South Indian,  North Indian,  Chinese",4,1,600
Cake Waves,"Arumbakkam, West Chennai", West Chennai,Chennai,"Desserts,  Bakery and Confectionary,  Fast Food",5,1,400
Le Wrap Factorie,"Alwarpet, Central Chennai", Central Chennai,Chennai,Fast Food,5,1,400
Hotel Saravana Bhavan,"Kodambakkam, West Chennai", West Chennai,Chennai,"South Indian,  North Indian,  Chinese",1,1,600
Rolls on Wheels,"Kilpauk, North Chennai", North Chennai,Chennai,Desserts,5,1,200
Lobby Lounge,"The Leela Palace,MRC Nagar, Central Chennai", Central Chennai,Chennai,"Coffee,  Tea",4.2,1,2000
Murugan Idli Shop,"Valasaravakkam, West Chennai", West Chennai,Chennai,South Indian,2.8,1,300
Cream Chemistry,"Besant Nagar, South Chennai", South Chennai,Chennai,"Desserts,  Ice Cream,  Shakes",4,1,300
Murugan Idli Shop,"Velachery, South West Chennai", South West Chennai,Chennai,South Indian,5,1,300
House of Candy,"VR Mall,Anna Nagar, North Chennai", North Chennai,Chennai,Desserts,1,1,300
Murugan Idli Shop,"Nanganallur, South West Chennai", South West Chennai,Chennai,South Indian,5,1,300
Hotel Saravana Bhavan,"Anna Salai, Central Chennai", Central Chennai,Chennai,"South Indian,  North Indian,  Chinese",1,1,600
Alien Stone,"Perungudi, South West Chennai", South West Chennai,Chennai,"Fast Food,  Drinks",4,1,800
Murugan Idli Shop,"Park Town, North Chennai", North Chennai,Chennai,South Indian,1,1,300
Murugan Idli Shop,"Ambattur, North Chennai", North Chennai,Chennai,South Indian,2.8,1,300
Dosa.in,"Maduravoyal, West Chennai", West Chennai,Chennai,South Indian,5,1,300
Madras Coffee House,"Velachery, South West Chennai", South West Chennai,Chennai,"Street Food,  Coffee,  Desserts",1,1,200
Cake Waves,"Pallavaram, South West Chennai", South West Chennai,Chennai,"Desserts,  Bakery and Confectionary,  Fast Food",1,1,400
Express By AB's,"Chromepet, South West Chennai", South West Chennai,Chennai,"North Indian,  Barbecue",5,1,700
Baskin Robbins,"The Marina Mall,Egattur, South West Chennai", South West Chennai,Chennai,"Desserts,  Ice Cream",1,1,300
Mr.Burger,"GST Road, South West Chennai", South West Chennai,Chennai,"Fast Food,  Burger",4,1,400
ECR Dhaba,"Muttukadu, South Chennai", South Chennai,Chennai,"North Indian,  Chinese,  Seafood",3,1,800
Dindigul Thalappakatti,"Padur, South West Chennai", South West Chennai,Chennai,"Multi-Cuisine,  North Indian,  Chinese,  South Indian,  Biryani",3,1,700
One Fine Day,"Necklace Road, Secunderabad", Secunderabad,Hyderabad,"Desserts,  Ice Cream,  Shakes",5,1,300
Cream Stone,"Khairatabad, Central Hyderabad", Central Hyderabad,Hyderabad,"Desserts,  Ice Cream,  Shakes",4,1,400
Indulge Ice Cream,"Sanai Plaza,Begumpet, Secunderabad", Secunderabad,Hyderabad,"Ice Cream,  Desserts",5,1,300
Almond House,"Banjara Hills, Central East Hyderabad", Central East Hyderabad,Hyderabad,"Mithai,  Street Food,  Desserts",5,1,500
Indulge Ice Cream,"Banjara Hills, Central East Hyderabad", Central East Hyderabad,Hyderabad,"Ice Cream,  Desserts",5,1,300
Southern Mirchi,"Banjara Hills, Central East Hyderabad", Central East Hyderabad,Hyderabad,"Chinese,  South Indian",4,1,1000
Harley's Fine Baking,"Ameerpet, Central East Hyderabad", Central East Hyderabad,Hyderabad,"Continental,  Desserts",5,1,500
China Express,"Terminal Drive In,Sindhi Colony, Secunderabad", Secunderabad,Hyderabad,Chinese,2,1,400
Almond House,"Banjara Hills, Central East Hyderabad", Central East Hyderabad,Hyderabad,"Mithai,  Desserts",5,1,500
Indulge Ice Cream,"Banjara Hills, Central East Hyderabad", Central East Hyderabad,Hyderabad,"Ice Cream,  Desserts,  Shakes",5,1,300
Petoo,"Ameerpet, Central East Hyderabad", Central East Hyderabad,Hyderabad,"Street Food,  Fast Food,  Chaat,  Biryani",1,1,600
Gappe Vappe,"SD Road, Secunderabad", Secunderabad,Hyderabad,"Street Food,  Fast Food",4,1,500
Grill 9,"SD Road, Secunderabad", Secunderabad,Hyderabad,"North Indian,  Arabian,  Chinese,  Lebanese",4,1,600
Makers Of Milkshakes,"Bowenpally, Secunderabad", Secunderabad,Hyderabad,"Shakes,  Waffle",5,1,400
Makers Of Milkshakes,"Kachiguda, Central Hyderabad", Central Hyderabad,Hyderabad,"Shakes,  Waffle",5,1,400
Lassi Hub,"Kachiguda, Central Hyderabad", Central Hyderabad,Hyderabad,"Drinks,  Fast Food",4,1,300
Temptations,"Begum Bazaar, South Hyderabad", South Hyderabad,Hyderabad,"Desserts,  Ice Cream,  Shakes,  Fast Food",4,1,600
The Pizza Hub,"Kachiguda, Central Hyderabad", Central Hyderabad,Hyderabad,"Fast Food,  Pizza",2,1,600
1989 Pizza & Thick Shake's,"Malakpet, South Hyderabad", South Hyderabad,Hyderabad,"Fast Food,  Pizza,  Italian",5,1,600
Makers Of Milkshakes,"Habsiguda, East Hyderabad", East Hyderabad,Hyderabad,"Shakes,  Waffle",5,1,400
Up Cup Cafe,"Madhapur, West Hyderabad", West Hyderabad,Hyderabad,"Continental,  Fast Food",5,1,600
Milkshake House,"Kukatpally, West Hyderabad", West Hyderabad,Hyderabad,Shakes,5,1,400
Paranthe Wali Gali,"Sainikpuri, Secunderabad", Secunderabad,Hyderabad,North Indian,5,1,600
Indulge Ice Cream,"Gachibowli, West Hyderabad", West Hyderabad,Hyderabad,"Ice Cream,  Desserts",4,1,300
Latitude,"Le Meridien Hyderabad,Gachibowli, West Hyderabad", West Hyderabad,Hyderabad,Coffee,5,1,800
Gappe Vappe,"Kukatpally, West Hyderabad", West Hyderabad,Hyderabad,"Street Food,  Fast Food",3,1,500
Beijing Bites,"Sarath City Capital Mall,Kondapur, West Hyderabad", West Hyderabad,Hyderabad,Chinese,4,1,400
Chef Baker's,"Gachibowli, West Hyderabad", West Hyderabad,Hyderabad,"Fast Food,  Desserts",4,1,600
Cafe 115,"Oakwood Residence Kapil Hyderabad,Gachibowli, West Hyderabad", West Hyderabad,Hyderabad,"Fast Food,  Bakery and Confectionary,  Desserts",5,1,500
CF Fresh 100,"Gachibowli, West Hyderabad", West Hyderabad,Hyderabad,Mexican,5,1,300
Madeline,"Kothrud, West Pune", West Pune,Pune,"Desserts,  Fast Food",4,1,900
Bhujbal Bandhu - Hotel Apulki,"Karve Nagar, West Pune", West Pune,Pune,Maharashtrian,4,1,600
Hotel Al Zaika,"Wadgaon Sheri, East Pune", East Pune,Pune,"North Indian,  Chinese,  Fast Food",5,1,400
Kothrud Bowl Company,"Karve Nagar, West Pune", West Pune,Pune,"North Indian,  Chinese,  Continental",2,1,400
Angaar,"Bavdhan, West Pune", West Pune,Pune,Mughlai,5,1,300
Daisy Dozen by AK,"Kharadi, East Pune", East Pune,Pune,"Bakery and Confectionary,  Desserts,  Fast Food",5,1,300
Dakshinayam,"Hadapsar, East Pune", East Pune,Pune,"North Indian,  South Indian",5,1,700
Bottle Baash,"The Elite Suites Hotel,Viman Nagar, East Pune", East Pune,Pune,"North Indian,  Finger Food,  Italian,  Asian",1,1,1500
Coffee All Day,"Shoppers Orbit,Vishrantwadi, East Pune", East Pune,Pune,"Fast Food,  Coffee,  Shakes",1,1,400
Pokket Cafe,"Thergaon, West Pune", West Pune,Pune,"Fast Food,  Tea",5,1,400
The Cake House N Cafe,"Katraj, South Pune", South Pune,Pune,Fast Food,1,1,500
Claypot - Kebab and Biryani,"Wakad, West Pune", West Pune,Pune,"North Indian,  Mughlai,  Biryani",1,1,900
Bistro Restaurants,"Ravet, West Pune", West Pune,Pune,"North Indian,  Chinese",5,1,1000
Smooky Valentino,"Bara Bazar, North Kolkata", North Kolkata,Kolkata,Fast Food,3,1,500
Wow! Momo,"Chinsurah, North Kolkata", North Kolkata,Kolkata,"Fast Food,  Tibetan",5,1,400
Cafe Stadia,"Beliaghata, East Kolkata", East Kolkata,Kolkata,"North Indian,  Oriental ,  Fast Food,  Continental",5,1,700
Sareens,"Salt Lake, East Kolkata", East Kolkata,Kolkata,"North Indian,  Mughlai",5,1,500
The Sugarr and Spice,"Salt Lake, East Kolkata", East Kolkata,Kolkata,"Desserts,  Bakery and Confectionary,  Fast Food",5,1,300
The Sugarr and Spice,"Salt Lake, East Kolkata", East Kolkata,Kolkata,"Desserts,  Bakery and Confectionary,  Fast Food",4,1,300
Food King,"Park Street, Central Kolkata", Central Kolkata,Kolkata,"Chinese,  Fast Food",4,1,300
Hotel Sawood International,"Topsia, East Kolkata", East Kolkata,Kolkata,"North Indian,  Chinese,  Mughlai,  Biryani",5,1,800
Ralli's,"Camac Street, Central Kolkata", Central Kolkata,Kolkata,"Street Food,  Shakes",5,1,200
National Hotel & Restaurant,"Howrah, Howrah", Howrah,Kolkata,"Mughlai,  Bengali",5,1,500
Fast Bite,"Topsia, East Kolkata", East Kolkata,Kolkata,"Mughlai,  Fast Food",5,1,300
Mouchak,"Park Circus, South Kolkata", South Kolkata,Kolkata,Mithai,5,1,200
Pool Cafe,"Howrah, Howrah", Howrah,Kolkata,"South Indian,  Fast Food,  North Indian,  Chinese",5,1,600
Arun Tea Stall,"Shakespeare Sarani, Central Kolkata", Central Kolkata,Kolkata,"Street Food,  Tea",4,1,300
Sai Jalpan Junction,"Lake Town, East Kolkata", East Kolkata,Kolkata,South Indian,3,1,200
Galouti,"Salt Lake, East Kolkata", East Kolkata,Kolkata,"North Indian,  Fast Food",1,1,500
Arun Tea Stall,"Park Street, Central Kolkata", Central Kolkata,Kolkata,"Street Food,  Tea",3,1,300
The Sugarr and Spice,"Dumdum, 24 Parganas North", 24 Parganas North,Kolkata,"Desserts,  Bakery and Confectionary,  Fast Food",4,1,300
Buzz,"Bhawanipur, South Kolkata", South Kolkata,Kolkata,"Chinese,  Tibetan",5,1,400
FNP Cakes ‘n’ more,"Elgin Road, South Kolkata", South Kolkata,Kolkata,"Desserts,  Bakery and Confectionary",3,1,500
The Yellow Straw,"Salt Lake, East Kolkata", East Kolkata,Kolkata,"Juice,  Shakes,  Fast Food",3,1,300
Raviz Indian Cuisine,"Bhawanipur, South Kolkata", South Kolkata,Kolkata,"North Indian,  Chinese,  Assamese",4,1,500
Brunch Italino,"Bhawanipur, South Kolkata", South Kolkata,Kolkata,"Desserts,  Bakery and Confectionary",4,1,200
La Trio Pizza,"Southern Avenue, South Kolkata", South Kolkata,Kolkata,"Italian,  Pizza,  Fast Food",5,1,600
Wow! Momo,"The Metro Plaza,Ho Chi Minh Sarani, Central Kolkata", Central Kolkata,Kolkata,"Fast Food,  Tibetan",1,1,400
Allen Kitchen-Saveurs De Calcutta,"Bhawanipur, South Kolkata", South Kolkata,Kolkata,Fast Food,5,1,500
Chiniz Qwizin,"Kidderpore, West Kolkata", West Kolkata,Kolkata,Chinese,5,1,800
Steamin Mugs,"Jodhpur Park, South Kolkata", South Kolkata,Kolkata,"Italian,  Chinese",5,1,600
Ralli's,"Golpark, South Kolkata", South Kolkata,Kolkata,"Street Food,  Shakes,  South Indian",3,1,200
Hungry Tide,"Hindustan Park, South Kolkata", South Kolkata,Kolkata,"Continental,  Italian,  Chinese",3,1,400
Indus Pizza,"Dumdum, 24 Parganas North", 24 Parganas North,Kolkata,"Italian,  Pizza",1,1,500
Subway,"City High Building,Prince Anwar Shah Road, South Kolkata", South Kolkata,Kolkata,"Health Food,  Fast Food",5,1,400
The Sugarr and Spice,"Hazra, South Kolkata", South Kolkata,Kolkata,"Desserts,  Bakery and Confectionary",1,1,300
Royal Bengal,"Holiday Inn Kolkata Airport,Rajarhat, 24 Parganas North", 24 Parganas North,Kolkata,"Desserts,  Bakery and Confectionary,  Fast Food",3,1,500
Wow! Momo,"Dumdum, 24 Parganas North", 24 Parganas North,Kolkata,"Fast Food,  Tibetan",5,1,400
The Sugarr and Spice,"Golpark, South Kolkata", South Kolkata,Kolkata,"Desserts,  Bakery and Confectionary",1,1,300
Krazy For Chocolates,"Acropolis Mall,Kasba, South Kolkata", South Kolkata,Kolkata,Desserts,1,1,300
Wow! Momo,"E.M Bypass, East Kolkata", East Kolkata,Kolkata,"Fast Food,  Tibetan",5,1,400
Bawarchi Fast Food,"Baghajatin, South Kolkata", South Kolkata,Kolkata,"North Indian,  Chinese,  Mughlai,  Seafood",5,1,600
Ming Dimsum and Pouchong Asian Products,"Kasba, South Kolkata", South Kolkata,Kolkata,"Chinese,  Tibetan",1,1,200
Bazaar,"Zone by The Park,New Town, 24 Parganas North", 24 Parganas North,Kolkata,"North Indian,  Chinese,  Continental,  Bengali",5,1,1300
King's Cafe,"Shibpur, Howrah", Howrah,Kolkata,Fast Food,1,1,400
Biriyani Bar,"New Town, 24 Parganas North", 24 Parganas North,Kolkata,"North Indian,  Chinese",1,1,500
Damn! Yumm!,"Dumdum, 24 Parganas North", 24 Parganas North,Kolkata,"Chinese,  Fast Food",2,1,500
Tezpata Restaurant,"New Town, 24 Parganas North", 24 Parganas North,Kolkata,Bengali,5,1,500
Blue Tokai Coffee Roasters,"Novotel Kolkata Hotel and Residencies,New Town, 24 Parganas North", 24 Parganas North,Kolkata,"Fast Food,  Coffee",1,1,800
Haji Ali,"Santoshpur, South Kolkata", South Kolkata,Kolkata,"Mughlai,  North Indian,  Chinese",4,1,600
West Light Vally Restaurant Cum Bar,"Calcutta Greens Commercial Complex,Santoshpur, South Kolkata", South Kolkata,Kolkata,"North Indian,  Chinese,  Continental",4,1,1500
The Sugarr and Spice,"Baghajatin, South Kolkata", South Kolkata,Kolkata,"Desserts,  Bakery and Confectionary",5,1,300
The Sugarr and Spice,"Prince Anwar Shah Road, South Kolkata", South Kolkata,Kolkata,"Desserts,  Bakery and Confectionary",1,1,300
All Is Well,"Belgharia, 24 Parganas North", 24 Parganas North,Kolkata,"Chinese,  Fast Food,  North Indian",1,1,500
Food O Holic,"Rajarhat, 24 Parganas North", 24 Parganas North,Kolkata,"North Indian,  Fast Food,  Chinese",1,1,500
Bake Club,"Jadavpur, South Kolkata", South Kolkata,Kolkata,Bakery and Confectionary,1,1,100
The Sugarr and Spice,"Garia, South Kolkata", South Kolkata,Kolkata,"Desserts,  Bakery and Confectionary",1,1,300
Monginis,"Ajoy Nagar, South Kolkata", South Kolkata,Kolkata,"Desserts,  Bakery and Confectionary,  Fast Food",1,1,200
Wow! China by Wow! Momo,"Behala, South Kolkata", South Kolkata,Kolkata,"Fast Food,  Tibetan",4,1,400
Igloo Cafe & Ice Cream Parlour,"Behala, South Kolkata", South Kolkata,Kolkata,"Desserts,  Ice Cream,  Fast Food",3,1,500
Wow! Momo,"Garia, South Kolkata", South Kolkata,Kolkata,"Fast Food,  Tibetan",5,1,400
The Sugarr and Spice,"Naktala, South Kolkata", South Kolkata,Kolkata,"Desserts,  Bakery and Confectionary",4,1,300
The Chennai Dhaba,"Baghajatin, South Kolkata", South Kolkata,Kolkata,South Indian,1,1,300
Olive Grill,"Garia, South Kolkata", South Kolkata,Kolkata,"North Indian,  Chinese,  Fast Food",5,1,300
The Chennai Dhaba,"Baghajatin, South Kolkata", South Kolkata,Kolkata,South Indian,1,1,300
Sweet Chilliz,"Garia, South Kolkata", South Kolkata,Kolkata,"Fast Food,  Desserts",5,1,300
Wow! Momo,"New Town, 24 Parganas North", 24 Parganas North,Kolkata,"Fast Food,  Tibetan",1,1,400
7/12 Fried Ice Cream Parlour,"Narendrapur, 24 Parganas South", 24 Parganas South,Mumbai,"Desserts,  Ice Cream",3,1,400
Wow! Momo,"Hooghly, North Kolkata", North Kolkata,Kolkata,"Fast Food,  Tibetan",1,1,400
Punjab Restaurant And Madras Tiffin,"Barrackpore, 24 Parganas North", 24 Parganas North,Kolkata,"North Indian,  Chinese,  South Indian",5,1,500
Wow! Momo,"Shyamnagar, 24 Parganas North", 24 Parganas North,Kolkata,"Fast Food,  Tibetan",1,1,400
Hocco Eatery,"Gulbai Tekra, West Ahmedabad", West Ahmedabad,Ahmedabad,"Fast Food,  Shakes,  Desserts,  Ice Cream,  Pizza",5,1,600
Falafel Express,"Navrangpura, West Ahmedabad", West Ahmedabad,Ahmedabad,"Fast Food,  Italian,  Mediterranean",5,1,600
Pabrai's Fresh And Naturelle,"Chinmay Crystal Tower,Vastrapur, West Ahmedabad", West Ahmedabad,Ahmedabad,"Desserts,  Ice Cream,  Shakes",5,1,400
Coriander Restaurant,"Cosmopolitan Hotel,Navrangpura, West Ahmedabad", West Ahmedabad,Ahmedabad,"North Indian,  Chinese,  Continental,  South Indian",5,1,1200
Gwalia Sweets,"Navrangpura, West Ahmedabad", West Ahmedabad,Ahmedabad,"Mithai,  Street Food,  Chaat",5,1,500
Vadilal Scoop Shop,"Paldi, Central Ahmedabad", Central Ahmedabad,Ahmedabad,"Ice Cream,  Desserts",5,1,300
Kabhi B,"Ratnadeep Complex,Satellite, West Ahmedabad", West Ahmedabad,Ahmedabad,"Desserts,  Bakery and Confectionary,  Fast Food",5,1,200
Kabhi B,"Shilp Corner,Memnagar, West Ahmedabad", West Ahmedabad,Ahmedabad,"Desserts,  Bakery and Confectionary,  Fast Food",5,1,200
Hugs with Mugs,"Thaltej, West Ahmedabad", West Ahmedabad,Ahmedabad,"Fast Food,  Pizza,  Italian,  Chinese",5,1,600
Sam's Pizza,"Bodakdev, West Ahmedabad", West Ahmedabad,Ahmedabad,"Pizza,  Italian,  Desserts",5,1,600
The Chocolate Room,"Bodakdev, West Ahmedabad", West Ahmedabad,Ahmedabad,"Desserts,  Coffee,  Ice Cream,  Fast Food,  Shakes",5,1,500
Gwalia Baklawa,"Bodakdev, West Ahmedabad", West Ahmedabad,Ahmedabad,"Continental,  Mithai,  Bakery and Confectionary",5,1,500
Gwalia Sweets,"Maple Trade Center,Thaltej, West Ahmedabad", West Ahmedabad,Ahmedabad,"Mithai,  North Indian,  Chinese,  Street Food",4,1,500
Grubian,"Juhapura, West Ahmedabad", West Ahmedabad,Ahmedabad,North Indian,4,1,600
Latte@Work,"Courtyard by Marriott,Bodakdev, West Ahmedabad", West Ahmedabad,Ahmedabad,"Juice,  Shakes",5,1,500
Mirch Masala,"Ashram Road, Central Ahmedabad", Central Ahmedabad,Ahmedabad,"North Indian,  Mughlai",5,1,800
Gwalia Sweets,"Kalupur, Central Ahmedabad", Central Ahmedabad,Ahmedabad,Mithai,4,1,500
Gwalia Sweets,"Shahibaug, North Ahmedabad", North Ahmedabad,Ahmedabad,"Mithai,  Street Food,  Chaat",5,1,500
The Shake Maker,"Sola, North Ahmedabad", North Ahmedabad,Ahmedabad,"Fast Food,  Shakes",5,1,500
The Shake Maker,"Shahibaug, North Ahmedabad", North Ahmedabad,Ahmedabad,"Desserts,  Shakes,  Coffee",5,1,500
Gwalia Sweets,"Maninagar, East Ahmedabad", East Ahmedabad,Ahmedabad,"Mithai,  Street Food,  Fast Food",5,1,500
Bawarchee,"Bodakdev, West Ahmedabad", West Ahmedabad,Ahmedabad,"North Indian,  Italian,  Continental",1,1,1600
The Shake Maker,"Marigold Complex,Bopal, West Ahmedabad", West Ahmedabad,Ahmedabad,"Desserts,  Shakes,  Fast Food",5,1,400
Subway,"Vrundavan Heights,Gota, North Ahmedabad", North Ahmedabad,Ahmedabad,Health Food,5,1,500
Kabhi B,"Sobo Centre,Bopal, West Ahmedabad", West Ahmedabad,Ahmedabad,"Desserts,  Bakery and Confectionary,  Fast Food",1,1,200
Kabhi B,"Sukh Sagar Complex,Bapunagar, East Ahmedabad", East Ahmedabad,Ahmedabad,"Desserts,  Bakery and Confectionary,  Fast Food",1,1,200
Vadilal- Hangout,"Bopal, West Ahmedabad", West Ahmedabad,Ahmedabad,"Desserts,  Ice Cream,  Fast Food",1,1,250
7 Square Restaurant,"Amraiwadi, South Ahmedabad", South Ahmedabad,Ahmedabad,"North Indian,  Chinese",5,1,800
Sam's Pizza,"Vastral, East Ahmedabad", East Ahmedabad,Ahmedabad,"Pizza,  Italian",5,1,600
Hotel Darshan,"Naroda, North Ahmedabad", North Ahmedabad,Ahmedabad,"North Indian,  Chinese,  Indian Cuisine",5,1,700
The Shake Maker,"Gandhinagar, North Ahmedabad", North Ahmedabad,Ahmedabad,"Desserts,  Shakes,  Fast Food",5,1,400
Subway,"Sector 19, East Chandigarh", East Chandigarh,Chandigarh,Health Food,5,1,500
Saroor Bar,"Jullundur Hotel,Sector 22, Central Chandigarh", Central Chandigarh,Chandigarh,"North Indian,  Chinese,  Continental",4,1,1400
Monica's Puddings and Pies,"Sector 8, East Chandigarh", East Chandigarh,Chandigarh,"Bakery and Confectionary,  Fast Food",5,1,500
Alvin Pizza,"Sector 21, Central Chandigarh", Central Chandigarh,Chandigarh,"Fast Food,  Pizza,  Italian",5,1,300
Subway,"Sector 11, North Chandigarh", North Chandigarh,Chandigarh,Health Food,4,1,500
Illusion,"Sector 7, East Chandigarh", East Chandigarh,Chandigarh,"Multi-Cuisine,  North Indian,  Chinese,  Continental,  Mexican,  American",4,1,700
Pizza Freakerz,"Sector 36, West Chandigarh", West Chandigarh,Chandigarh,"Fast Food,  Pizza,  Italian",5,1,500
Guru Nanak Sweets,"Sector 37, West Chandigarh", West Chandigarh,Chandigarh,"North Indian,  Fast Food,  Mithai",5,1,250
Mamagoto,"Elante Mall,Industrial Area Phase 1, South Chandigarh", South Chandigarh,Chandigarh,"Asian,  Chinese,  Thai,  Japanese",5,1,1500
The Gaur,"Sector 43, West Chandigarh", West Chandigarh,Chandigarh,"North Indian,  Chinese,  Continental",5,1,1400
Anna Dosa,"Naya Gaon, North Chandigarh", North Chandigarh,Chandigarh,South Indian,5,1,200
Bhatia 2 Sweets & Bakers,"Sector 40, West Chandigarh", West Chandigarh,Chandigarh,"North Indian,  Mithai,  South Indian",5,1,900
Pizza Freakerz,"Sector 46, South Chandigarh", South Chandigarh,Chandigarh,"Fast Food,  Pizza",5,1,500
The Chandigarh Kitchen,"Sector 46, South Chandigarh", South Chandigarh,Chandigarh,"North Indian,  Chinese,  Fast Food",1,1,900
Mom Baker's,"Sector 46, South Chandigarh", South Chandigarh,Chandigarh,"Fast Food,  Shakes",4,1,400
Burger Point,"Sector 46, South Chandigarh", South Chandigarh,Chandigarh,"Fast Food,  Burger",3,1,400
Hotel Daawat,"Phase 5, Mohali", Mohali,Chandigarh,"North Indian,  Chinese,  Continental",5,1,1000
SuperYum,"Phase 10, Mohali", Mohali,Chandigarh,"Fast Food,  Shakes",5,1,600
Subway,"Sector 70, Mohali", Mohali,Chandigarh,Health Food,5,1,500
Bada Saab's,"Phase 3, Mohali", Mohali,Chandigarh,"North Indian,  Chinese",1,1,800
The Cafe 24x7,"Regenta Almeida Zirakpur,Chandigarh Road, Zirakpur", Zirakpur,Chandigarh,"Fast Food,  Italian,  Continental",4,1,1000
Dominic Pizza,"Sector 5, Panchkula", Panchkula,Chandigarh,"Italian,  Fast Food",4,1,500
JD's Cafe,"Sector 5, Panchkula", Panchkula,Chandigarh,Fast Food,4,1,400
Bar-O-Bar,"Country Inn And Suites by Radisson Zirakpur,Ambala Road, Zirakpur", Zirakpur,Chandigarh,Finger Food,2,1,1800
Baba Chicken,"Kharar road, Mohali", Mohali,Chandigarh,"North Indian,  Chinese",5,1,800
Downtown Bar & Restaurant,"Kharar road, Mohali", Mohali,Chandigarh,"North Indian,  Chinese",3,1,1000
Nutty Waffle,"VIP Road, Zirakpur", Zirakpur,Chandigarh,"Desserts,  Fast Food",5,1,700
Katani Dhaba,"VIP Road, Zirakpur", Zirakpur,Chandigarh,"North Indian,  Chinese,  South Indian",4,1,500
Subway,"Shivalik Plaza,Kharar road, Mohali", Mohali,Chandigarh,Health Food,1,1,500
Gazebo,"The Lalit Golf & Spa Resort,Canacona, South Goa", South Goa,Goa,Finger Food,1.8,1,2700
Charlie Chang's,"Porvorim, North Goa", North Goa,Goa,"Chinese,  Seafood",5,1,700
O Goa,"Hotel Fidalgo,Panjim, North Goa", North Goa,Goa,"Seafood,  Goan",2.2,1,1500
Sunken Bar,"Candolim, North Goa", North Goa,Goa,Finger Food,3.7,1,2000
Olive Culture,"Gopalbari, North Jaipur", North Jaipur,Jaipur,Middle Eastern,5,1,500
Tamarind,"Shakun Hotels and Resorts,C Scheme, Central Jaipur", Central Jaipur,Jaipur,"North Indian,  Italian,  Asian,  Rajasthani",5,1,2000
Vetiver - Shakun Hotels Resorts,"Shakun Hotels and Resorts,C Scheme, Central Jaipur", Central Jaipur,Jaipur,Finger Food,4,1,2000
Jazz Club,"Mirza Ismail Road, West Jaipur", West Jaipur,Jaipur,"North Indian,  Italian",5,1,900
Jaigarh Kitchen,"C Scheme, Central Jaipur", Central Jaipur,Jaipur,"North Indian,  Fast Food",5,1,700
Tasty Vibes,"Raja Park, East Jaipur", East Jaipur,Jaipur,"North Indian,  Chinese,  South Indian,  Fast Food",5,1,500
Hopnbite Cafe And Kitchen,"Chitrakoot, West Jaipur", West Jaipur,Jaipur,"Italian,  Fast Food",5,1,600
The Rustic Spot Cafe,"Mansarovar, South Jaipur", South Jaipur,Jaipur,"Multi-Cuisine,  North Indian,  Italian,  Chinese,  Fast Food",5,1,500
De Thali,"Raja Park, East Jaipur", East Jaipur,Jaipur,North Indian,1,1,700
Rainbow Restaurant,"Amer Road, North Jaipur", North Jaipur,Jaipur,"North Indian,  Chinese,  Continental",5,1,800
Crystal Multicusine Restaurant,"Raja Park, East Jaipur", East Jaipur,Jaipur,"North Indian,  Chinese,  Continental",1,1,500
West 56,"Radisson Blu Jaipur,Durgapura, South Jaipur", South Jaipur,Jaipur,Finger Food,5,1,1600
Club Regio By Asteria,"Jaipur Central Mall,Tonk Road, South Jaipur", South Jaipur,Jaipur,"North Indian,  Continental,  Italian",1,1,2100
Tanatan,"Hazratganj, Central Lucknow", Central Lucknow,Lucknow,"North Indian,  Mughlai",5,1,1600
Khana Khazana,"Charbagh, Central Lucknow", Central Lucknow,Lucknow,North Indian,5,1,500
IM Groot,"Hazratganj, Central Lucknow", Central Lucknow,Lucknow,"Chinese,  Bakery and Confectionary,  Fast Food",5,1,600
"Acacia - Biryani, Kebabs, Wraps & Curries","Gomti Nagar, East Lucknow", East Lucknow,Lucknow,"North Indian,  Fast Food",5,1,500
The Deli,"Hotel Novotel Lucknow,Gomti Nagar, East Lucknow", East Lucknow,Lucknow,"Desserts,  Bakery and Confectionary,  Fast Food",4,1,800
Food Paradise,"Aliganj, North Lucknow", North Lucknow,Lucknow,"North Indian,  Chinese,  Fast Food",1,1,700
Pepperz,"Scorpio Club,Aliganj, North Lucknow", North Lucknow,Lucknow,"North Indian,  Chinese,  Fast Food",5,1,2100
Gyani's Kafe,"Bhanwar Kuan, South Indore", South Indore,Indore,Fast Food,4,1,500
The Voodoo Bar and Lounge,"Treasure Island Next Mall,South Tukoganj, East Indore", East Indore,Indore,"North Indian,  Chinese",5,1,1900
Tea Post,"Vijay Nagar, East Indore", East Indore,Indore,"Fast Food,  Tea",5,1,300
The Pantry Project,"New Palasia, Central Indore", Central Indore,Indore,"Italian,  Chinese,  Mexican,  Desserts",5,1,600
Chakhna Cafe,"Shekhar Central,Old Palasia, Central Indore", Central Indore,Indore,"Fast Food,  North Indian,  Chinese",5,1,500
Brix & Barrels,"Bhanwar Kuan, South Indore", South Indore,Indore,"North Indian,  Continental,  Mughlai",1,1,1500
Tealogy,"Old Palasia, Central Indore", Central Indore,Indore,"Fast Food,  Tea",5,1,300
Moonshine Restaurant,"Hotel Regal Regency,Vijay Nagar, East Indore", East Indore,Indore,"North Indian,  Mughlai,  Fast Food",4,1,800
Taste Of Town,"Vijay Nagar, East Indore", East Indore,Indore,Fast Food,1,1,400
Mama's Kitchen,"Indore By Pass Road, East Indore", East Indore,Indore,North Indian,5,1,700
10 Eleven Cafe,"Bicholi Mardana, West Indore", West Indore,Indore,"North Indian,  Fast Food",1,1,300
The Farmhouse Cafe,"Shakti Nagar, Central Udaipur", Central Udaipur,Udaipur,"Italian,  Chinese",5,1,1000
Z 27 By Cafe Lakecity,"Radhe Plaza,Shobhagpura, West Udaipur", West Udaipur,Udaipur,"Fast Food,  Italian",3,1,500
Oko,"Fateh Sagar, West Udaipur", West Udaipur,Udaipur,Asian,5,1,1000
Jannat Rooftop Bar at Hilltop,"Fateh Sagar, West Udaipur", West Udaipur,Udaipur,North Indian,5,1,1400
Zest by Amantra Shilpi,"Amantra Shilpi Resort,Fateh Sagar, West Udaipur", West Udaipur,Udaipur,"North Indian,  Continental",1,1,1200
Healthmafia,"Civil Lines, North Agra", North Agra,Agra,Health Food,5,1,200
Hotel S.R Palace & Restaurant,"Sikandra, North Agra", North Agra,Agra,"North Indian,  Chinese",5,1,400
Desi Tadka Restaurant,"Lohamandi, West Agra", West Agra,Agra,"North Indian,  Chinese,  Continental,  South Indian",5,1,500
Bindani Ki Rasoi,"Kamla Nagar, North Agra", North Agra,Agra,"North Indian,  South Indian,  Rajasthani",5,1,800
Grill Inn,"Dayal Bagh, North Agra", North Agra,Agra,"Italian,  Fast Food",3,1,600
The Restaurant,"Trident  Hotel Agra,Tajganj, East Agra", East Agra,Agra,"North Indian,  Chinese,  Continental",5,1,2000
Tapas,"Jaypee Palace Hotel & Convention Centre,Tajganj, East Agra", East Agra,Agra,Finger Food,5,1,3200
Pavilion Café,"Jaypee Palace Hotel & Convention Centre,Tajganj, East Agra", East Agra,Agra,"North Indian,  Continental",1,1,3100
The Wok Box,"Alkapuri, Central Vadodara", Central Vadodara,Vadodara,Chinese,5,1,500
Tea Post,"Subhanpura, Central Vadodara", Central Vadodara,Vadodara,"Fast Food,  Tea",5,1,300
Wat-a-Burger!,"Benison Commercial Complex,Diwalipura, West Vadodara", West Vadodara,Vadodara,"Fast Food,  Burger",5,1,400
Froozo,"Trivia Mall,Vadiwadi, Central Vadodara", Central Vadodara,Vadodara,"Fast Food,  Waffle,  Desserts",5,1,700
Havmor Restaurant,"Sayajiganj, Central Vadodara", Central Vadodara,Vadodara,"North Indian,  Chinese,  Fast Food",5,1,1100
Tea Post,"Akota, Central Vadodara", Central Vadodara,Vadodara,"Fast Food,  Tea",5,1,300
Times Cafe,"Fatehgunj, North Vadodara", North Vadodara,Vadodara,Fast Food,4,1,400
Times Cafe,"Akota, Central Vadodara", Central Vadodara,Vadodara,"Fast Food,  Coffee",5,1,400
Zaika Restaurant,"Diwalipura, West Vadodara", West Vadodara,Vadodara,"North Indian,  Chinese",5,1,700
Fich - Fruit Ice Cream Hunt,"Waghodia, East Vadodara", East Vadodara,Vadodara,"Desserts,  Ice Cream,  Shakes",5,1,300
Cafe Hidden Place,"Sayajiganj, Central Vadodara", Central Vadodara,Vadodara,Fast Food,1,1,300
Chaibugs,"Akota, Central Vadodara", Central Vadodara,Vadodara,"Italian,  Fast Food",3,1,500
Honeybee Cake Shop,"Fatehgunj, North Vadodara", North Vadodara,Vadodara,"Desserts,  Bakery and Confectionary",5,1,600
Neopolitan Lounge,"Gotri, West Vadodara", West Vadodara,Vadodara,"Italian,  Pizza",5,1,900
Chatoree,"Manjalpur, South Vadodara", South Vadodara,Vadodara,"Street Food,  Fast Food",5,1,400
Spiicy Biites,"Kendranagar, East Vadodara", East Vadodara,Vadodara,"Chinese,  Pizza",5,1,400
Cafe 3' Trio,"Kendranagar, East Vadodara", East Vadodara,Vadodara,"Fast Food,  Italian",3,1,300
Keshav Kutir Restaurant,"Suryanagar, East Vadodara", East Vadodara,Vadodara,North Indian,1,1,600
High Steak,"Ramdaspeth, West Nagpur", West Nagpur,Nagpur,North Indian,5,1,800
Uptown501,"Dharampeth, West Nagpur", West Nagpur,Nagpur,"North Indian,  Chinese,  Fast Food",5,1,1000
Club 9912,"Zero Degree,Hingna T Point, South Nagpur", South Nagpur,Nagpur,"North Indian,  Chinese,  Continental",5,1,1500
Longitude,"Le Méridien Nagpur,Wardha Road, South Nagpur", South Nagpur,Nagpur,Finger Food,5,1,2000
Roof Zero,"Zero Degree,Hingna T Point, South Nagpur", South Nagpur,Nagpur,"North Indian,  Chinese,  Continental",1,1,2200
Enjoy,"Rajhans Cinemas,Piplod, South Surat", South Surat,Surat,"North Indian,  Chinese",3,1,1000
Shree Nav Durga Sandwiches,"Katargam, North Surat", North Surat,Surat,Fast Food,5,1,500
Skylounge - By V2V,"Hotel V2V,Samrala Chowk, East Ludhiana", East Ludhiana,Ludhiana,"Multi-Cuisine,  North Indian,  Italian,  Chinese,  Continental,  Oriental ",4,1,800
Basant Ice Cream Cafe & Foods,"Sarabha Nagar, West Ludhiana", West Ludhiana,Ludhiana,"Chinese,  North Indian,  Ice Cream",5,1,900
Karim's,"Sarabha Nagar, West Ludhiana", West Ludhiana,Ludhiana,Mughlai,5,1,1400
Silver Leaf,"Hotel Imperial Executive ,Pakhowal Road, South Ludhiana", South Ludhiana,Ludhiana,"North Indian,  Chinese",3,1,1300
The Crispy Hawkers,"BRS Nagar, West Ludhiana", West Ludhiana,Ludhiana,Fast Food,5,1,300
Roli Poli,"PAU, Central Ludhiana", Central Ludhiana,Ludhiana,Fast Food,3,1,600
The Biker's Sky Lounge Cafe,"Sarabha Nagar, West Ludhiana", West Ludhiana,Ludhiana,North Indian,1,1,800
Hungry Point,"PAU, Central Ludhiana", Central Ludhiana,Ludhiana,"Fast Food,  Pizza,  Italian",1,1,500
3 K Resorts,"BRS Nagar, West Ludhiana", West Ludhiana,Ludhiana,North Indian,1,1,1100
